TP_FG_J0,TP_FG_J01,TP_FG_J02,TP_FG_J03,TP_FG_J04,TP_FG_J05,TP_FG_J06,TP_FG_J07,TP_FG_J08,TP_FG_J09,TP_FG_J10,TP_FG_J11,TP_FG_J12,date,TP_FG_J011,TP_FG_J012,TP_FG_J021,TP_FG_J022,TP_FG_J031,TP_FG_J032,TP_FG_J041,TP_FG_J043,TP_FG_J044,TP_FG_J045,TP_FG_J051,TP_FG_J052,TP_FG_J053,TP_FG_J054,TP_FG_J055,TP_FG_J056,TP_FG_J061,TP_FG_J062,TP_FG_J063,TP_FG_J071,TP_FG_J072,TP_FG_J073,TP_FG_J081,TP_FG_J082,TP_FG_J083,TP_FG_J091,TP_FG_J092,TP_FG_J093,TP_FG_J094,TP_FG_J095,TP_FG_J096,TP_FG_J101,TP_FG_J102,TP_FG_J104,TP_FG_J105,TP_FG_J111,TP_FG_J112,TP_FG_J121,TP_FG_J123,TP_FG_J124,TP_FG_J125,TP_FG_J126,TP_FG_J127,TP_FE_OKTG01,TP_FE_OKTG02,TP_FE_OKTG03,TP_FE_OKTG04,TP_FE_OKTG05,TP_FE_OKTG27,TP_FE_OKTG28,overnight_borrowing,ipi,usdtry,commodity_index,inf_TP_FG_J0,inf_TP_FG_J01,inf_TP_FG_J02,inf_TP_FG_J03,inf_TP_FG_J04,inf_TP_FG_J05,inf_TP_FG_J06,inf_TP_FG_J07,inf_TP_FG_J08,inf_TP_FG_J09,inf_TP_FG_J10,inf_TP_FG_J11,inf_TP_FG_J12,inf_TP_FG_J011,inf_TP_FG_J012,inf_TP_FG_J021,inf_TP_FG_J022,inf_TP_FG_J031,inf_TP_FG_J032,inf_TP_FG_J041,inf_TP_FG_J043,inf_TP_FG_J044,inf_TP_FG_J045,inf_TP_FG_J051,inf_TP_FG_J052,inf_TP_FG_J053,inf_TP_FG_J054,inf_TP_FG_J055,inf_TP_FG_J056,inf_TP_FG_J061,inf_TP_FG_J062,inf_TP_FG_J063,inf_TP_FG_J071,inf_TP_FG_J072,inf_TP_FG_J073,inf_TP_FG_J081,inf_TP_FG_J082,inf_TP_FG_J083,inf_TP_FG_J091,inf_TP_FG_J092,inf_TP_FG_J093,inf_TP_FG_J094,inf_TP_FG_J095,inf_TP_FG_J096,inf_TP_FG_J101,inf_TP_FG_J102,inf_TP_FG_J104,inf_TP_FG_J105,inf_TP_FG_J111,inf_TP_FG_J112,inf_TP_FG_J121,inf_TP_FG_J123,inf_TP_FG_J124,inf_TP_FG_J125,inf_TP_FG_J126,inf_TP_FG_J127,d_usdtry,d_commodity,log_ipi,output_gap,F_iner,F_imp
94.77,93.6,89.83,95.24,96.79,95.77,91.91,94.61,96.09,97.31,92.9,93.36,98.77,2003-01-01,93.43,95.87,91.52,89.7,95.41,94.75,92.17,97.15,92.9,100.11,95.34,96.33,96.11,95.9,96.96,95.7,99.72,83.69,90.12,94.26,98.15,91.14,94.12,105.72,95.14,102.96,96.61,96.71,94.19,94.58,97.46,92.34,92.0,93.61,96.3,93.01,93.8,95.01,102.58,90.84,98.87,100.0,94.72,94.77,94.88,94.46,94.47,95.4,95.01,95.04,44.0,34.8090356,1.65583568,65.15136301174422,,,,,,,,,,,,,,,,,,,,,,,,,,,,,,,,,,,,,,,,,,,,,,,,,,,,,,,,,,,3.5498769967570034,3.867324176115794,,
96.23,96.24,90.53,93.66,97.65,96.62,95.71,97.8,96.09,97.24,92.9,95.37,99.3,2003-02-01,96.25,96.04,91.93,90.42,93.4,94.41,93.13,97.47,94.24,100.85,95.76,96.73,97.79,96.79,97.21,96.63,99.75,91.48,94.73,97.78,102.53,92.84,94.12,105.72,95.14,100.65,96.51,96.79,96.19,94.76,97.41,92.34,92.0,93.61,96.34,95.3,95.46,96.21,102.6,91.72,98.87,100.0,94.89,96.23,96.06,95.23,95.24,96.35,96.51,96.71,44.0,33.80371296,1.62323088,70.22748280671436,1.5288255886205526,2.7814688182877134,0.7762292246233038,-1.672881786326652,0.8845974161690862,0.8836275592732257,4.051294883779644,3.3161398324418556,0.0,-0.07196093859755948,0.0,2.1301075612520926,0.5351656131090898,2.9736480363029116,0.17716642641474323,0.4469890244175545,0.799471280170927,-2.129204952895769,-0.35948442181101825,1.0361668527993473,0.3288462525669722,1.4321074083483154,0.7364682968828973,0.439561147303813,0.4143795424924157,1.7328953488990884,0.9237701271604948,0.2575064511973757,0.9670953552308958,0.030079711461539205,8.90008731097982,4.9888624323399355,3.6663135654914747,4.365851795953013,1.848079557049953,0.0,0.0,0.0,-2.2691411202070633,-0.10356256103740691,0.08268734321257298,2.1011383329797795,0.1901342074854817,-0.05131626324956784,0.0,0.0,0.0,0.04152823979950426,2.4322796405781055,1.7542455565571657,1.255115315451505,0.0194950775546765,0.9640740752345778,0.0,0.0,0.17931548499721117,-1.9887290488259601,7.502650290760027,3.52057064734338,0.05476662789583031,-1.023590370553024,0.734967413684297
98.12,100.96,90.55,93.28,98.29,97.07,98.83,99.02,98.38,97.61,92.91,96.03,99.7,2003-03-01,101.29,96.26,92.19,90.42,92.89,94.4,93.92,97.8,96.07,101.08,95.89,97.14,97.49,97.64,97.4,97.8,99.76,98.17,97.41,98.61,104.47,93.59,94.12,106.19,97.61,101.22,96.78,97.16,96.38,95.38,97.59,92.34,92.0,93.61,96.39,96.32,95.67,97.18,101.88,96.09,98.87,100.0,100.44,98.12,97.06,96.12,96.01,97.21,98.49,98.85,44.0,34.3502572,1.65538671,65.78083000610926,1.9450060021979354,4.78793271264788,0.02208968420740476,-0.40654811532139234,0.6532635255849684,0.46466085978744687,3.207841618027718,1.239727289250503,2.3552279078017158,0.3797797738951836,0.010763683342762675,0.6896579059060493,0.4020105916665351,5.103871653081171,0.2288092521910201,0.2824246934840069,0.0,-0.5475347835367295,-0.010592659296992935,0.8446989546220252,0.3379938691653095,1.923237251837051,0.22780181197727956,0.135663991587176,0.42296447231429113,-0.30725136830032085,0.8743562363761725,0.19526238155114228,1.20353250295544,0.010024560180799114,7.058030054984954,2.789813489542148,0.8452619193738187,1.8744510167416628,0.8045958762928684,0.0,0.44358526796663966,2.5630456182738293,0.5647213700131104,0.2793731446128156,0.38154209729741595,0.19733090476625748,0.6521533579493699,0.18461543705052819,0.0,0.0,0.0,0.05188605938020174,1.0646170900353802,0.21974581123256343,1.0031626604583899,-0.7042282625413065,4.6544794299473224,0.0,0.0,5.6842208303717,1.961610966748023,-6.5411268800380284,3.5366095062676917,0.7764613492899031,-0.9248064182337116,0.26294541356456125
99.09,102.39,90.58,96.99,98.57,98.12,99.92,100.27,98.38,98.21,92.92,96.56,97.96,2003-04-01,102.78,96.98,92.76,90.42,96.69,97.83,95.11,98.37,97.7,100.46,96.66,97.59,99.22,98.13,97.77,99.05,101.88,98.4,97.41,102.7,102.65,95.97,94.12,106.19,97.61,102.51,97.04,97.7,97.32,95.56,97.83,92.34,92.0,93.61,96.6,97.0,96.01,98.04,97.57,96.67,99.1,100.0,100.61,99.09,97.84,97.68,97.49,98.22,99.5,99.88,41.0,33.32183854,1.62719648,61.88518552740622,0.9837308680519463,1.4064652793822852,0.033125379864529236,3.90021578032691,0.28446630988092636,1.0758851666153646,1.0968663429229863,1.2544697602557164,0.0,0.6128095982808723,0.010762524898755288,0.5503934139394318,-1.7606444883825567,1.460309186537767,0.7451907802242808,0.6163847576828196,0.0,4.009398709602685,3.5690205317882473,1.2590760414507685,0.5811302483894387,1.6824466627090473,-0.6152644198095025,0.7997965251347772,0.46217922357705277,1.7589798231722575,0.5005884693642493,0.37915708690903216,1.270019610378803,2.10283487394749,0.23401343537772235,0.0,4.063944059027502,-1.7574805384474423,2.5112102460370878,0.0,0.0,0.0,1.2663989009378263,0.2682903270621928,0.5542454914765571,0.97058067031357,0.18854095875306953,0.24562493159683285,0.0,0.0,0.0,0.21762794225956839,0.703499694287224,0.35475830194569014,0.8810629682154847,-4.322558099139684,0.6017864187337629,0.23235854269003653,0.0,0.1691122014574553,-1.7176060081172173,-6.104763666544155,3.5062129940476856,-3.1459219753447343,-1.1412644460426664,-0.9873191128810577
100.04,103.37,90.61,100.37,99.69,99.02,100.63,100.88,98.15,98.27,92.96,97.43,98.35,2003-05-01,103.73,98.29,93.1,90.42,100.51,99.97,96.58,99.15,98.94,101.44,97.98,98.38,99.9,98.89,98.37,99.78,101.91,100.05,97.49,102.86,100.3,100.02,94.12,103.61,97.61,101.98,97.22,98.25,98.05,95.66,97.75,92.34,92.06,93.61,97.02,97.78,96.98,99.02,97.53,96.94,99.13,100.0,100.63,100.04,98.75,98.97,98.8,99.28,100.5,100.7,41.0,33.34882405,1.49037743,63.06384371406601,0.9541577938610324,0.9525732993668434,0.03311441059015152,3.425547742025792,1.1298415357265057,0.9130630542988349,0.7080558127920078,0.6065144120830368,-0.2340610644723462,0.06107492046529828,0.04303852013922693,0.8969594647973977,0.39733127511016875,0.9200587879653277,1.3417520901332303,0.36586718956899134,0.0,3.8747240541192163,2.163886250975189,1.533756395110153,0.7897975441139238,1.2612046750825279,0.9707852367016656,1.3563709793491086,0.8062502213824096,0.6830078781605131,0.7714991063497934,0.6118098007086736,0.7342989288331658,0.02944207293467116,1.6629256971534723,0.0820933858316053,0.15567234122570994,-2.3159448497052537,4.13345233612219,0.0,-2.4596092152093796,0.0,-0.5183639168300225,0.18531869815143764,0.5613691700633083,0.7473034727032868,0.10459157945419406,-0.08180796038628202,0.0,0.06519613400550739,0.0,0.4338401598597663,0.8009078647116752,1.005241896767295,0.9946291273364771,-0.041004613593553785,0.27891139407154597,0.030267870886380166,0.0,0.01987676412831263,-8.78291864796849,1.886678361726979,3.5070225108703883,-3.9485696156496886,-0.9058867748580189,-1.4047478266723126
100.12,100.98,98.96,100.97,99.74,100.09,101.09,100.78,101.21,99.68,93.1,98.62,98.11,2003-06-01,101.11,99.2,98.42,99.0,101.34,99.95,98.58,99.88,99.85,100.22,98.57,99.15,102.83,99.69,99.14,100.35,101.98,100.47,99.73,101.69,99.85,101.07,94.12,100.94,101.24,100.21,97.48,98.97,98.85,95.99,102.48,92.65,92.3,93.61,97.75,98.95,98.2,100.0,96.19,97.47,99.22,100.0,100.66,100.12,100.32,99.98,99.87,99.92,100.17,100.1,38.0,34.7044104,1.41909967,64.3879461476044,0.07993605541551929,-2.339230714962426,8.815114585026329,0.5960085190520381,0.05014290833642576,1.0747931297650837,0.45607852207245614,-0.09917684042122232,3.0700645478339617,1.4246262664807219,0.15048911794206532,1.2139909358729994,-0.2443246659768583,-2.558233634042839,0.9215721712289238,5.556985115481083,9.065436826813045,0.8223975011114604,-0.020008003268046082,2.0496720831835624,0.7335610445767138,0.915545406226137,-1.2099721157336596,0.6003579466918652,0.7796323598611821,2.8907453586591636,0.8057249752712714,0.779711306776143,0.5696312809455151,0.06866447864073422,0.41891144444807793,2.2716725772596646,-1.143987054372353,-0.4496635106066016,1.0443180095813354,0.0,-2.6107569351544235,3.6513988490049165,-1.7508731556772794,0.2670777139696767,0.7301523159229717,0.8125996974270855,0.3443781123294798,4.725445872300416,0.33515356525262163,0.26036031197111953,0.0,0.7496056048404753,1.1894614898075417,1.2501443683214042,0.9848336054814943,-1.3834620819399568,0.5452407931889169,0.09074868280967152,0.0,0.02980774029719413,-4.900676128838577,2.0778838427490953,3.5468667797407365,-0.8487170926717802,-1.3287774740465297,0.014868681451222669
99.93,99.1,103.79,99.45,100.24,100.32,102.46,101.47,100.95,101.02,93.17,99.34,97.59,2003-07-01,98.91,101.77,101.94,103.93,99.49,99.35,100.35,100.51,102.37,99.47,99.48,100.12,99.74,100.57,99.84,101.55,102.02,102.91,102.66,102.69,100.03,102.08,94.12,98.03,101.24,97.31,97.85,99.27,99.71,97.17,107.22,92.65,92.3,93.61,98.07,99.87,98.67,100.65,94.55,97.71,99.6,100.0,100.81,99.93,100.85,100.49,100.23,100.27,99.74,99.39,35.0,35.51294846,1.39710796,63.32508810777237,-0.1899525689875503,-1.8793036094827187,4.76538988929649,-1.5168437716248206,0.5000510469836073,0.2295295653683027,1.3461269345089732,0.6823265038539361,-0.25722214419632294,1.3353462000763372,0.0751597179312391,0.7274228883224154,-0.5314269021930329,-2.1998687351558743,2.557735091301261,3.514036947406396,4.859774546574069,-1.842406344649472,-0.6021091948583468,1.7795673965115277,0.6287759625076106,2.492464106985537,-0.7511678367256636,0.918966325785675,0.9735611597768035,-3.0510339123122954,0.8788631421776216,0.7035912028690028,1.188721278404703,0.039215686777094305,2.399564437377766,2.895602271838005,0.978577140715764,0.18010811352651146,0.9943473509908429,0.0,-2.925272663848144,0.0,-2.936622523633936,0.3788465085079018,0.3026636693030049,0.8662423224075511,1.221800247590199,4.521514081091205,0.0,0.0,0.0,0.32683105387540934,0.9254668206468253,0.47747335086558707,0.6478966097708927,-1.7196607060057545,0.24592696071330522,0.38225577176493886,0.0,0.1489055717636134,-1.5618278142218833,-1.6644856725266166,3.5698973753300676,0.5689594454053815,-1.1540123230850443,-1.0040418110120641
100.09,97.7,108.62,97.56,100.53,100.69,103.05,101.19,101.53,103.17,104.14,100.37,98.46,2003-08-01,97.38,102.2,105.29,108.86,97.07,98.95,102.38,101.02,102.62,98.93,100.66,100.73,99.78,101.15,100.25,101.21,102.09,104.1,103.11,101.01,99.97,102.6,101.96,95.26,102.15,95.3,98.88,100.15,101.51,99.15,112.68,105.48,111.07,93.61,99.23,101.29,99.19,101.33,95.64,99.9,100.14,100.0,100.89,100.09,101.73,101.2,101.0,100.81,99.67,99.23,32.0,36.38419205,1.39710267,64.43363613895318,0.15998403572297093,-1.4227882287205063,4.548592562950127,-1.9187431952262024,0.28888798295163554,0.3681413042913029,0.574182882541141,-0.27632505493233595,0.5728976554284948,2.1059596072378284,11.131036627241908,1.0315048146504857,0.8875345176685201,-1.5589494997194642,0.42163125657639355,3.2334042956772002,4.634505740572337,-2.462476887713372,-0.40342969492508374,2.0027305787090555,0.5061292003257556,0.2439144582139896,-0.5443561829190813,1.179188241300988,0.6074203391015942,0.040096231491482115,0.575056115736583,0.4098161565560865,-0.3353721825583911,0.06859046861436013,1.1497155772922873,0.4373822397695015,-1.6495219369111247,-0.06000000179993137,0.5081113140189331,8.00100156487531,-2.8663558900920094,0.894838558670763,-2.087194817374094,1.0471299867295336,0.8825651510196764,1.7891342955638656,2.0171833114457804,4.966914460878069,12.969240875371657,18.51164916702217,0.0,1.1758878521921368,1.4118349443662304,0.5256253888826556,0.6733365374425482,1.1462347485657887,2.216577769825623,0.5407042311246002,0.0,0.07932573544380261,-0.0003786400311567295,1.7354209808090992,3.5941343959732803,2.1066951554411073,-0.11444796447765261,-0.7671740087996789
101.44,98.84,108.67,100.58,101.36,102.03,103.53,101.4,102.22,103.7,111.13,103.78,100.52,2003-09-01,98.55,102.87,106.02,108.86,100.3,101.37,104.7,101.66,102.76,99.33,101.88,102.1,102.96,101.68,101.52,101.69,102.31,104.85,103.66,100.14,99.21,104.64,109.8,93.64,103.06,97.89,103.88,101.47,102.68,105.39,107.4,111.86,111.07,112.79,103.94,102.69,105.17,102.29,98.74,106.49,101.18,100.0,101.43,101.44,102.67,102.89,102.97,102.19,101.08,100.52,29.0,36.39449147,1.37234541,64.47377032100329,1.3397709457987794,1.160082207167168,0.04602144680614373,3.0485857396099547,0.8222345595554792,1.322039775968964,0.46471184415537437,0.2073153415414808,0.6773032027002301,0.512400212319708,6.496453946280223,3.3409916113884996,2.0706338345336306,1.194318284417406,0.6534377373334621,0.6909307690992073,0.0,3.2733327243755106,2.4162517345732937,2.2407736847053883,0.6315394978850364,0.13633267278638783,0.40351108921328205,1.2047148763041804,1.3509055216029964,3.1372800854979843,0.5226063267444125,1.2588757219453406,0.47314036022365613,0.2152642709924102,0.7178781727005479,0.5319933231708873,-0.8650314939294468,-0.7631325317278836,1.9687954972219757,7.407994956751551,-1.7152352750004596,0.8869021636447094,2.681458861318209,4.932939308516726,1.3094126179164611,1.146004020659941,6.103389998003994,-4.799176093340751,5.872672790835587,0.0,18.6390467268172,4.6373421654145375,1.3727051511498445,5.854088577403438,0.9429399008689998,3.1898990240592617,6.388139837278395,1.0331901961992074,0.0,0.5338090967616616,-1.7879316595950046,0.06226823492774258,3.5944174299489062,1.2486346775853363,0.8938289347212969,0.8763063916370529
102.38,100.25,109.18,105.02,101.89,102.97,102.04,100.62,102.28,101.47,111.24,105.5,102.21,2003-10-01,100.03,103.47,107.37,109.31,105.25,104.39,106.81,102.01,103.59,99.06,103.82,103.12,103.34,102.39,103.01,101.98,98.67,105.23,104.11,98.8,97.53,105.21,109.8,94.34,103.06,99.42,105.15,103.93,104.52,107.09,96.66,111.89,111.07,112.79,105.31,104.76,106.46,103.06,101.44,108.35,101.53,100.0,101.57,102.38,102.91,103.8,104.01,102.9,102.04,101.85,26.0,36.00623093,1.42127105,67.47850676436497,0.9223890340521734,1.4164685066269556,0.4682129278851477,4.319737746589425,0.5215263973309625,0.9170795981446211,-1.449653250441063,-0.7722046093910251,0.05867970828523639,-2.173892694449009,0.09893421682090064,1.643767897652726,1.6672807665593758,1.490610739836029,0.5815660473921014,1.2653057886383934,0.41252292996905027,4.817277759460126,2.9356696025899076,1.9952437225112973,0.3436935675670938,0.8044627828327933,-0.2721913067172288,1.8862980287827291,0.9940633460312931,0.36839595711670725,0.6958424705526767,1.4570247489469779,0.2847745823963521,-3.622647102177279,0.3617673404791688,0.43317197251004913,-1.3471602147975936,-1.7078792677887478,0.5432465111307572,0.0,0.7447635233405414,0.0,1.550890139318728,1.2151515354161369,2.3954407309338954,1.7761084649472458,1.6001847466938557,-10.536051565782678,0.026815642618771562,0.0,0.0,1.3094571812209743,1.9957278429306946,1.2191239212674176,0.7499426431161638,2.697735785819866,1.73156439550759,0.34532124493411587,0.0,0.13793105635047098,3.503032270072559,4.555064946434051,3.5836920048681433,-0.7106297130198946,-0.9778991076509412,-0.5612163593085744
103.68,102.81,109.31,108.59,102.37,104.0,100.38,100.86,102.35,101.04,111.28,106.24,104.11,2003-11-01,102.76,103.48,109.28,109.31,109.01,107.39,107.83,102.41,104.11,99.29,106.79,103.91,103.37,103.18,103.9,101.83,94.95,105.25,104.78,99.34,97.63,105.38,109.8,95.13,103.06,100.05,106.21,104.72,105.21,109.53,92.67,111.89,111.07,112.79,105.99,105.59,107.06,103.46,104.93,108.9,101.67,100.0,101.64,103.68,103.32,104.52,104.88,103.62,103.4,103.61,26.0,35.86721784,1.47245406,67.3818177455807,1.2617851574526995,2.521555836794853,0.11899859521324885,3.342851401909641,0.469990094548578,0.9953215472712884,-1.6401909046823704,0.23823715854067729,0.0684161684312734,-0.42467102487560027,0.035951824942337396,0.6989732812002103,1.841851214567658,2.692603124459403,0.009664170096890246,1.7632582376435835,0.0,3.510114857777591,2.8333182449918226,0.9504357792376794,0.39135163929184813,0.5007232416650353,0.2319133885411162,2.820565878437087,0.7631781233622625,0.02902617213553782,0.7685984229778953,0.8602827209579722,-0.14719594434362548,-3.843051161078037,0.01900418097706691,0.6414881493411961,0.54507049253818,0.1024800253656366,0.16145119609438652,0.0,0.8339099362250302,0.0,0.6316760363215934,1.0030364184739682,0.7572526001314195,0.6579912167784308,2.252888192287106,-4.215487081833746,0.0,0.0,0.0,0.6436368646657975,0.7891650178912357,0.5620097220624842,0.38737216752915415,3.3825970480903855,0.5063301956546695,0.1377952973938612,0.0,0.06889425005534022,3.5378860536330157,-0.14339137281851322,3.5798237262277444,-1.9845846634183761,-1.7710183292705546,-0.6065125382952453
104.12,103.77,109.37,108.28,102.89,103.31,100.45,101.11,102.36,101.28,111.36,107.4,104.91,2003-12-01,103.78,103.56,110.17,109.31,108.65,107.24,108.44,102.58,104.85,99.75,107.17,104.72,97.49,104.0,104.63,102.43,94.97,105.39,104.78,100.12,97.69,105.45,109.8,95.24,103.06,100.52,106.37,104.9,105.38,109.75,92.83,111.89,111.07,112.79,107.06,107.45,107.33,103.73,106.33,108.9,101.83,100.0,101.7,104.12,103.62,104.65,105.03,103.83,103.87,104.12,26.0,36.55512798,1.4291163,70.49293330352039,0.4234847522400109,0.929428706256008,0.05487470413898521,-0.2858857482708643,0.5066755456039296,-0.6656722280018457,0.06971070341563745,0.2475616454728602,0.009769918428936819,0.23724803536309125,0.0718648970922331,1.0859496346641073,0.7654807256733065,0.9877101697910895,0.07727975655082986,0.8111231529493779,0.0,-0.33079144378280745,-0.13977545023671212,0.564111173648385,0.16586178737760804,0.7082724861267486,0.4622194724469786,0.3552069541451708,0.7764981737089727,-5.85649759392135,0.7915863324868155,0.7001419287774091,0.5874882264869541,0.02106149965657167,0.1329282383354169,0.0,0.7821156884369351,0.0614376427271246,0.06640421436436839,0.0,0.11556444002964739,0.0,0.4686651645648965,0.15053159301254837,0.1717393800606537,0.16145119609438652,0.20065676196256987,0.1725067813240777,0.0,0.0,0.0,1.0044674926072084,1.7461953270096586,0.2518775528197459,0.2606304868367104,1.3254004493175486,0.0,0.1572481896503497,0.0,0.05901446025511348,-2.9874156194723165,4.513725282595615,3.598821476765002,-0.972339747314388,-1.5987825093750612,-2.0526908837263793
104.81,104.83,109.43,105.25,103.59,104.29,102.28,102.29,103.16,101.39,111.55,110.1,106.0,2004-01-01,104.88,104.2,111.05,109.31,105.01,105.92,111.52,102.83,103.56,100.06,108.24,106.52,98.25,105.91,105.55,102.98,95.07,108.65,108.45,102.57,97.98,106.61,109.8,95.47,103.91,98.53,107.99,107.21,106.73,110.9,92.45,111.89,111.07,112.79,109.81,110.79,109.21,105.12,104.42,110.21,114.49,111.38,123.11,104.81,104.54,105.51,105.89,104.45,104.58,104.85,26.0,37.10864251,1.34342076,73.16723771891213,0.6605107055722037,1.0163078847294393,0.05484460832176907,-2.8381992183609484,0.6780343682292411,0.9441303271767509,1.8054059162042613,1.1602883365608108,0.7785169721556073,0.10855085686216626,0.17047242924315142,2.482886165386944,1.033625436867247,1.054356551585034,0.6160974435929667,0.7955922988462483,0.0,-3.4076122984536994,-1.2385221179060046,2.8006922381749177,0.24341572799775335,-1.2379602464592132,0.3102950290085893,0.993462513762644,1.7042639344087007,0.7765442108190079,1.8198777714204972,0.8754456901374219,0.5355156169552622,0.10524101160775956,3.0463951756593666,3.4426323292810146,2.4176025755745734,0.2964176545577679,1.0940409037599963,0.0,0.2412040391279291,0.8213796964477105,-1.9995642341007702,1.511504798109442,2.1782012465896727,1.2729416144733108,1.0423842401040773,-0.41019055787074876,0.0,0.0,0.0,2.5362174644386393,3.0610894444061287,1.7364433716203997,1.3311185292564254,-1.812623768058863,1.1957606764536166,11.718272675214703,10.777759217343075,19.105096160500956,-6.183711416182408,3.723528066626969,3.6138498942363646,-0.35729121811742814,0.7662992926594657,0.5121059740837516
105.35,106.16,109.46,101.38,104.24,104.77,107.74,102.61,103.28,102.67,111.76,112.02,105.49,2004-02-01,106.29,104.3,111.43,109.31,100.67,103.39,112.87,103.32,104.42,100.33,108.96,107.5,98.62,107.29,106.35,102.92,95.53,120.22,111.89,103.11,98.33,106.75,109.8,94.0,104.2,97.97,109.55,109.82,109.7,111.71,93.97,111.89,111.07,112.79,112.71,112.55,111.34,106.29,102.31,111.62,115.21,111.38,123.27,105.35,105.19,105.84,106.2,104.73,105.15,105.29,24.0,37.44299435,1.32382965,72.94050870380721,0.5138953068111185,1.2607399559470878,0.027411028542001503,-3.7462639518287766,0.6255132746578518,0.4591991231752246,5.200676682940131,0.3123477405201136,0.11625655252425204,1.254549434638541,0.18807940701650594,1.7288383053052137,-0.48229324183495237,1.3354368090046087,0.0959232687460343,0.3416040718526858,0.0,-4.220774297657037,-2.4175846590096306,1.2032766955321073,0.47538289865398653,0.8270073099069464,0.2694746877462961,0.6629858538669708,0.9158086621985362,0.3758830046609596,1.2945771793077654,0.7550767351916399,-0.05828072044522514,0.4826871910978525,10.11916909085766,3.122700854674587,0.5250887210532795,0.3565792581635918,0.13123361463502903,0.0,-1.5517279739937884,0.27869894547114527,-0.5699760977832646,1.4342435796806718,2.4053133982578245,2.744708635531179,0.727733322643509,1.6307624561839873,0.0,0.0,0.0,2.606654864436475,1.5761049820159911,1.9315948545724382,1.1068652809189672,-2.0413808091557684,1.2712608656836544,0.62690671142418,0.0,0.12988069039048256,-1.4690380963593597,-0.3103588997146467,3.6228196257083862,-0.3481668746327937,-0.791034389917843,0.3781683113557103
106.36,107.82,120.35,99.62,104.64,104.25,104.93,103.37,102.9,103.77,111.8,113.17,106.05,2004-03-01,108.0,105.31,130.08,119.63,99.11,101.08,114.06,103.22,105.2,100.32,109.46,107.67,95.88,108.55,106.94,102.05,88.44,121.19,112.78,103.6,100.06,106.66,109.8,90.04,104.17,96.4,109.78,110.64,112.18,115.1,94.48,111.89,111.07,112.79,113.16,114.17,111.9,106.76,102.45,112.89,115.97,113.2,128.2,106.36,106.12,105.8,106.09,104.82,105.68,105.98,22.0,37.64587296,1.31585765,75.44037076605389,0.9541426124621388,1.5515779999570434,9.484497851330875,-1.7512885399066036,0.3829954892299092,-0.49756106859630833,-2.6427456082568135,0.7379390706276467,-0.3686103698383292,1.065695030631364,0.03578457722923645,1.021368619616414,0.5294519316974444,1.59600195787295,0.9637019385778878,15.47530547405378,9.021576387706887,-1.5617496322714253,-2.2595963078607895,1.0487911760858282,-0.09683355070579935,0.7442072321203419,-0.009967605291105741,0.4578343314570077,0.15801462599087657,-2.817667122979639,1.1675447675645323,0.5532387874339406,-0.8489098157689945,-7.7115978292671805,0.8036164369380039,0.7922772559406432,0.4740950295530233,1.744083726799417,-0.0843446936277914,0.0,-4.304076623147246,-0.028794932290931996,-1.6155107740051022,0.2097297080267957,0.7439025505776797,2.2355356799005577,2.989508814508035,0.5412589494133258,0.0,0.0,0.0,0.39845981793797947,1.4290998335495075,0.5017032562518509,0.4412116990833326,0.13674547940603077,1.1313647913167912,0.657498691864955,1.6208387607560049,3.9214472923140953,-0.6040127735548961,3.369839339371783,3.6282233323013817,-0.6954682983997706,-2.1382618010770096,0.08764707174877207
106.89,108.13,120.44,102.38,104.94,103.86,105.42,103.43,102.82,105.03,111.8,114.18,107.33,2004-04-01,108.28,106.11,131.39,119.63,101.8,104.01,115.31,103.21,105.32,100.28,110.32,107.74,92.96,109.37,107.33,101.51,88.9,121.67,113.4,103.64,100.23,106.64,109.8,89.11,104.17,96.89,110.06,111.53,112.51,114.88,97.91,111.89,111.08,112.79,113.16,115.24,112.83,107.02,104.74,114.45,116.79,113.2,128.21,106.89,106.73,106.51,106.87,105.44,106.22,106.64,22.0,38.31868827,1.3513651,76.57355107399844,0.49707019110352135,0.2871036933922433,0.07475393844522671,2.73284333842998,0.28628705496771545,-0.3748022262738182,0.4658910257241189,0.05802708093183284,-0.07777562126447535,1.2069112017496941,0.0,0.888503755826342,1.1997519482741303,0.2589237621880791,0.756791049299288,1.0020353854229391,0.0,2.677975969780455,2.85747658450477,1.0899528054631347,-0.009688514273964444,0.11400343244991618,-0.039880359451771596,0.7826047769274425,0.0649923424761667,-3.0928116462582977,0.7525733022833769,0.3640270972847581,-0.5305573459513546,0.5187786530613359,0.39528998189624076,0.5482372914616285,0.038602586852665155,0.16975389767157623,-0.01875293020026092,0.0,-1.0382454413902842,0.0,0.507011278041336,0.254730850986995,0.8011925649942242,0.29373825027896316,-0.191321042792314,3.5660517476872933,0.0,0.009002925957002361,0.0,0.0,0.9328344528091392,0.8276645832475005,0.24324083468352242,2.210621416643299,1.372415312512043,0.7045913321862329,0.0,0.007800007804004139,2.6626608372705363,1.490917785377821,3.645937721566872,0.18873175041864698,-1.935958518178669,-1.6074032662574966
107.35,106.61,120.47,107.67,105.82,103.73,105.8,104.52,103.07,107.43,111.82,114.9,108.92,2004-05-01,106.43,109.06,131.83,119.63,107.45,108.32,117.04,103.59,105.82,100.96,110.72,107.97,90.07,110.49,108.03,102.1,89.53,121.84,113.48,104.13,102.39,107.04,109.8,85.52,104.79,97.97,110.33,112.47,115.67,115.72,102.05,111.89,111.09,112.79,113.38,116.31,113.1,107.29,107.69,115.48,117.25,113.2,128.27,107.35,107.51,107.75,108.27,106.71,106.71,107.14,22.0,39.39708422,1.5013422,79.67320188252882,0.4294256038935629,-1.4156890995061566,0.024905566522814837,5.037961279818859,0.8350779217419557,-0.12524689724360272,0.35981479971383123,1.0483385262699763,0.2428482421342082,2.2593449043767144,0.017887487750023467,0.6286034318596201,1.4705467312126075,-1.7232972693147275,2.7421897612416757,0.3343214116148019,0.0,5.401551897209789,4.060276079892322,1.4891602928844172,0.3675052492169151,0.47362028478765694,0.675812550280952,0.36192583843126513,0.21324935066617812,-3.158214730794917,1.018838977794978,0.6500765835460776,0.5795409374279359,0.7061622126205869,0.13962467875483497,0.07052186469982402,0.47167628478952395,2.1321506549950797,0.37439205094651484,0.0,-4.1121294907839,0.5934167490493358,1.1084994959637662,0.24502031406017366,0.8392906409484979,2.7699202724329908,0.7285374808020606,4.141419988987405,0.0,0.009002115503253805,0.0,0.19422624627907226,0.9242130134619941,0.23901219717199496,0.25197157654961444,2.777564048944736,0.8959308396158328,0.3930957035914062,0.0,0.04678727471496558,10.524424128112974,3.968156101593312,3.673691808996887,2.0776396021200405,-1.3748266274325003,-1.252314658522225
107.21,103.94,120.51,108.63,106.9,104.92,106.06,105.96,102.93,109.65,111.98,115.67,109.38,2004-06-01,103.46,110.73,132.45,119.63,108.46,109.1,119.44,104.48,106.24,101.67,113.66,108.03,90.71,111.76,108.77,102.22,89.45,122.14,115.0,105.98,104.84,107.13,109.8,77.66,105.42,96.66,110.44,113.39,115.76,114.84,110.26,111.89,111.09,112.79,115.33,117.18,113.74,107.56,108.36,115.99,117.56,113.2,128.38,107.21,108.44,108.79,109.2,107.76,106.56,106.79,22.0,39.03051224,1.48874518,78.40021682702344,-0.13049964566418382,-2.536350638208784,0.03319777605392815,0.8876618618034016,1.0154280555013884,1.1406785554936683,0.24544522847849137,1.3683223751456808,-0.13592235102324324,2.0454002185445574,0.14298483222487945,0.6679124452600327,0.42143901130673456,-2.8302427477584047,1.5196616212101333,0.4692001948200186,0.0,0.9355818324394249,0.7175083675059923,2.0298396519065953,0.8554865458109795,0.39611482521380026,0.7007875494167592,2.620704399961671,0.05555555698446568,0.7080458831201675,1.142869582362227,0.6826594776865313,0.11746281695144134,-0.08939546913362406,0.24592192080818975,1.330551842259986,1.7610278522812273,2.3646326868480116,0.0840453894547899,0.0,-9.640994241326872,0.5994023940210091,-1.346164293961305,0.0996512289739293,0.8146684567818419,0.07777730159181928,-0.763362485507102,7.7378323905684,0.0,0.0,0.0,1.7052575341690357,0.7452173765694958,0.5642758756578381,0.25133827520091856,0.6202287876105217,0.44066256990511476,0.26404342243280254,0.0,0.08571985718726083,-0.8425903946614022,-1.610659889388355,3.6643437053697885,0.25735800926378616,-1.5464615995717483,-1.5093101201214798
107.72,104.23,120.53,104.57,108.66,105.41,107.22,107.77,102.95,112.85,112.26,116.62,109.83,2004-07-01,103.72,111.42,132.73,119.63,103.83,106.68,122.12,105.63,107.17,103.36,114.68,108.12,89.38,112.72,109.71,103.27,89.24,124.37,117.86,105.32,109.22,108.07,109.8,77.15,105.49,94.62,111.06,114.16,116.12,118.75,118.62,111.89,111.09,112.79,118.96,118.08,114.75,108.5,108.44,116.27,118.57,113.2,128.4,107.72,109.39,109.25,109.37,108.55,107.09,107.17,22.0,39.64501768,1.44823905,79.75807142062035,0.47457400752506373,0.27861861709350677,0.016594756095145158,-3.8090908835162196,1.6329923092377463,0.4659353268424482,1.0877826690407488,1.6937662204871806,0.01942879353302729,2.8766028399648036,0.24973255933060656,0.8179476486700032,0.41056578816283107,0.25098960950939997,0.6212038882653204,0.2111773920032256,0.0,-4.362649509755201,-2.2431193525211057,2.219001463574255,1.0946756306950078,0.8715672996782331,1.6485765747221492,0.8934105146193083,0.0832755079352765,-1.4770661121548123,0.8553152641718853,0.8604959723640171,1.021956434317861,-0.23504403903968907,1.8093065870661285,2.4565351046517137,-0.6247062436507633,4.0928818268802125,0.8736115040608006,0.0,-0.6588745494350512,0.06637902666568607,-2.133079621393552,0.5598208751506739,0.676776918483224,0.31050568332009476,3.3480587661887107,7.308389324904319,0.0,0.0,0.0,3.0989717914051695,0.7651146735519809,0.884070706200113,0.870134157985003,0.07380074135703296,0.24110921867315227,0.8554661919262685,0.0,0.015577537222899451,-2.7585233949970367,1.7171252576310359,3.679965282682139,0.9352215657013829,-0.8431606910472281,-0.794396208691306
108.54,105.07,120.75,101.63,110.12,106.76,110.64,107.48,102.71,114.45,124.75,117.49,110.81,2004-08-01,104.58,111.99,133.57,119.8,100.9,103.7,124.76,106.9,107.66,104.61,117.85,108.15,90.02,113.29,110.58,103.86,95.52,125.15,119.26,98.79,112.35,108.82,109.8,73.84,105.56,93.89,111.76,114.87,117.44,116.03,125.04,127.56,131.14,112.79,122.53,118.94,115.63,109.21,109.78,116.92,118.92,113.2,128.43,108.54,110.62,109.85,109.99,109.37,107.95,107.92,22.0,39.34990728,1.4673669,80.82343356116891,0.7583500691859868,0.8026798949452463,0.18236079324305265,-2.851793646082257,1.3346939151030135,1.2725816269226087,3.1398888957111737,-0.2694542861449989,-0.23339502960855185,1.4078543135030763,10.549412511757428,0.7432437785470647,0.8883307147979025,0.8257368089521044,0.5102737001932312,0.6308695350902838,0.14200394985355302,-2.862501895579861,-2.833158407833203,2.138772387292498,1.1951396195928332,0.4561754407905738,1.2021109321377565,2.726698836697139,0.027743099082133682,0.7134924359481154,0.5044035294972105,0.7898720080387278,0.56969207328601,6.800628007996057,0.6252024212133556,1.1808504285192534,-6.400694957172615,2.825480190733032,0.6915975742704639,0.0,-4.385098861457326,0.0663349941405933,-0.7744985932546022,0.6283119135245485,0.6200080988731926,1.1303425709776604,-2.3171664555296623,5.2708579702640534,13.10705963222274,16.592477124184235,0.0,2.9568595809455367,0.725680342628543,0.7639589200215902,0.6522461229122811,1.2281338491278326,0.5574867562528674,0.29474946599181706,0.0,0.023361756910400544,1.3121200023267388,1.3268997221316248,3.6724936185709285,-0.694932442757068,0.6143595901009588,-1.6508165492876314
109.57,105.6,121.44,103.72,111.17,107.31,110.98,108.42,102.7,113.23,130.75,120.09,113.06,2004-09-01,105.1,112.65,134.06,120.5,102.64,106.79,126.73,108.11,108.98,105.12,118.92,108.65,89.64,114.08,111.68,104.41,95.55,125.66,120.24,96.21,113.46,112.21,109.8,79.82,104.95,93.48,114.43,115.74,119.33,122.24,115.89,133.24,131.17,129.67,124.39,120.26,119.88,109.82,113.55,126.64,119.07,113.2,128.65,109.57,111.83,111.06,111.33,110.58,108.98,108.79,20.0,38.50513709,1.49834336,80.67388163317113,0.9444845782043743,0.5031576571477459,0.5698021114637797,2.0356193520788324,0.9489880971116804,0.5138517402712317,0.3068317541251808,0.8707790084901745,-0.00973662432004474,-1.0716898072627323,4.697536831340443,2.1888238093111134,2.0101628298911045,0.4959949122921081,0.5876085283651022,0.36617759407979733,0.5826067249360634,1.7097792947817325,2.936217394797236,1.5666947354370464,1.125540927368096,1.2186266022141012,0.4863405380631569,0.9038368747757097,0.46125543033710414,-0.42302189320597705,0.6949053780588521,0.9898398104275508,0.5281617885846579,0.03140210419898537,0.406682909701761,0.81837617497591,-2.6463082683209294,0.9831353267083287,3.067697461899588,0.0,7.787350942599058,-0.5795465368481523,-0.43763745997988934,2.3609567380916907,0.7545241988379914,1.5965199515358464,5.213754705875662,-7.599222076692147,4.356517118362202,0.022873699158054706,13.946507890896775,1.506589326051877,1.103690133297519,3.609580430759163,0.5570027641089048,3.3764905429824132,7.985847532971135,0.12605573331860853,0.0,0.17115299027885555,2.0890500972970347,-0.18520675785440588,3.6507916633017174,-3.746744413386205,-0.02499043723930529,0.18372826221301738
112.03,108.64,121.94,111.54,112.69,108.26,111.43,111.88,103.55,113.81,131.09,121.35,114.52,2004-10-01,108.32,113.28,134.29,121.03,111.09,112.8,128.72,109.52,109.87,106.65,120.39,109.43,90.28,115.11,113.29,105.03,95.63,126.49,120.82,96.43,120.67,114.13,109.8,89.33,104.95,94.41,115.0,117.26,119.91,123.98,115.31,133.34,131.17,129.67,128.88,121.79,120.78,110.28,115.92,129.91,121.48,113.2,128.77,112.03,113.52,112.91,113.49,112.64,111.54,111.8,20.0,37.20713833,1.48478065,86.47419037663445,2.2203078153329336,2.838129253822519,0.41088068323498206,7.268831029094436,1.3580124718734154,0.8813899429795491,0.4046586161208232,3.1414294501566964,0.8242470907080524,0.5109242967850314,0.259700726468548,1.0437470500018087,1.283082898276966,3.0177531281059267,0.5576963067156271,0.17141796632724748,0.4388695819803168,7.911296328625017,5.475204988050475,1.5580663590155197,1.295795367551289,0.8133469557837003,1.4449890181058578,1.2285474817037567,0.7153368727912834,0.7114303016608758,0.898823626098455,1.4313263871335025,0.5920567332664994,0.08369076751693072,0.6583406684649518,0.4812089265875841,0.22840541491193633,6.160919518708852,1.6966033888733634,0.0,11.25632780931598,0.0,0.9899490073768114,0.4968846033627017,1.3047395390376693,0.4848697009777858,1.4133936855563078,-0.5017311563275229,0.07502438644353404,0.0,0.0,3.545994764684579,1.2642184487596353,0.7479466431292714,0.41799243048696866,2.0657029460859455,2.5493487434884443,2.0038084714464333,0.0,0.09323285579396767,-0.9093020206258462,6.94311170433517,3.616500633461854,-8.05597985208455,-0.2113905424602208,0.3371018184694064
113.5,110.11,121.95,116.56,113.79,108.93,111.94,115.28,103.84,111.39,131.19,122.27,115.68,2004-11-01,109.81,114.39,134.44,121.03,116.34,117.17,129.75,110.57,111.44,107.63,121.31,110.05,90.59,115.73,114.43,105.64,96.26,126.96,121.06,103.82,123.46,115.2,125.49,88.81,105.31,94.37,115.24,118.03,120.38,119.11,110.62,133.13,131.17,129.67,128.96,122.64,121.8,110.72,117.85,130.05,120.99,119.98,128.82,113.5,114.21,114.28,115.05,114.06,113.09,113.58,20.0,37.43023161,1.44542335,83.8366992604998,1.3036144350826007,1.3440202315114114,0.008200418225978723,4.402289092554135,0.9713958404659273,0.6169732725522792,0.45664224042507584,2.9937083357507,0.2796665114186858,-2.149283443670047,0.07625438832210563,0.7552781983489076,1.0078278180539968,1.3661790445657296,0.9751032592173026,0.111636226382128,0.0,4.617625488898458,3.8009532616105624,0.7970019361869696,0.9541623574117253,1.4188480758760669,0.914697435884726,0.761277983589359,0.5649732542118535,0.3427879731860983,0.5371698933015701,1.001237944422595,0.5791063794247542,0.6566285513511794,0.37088225587034174,0.1984455752946701,7.38412738767904,2.2857669880240294,0.9331598696282306,13.35655450467863,-0.5838121443334288,0.342433512586382,-0.04237737111836282,0.20847818530773665,0.654513790490796,0.39119447282827124,-4.007282638096399,-4.152324921649253,-0.15761627460886274,0.0,0.0,0.062053988959931417,0.6954984464539571,0.8409646396041914,0.3981905713763112,1.6512331369713529,0.10770888870199613,-0.40417426241612375,5.816889645586443,0.03882138330517648,-2.686479647277201,-3.0975141975446263,3.622478709714452,-8.336447666589653,-1.489612773740211,-0.9501711288394494
113.86,110.64,121.94,116.67,114.74,109.74,112.2,114.72,104.1,111.24,131.22,122.88,115.56,2004-12-01,110.3,115.39,134.21,121.03,116.11,118.23,130.66,111.32,112.59,108.57,122.34,110.53,91.48,116.65,115.38,106.25,96.3,127.32,121.76,100.57,123.72,115.78,125.49,88.81,105.59,92.68,114.88,119.32,120.65,119.41,110.68,133.13,131.17,129.67,129.0,123.71,121.81,111.41,117.06,130.7,119.22,119.98,129.12,113.86,114.23,114.55,115.28,114.41,113.47,113.88,18.0,38.10244006,1.39334004,82.59997233996664,0.31667866014783996,0.4801821231002812,-0.008200418225978723,0.09432749488169634,0.831405480480818,0.7408457536475233,0.2319979625382551,-0.48695748399563143,0.2500722665143229,-0.1347527491334155,0.022864982379289245,0.49765552432630145,-0.10378828124197881,0.4452326649834859,0.8704032668993555,-0.17122654471908305,0.0,-0.1978920843701104,0.9006008194957893,0.6989007366606792,0.6760132103379668,1.0266572343488711,0.8695706967554173,0.8454801031590797,0.4352169350393176,0.9776537473384472,0.7918106607452735,0.8267746499120321,0.5757720375594744,0.04154549291168763,0.2831526195738121,0.5765603649834361,-3.1804627942694452,0.21037308511191455,0.5022090389067202,0.0,0.0,0.2655288425917668,-1.8070526469066372,-0.3128804916413763,1.0870130205570483,0.22403859514161795,0.2515513652483925,0.054225035219346296,0.0,0.0,0.0,0.03101256033533062,0.8686882311181421,0.00820984360707655,0.6212598201866371,-0.6726005519065659,0.498562873551478,-1.4737371761605722,0.0,0.23261234028941757,-3.6698483179819332,-1.4861504630690803,3.6402783236515073,-7.431972228705952,-1.7266454175256452,-1.6713722296392541
114.49,111.95,121.95,110.77,115.51,111.4,112.84,117.99,103.99,113.37,130.87,124.44,114.34,2005-01-01,111.72,115.23,134.46,121.03,109.61,114.09,133.14,112.68,111.0,109.32,125.43,111.0,93.91,117.43,116.05,106.65,96.15,129.26,121.88,100.51,125.0,123.8,125.49,87.78,105.59,91.1,115.83,120.99,129.86,121.89,111.52,133.37,131.17,129.67,129.64,126.0,122.45,112.81,111.89,131.3,127.14,124.54,139.75,114.49,115.21,115.16,115.94,114.79,114.12,114.33,17.0,44.26326254,1.35004211,85.49288546501737,0.5517859412784709,1.17706556882613,0.008200418225978723,-5.189345730692452,0.668840712686336,1.5013395862354173,0.5687893045199566,2.8105498260518225,-0.10572349487816268,1.8966776663742912,-0.26708398493422436,1.2615402630074435,-1.0613409762209258,1.2791814817519231,-0.13875641806526673,0.18610196311765748,0.0,-5.760940641128265,-3.5644269266744466,1.8802676759952952,1.2143006350481933,-1.422270050270491,0.6884234816106449,2.494378022216459,0.42432239894703017,2.6216507661941613,0.6664412909550776,0.5790103891702536,0.37576371128329455,-0.15588467692913,1.51222774208577,0.09850600041323432,-0.05967774197399578,1.029278948543233,6.697552159963749,0.0,-1.1665572010325143,0.0,-1.7194895298263013,0.8235493644340508,1.3898937906838604,7.356315500929966,2.0556049122451903,0.7560792093488367,0.18011261904780085,0.0,0.0,0.49489739116745923,1.8341790076737752,0.5240329686309053,1.248789754560331,-4.517037804344515,0.45801606785751403,6.431831571648239,3.7301887219358676,7.9112907513569475,-3.1567986697648265,3.4423815885379128,3.790155044965425,6.684514819779963,-0.21110048127773132,0.10485659720438611
114.51,112.92,124.33,103.13,116.11,112.24,112.38,118.58,104.17,113.07,130.31,126.28,113.12,2005-02-01,112.75,115.28,157.07,122.06,101.85,106.78,134.79,114.02,110.82,109.66,126.75,110.55,95.41,118.03,116.99,106.96,95.56,126.52,130.36,101.26,125.61,124.22,125.49,89.47,105.59,90.67,115.36,122.42,132.04,120.26,110.47,132.86,132.65,129.67,125.29,128.18,123.87,113.91,108.23,129.7,130.53,126.59,139.88,114.51,115.83,114.72,115.26,114.43,114.04,114.16,16.5,42.4557025,1.310155,87.42850730873253,0.017467248952751646,0.8627260340523968,1.9328196302916822,-7.146565120086379,0.5180911338325878,0.7512108301021669,-0.40849004497438557,0.4987963167393694,0.17294393242153205,-0.26497100823528186,-0.4288236910574561,1.467799166035455,-1.0727263687562605,0.9177237305811659,0.04338206653429211,15.542480881404952,0.8474278365836696,-7.3427468554816855,-6.6216967536237625,1.2316805577620826,1.1821928595264097,-0.16229378731305033,0.3105308916035554,1.0468808434708876,-0.40622940088788084,1.5846517947232464,0.5096418063987862,0.8067328339063984,0.2902487876328408,-0.6155149577179664,-2.1425481397301382,6.726289985185296,0.7434241505114514,0.48681313968597095,0.33868268806616086,0.0,1.906968929941666,0.0,-0.47312626079474285,-0.40659254076151896,1.1749857869537195,1.6647959904651621,-1.3462933056322512,-0.9459956128029745,-0.38312783972083153,1.1219888756694552,0.0,-3.413032801588489,1.715361912460267,1.1529845167932429,0.9703675294992387,-3.325765351257459,-1.226068998635288,2.6314243892435307,1.6326568204431346,0.09298001599669092,-2.999033373203602,2.2388238514870373,3.7484612382464735,1.6502774360500627,-2.0211419810836992,0.25500134334226926
114.81,113.03,124.53,99.69,117.37,112.15,113.38,119.42,104.43,111.89,130.18,129.26,114.66,2005-03-01,112.85,115.51,160.2,122.06,97.89,104.85,136.23,114.83,111.06,111.21,126.0,109.84,95.84,117.94,117.69,107.2,96.21,125.98,138.55,100.9,127.64,124.89,125.49,91.92,105.59,92.64,113.24,123.16,132.85,113.97,108.63,132.93,132.64,129.67,124.32,129.64,128.77,115.35,109.95,130.61,128.74,126.59,142.35,114.81,116.59,114.76,115.25,114.79,114.34,114.32,15.5,41.94903753,1.30495652,94.59616110649982,0.26164326804725135,0.09736668173516705,0.16073297682108745,-3.392495729336531,1.0793320473117873,-0.08021748279878338,0.8859023212105299,0.7058852839624485,0.2492810495100528,-1.049085012752471,-0.09981190125740724,2.33242161449585,1.3522025331973886,0.08865248807570225,0.19931546093223673,1.973146877931864,0.0,-3.9656743399476113,-1.8239885724111282,1.06266220277913,0.7078902184662006,0.2163332374257365,1.4035635854847683,-0.5934735519814716,-0.6443145843739728,0.449673960338437,-0.07628088686191248,0.5965587830060848,0.22413158430136804,0.677897991556442,-0.427723424366544,6.093141733962604,-0.3561539182199702,1.6031932710881769,0.5379162743836652,0.0,2.701525998099541,0.0,2.1494472166720513,-1.8548213292940652,0.6026567633376168,0.6115765220830127,-5.372080974377891,-1.6796378438524329,0.05267316424131252,-0.0075389196763531174,0.0,-0.7772163638124496,1.1325852197265895,3.8795238719584013,1.2562321707941138,1.5767124693715218,0.6991692267031446,-1.3808218776228287,0.0,1.7503901528871602,-0.39757286124791347,7.879549490497961,3.736455489384222,-0.4072624952003778,-2.2632955453541017,-0.4565796570676965
115.63,111.94,124.6,108.26,117.82,112.82,114.17,121.91,104.19,111.0,130.06,130.48,115.84,2005-04-01,111.65,116.05,161.32,122.06,105.61,115.87,137.22,115.3,105.29,113.35,127.15,110.26,96.87,117.63,118.41,107.45,96.2,128.11,138.6,102.86,132.69,125.28,125.49,89.61,105.6,91.35,113.05,124.65,132.78,114.46,106.36,132.83,132.65,129.67,123.27,130.21,130.81,116.16,111.71,131.08,123.83,128.68,144.01,115.63,117.32,116.13,117.11,116.2,115.2,115.5,15.0,42.40955076,1.35351429,94.18855158452112,0.7116850035149724,-0.969025673942614,0.056195562029515145,8.247037033421911,0.3826697981509142,0.5956367345612001,0.6943556792078809,2.063637645820826,-0.23008350673654476,-0.7986044507295453,-0.0922225703234858,0.9394078478008439,1.023870115716985,-1.0690524977378324,0.46640264198574144,0.696693537090809,0.0,7.590866448504396,9.993811566104238,0.7240843484775716,0.4084653486915002,-5.3352147944792705,1.9060071122787292,0.9085584916650902,0.381645170182221,1.068973907115467,-0.26319156000083055,0.6099129453294161,0.23293744518184667,-0.010394470151275925,1.6766105674559384,0.036081544681554334,1.923891298720637,3.880177913830174,0.3117882367498659,0.0,-2.5451712644372293,0.009470145373757788,-1.402273100066953,-0.16792615197198657,1.2025486913267436,-0.052704891480903626,0.4290161113312152,-2.111804607084089,-0.07525587350958318,0.0075389196763531174,0.0,-0.8481815055908726,0.4387153467290794,1.571802141444234,0.6997566456723447,1.5880510581986584,0.359204024118398,-3.888520939746254,1.637518472208832,1.1593927885244604,3.653466561762597,-0.43182538413226723,3.7473735906456747,-0.16307705413254325,-2.5318632574683706,-1.375062571008096
116.69,111.95,124.6,117.82,117.47,113.48,114.27,122.12,105.05,115.51,130.53,131.7,115.9,2005-05-01,111.63,116.51,161.36,122.06,117.0,120.16,138.92,115.47,103.16,112.71,129.23,110.09,96.62,117.59,118.82,107.94,96.16,128.43,138.67,104.1,130.96,126.51,125.49,92.61,106.2,97.32,114.63,125.53,133.31,117.56,113.34,132.82,132.65,129.67,123.64,132.02,131.28,116.16,111.92,131.37,122.0,128.66,144.0,116.69,117.82,118.08,119.63,117.51,116.31,116.84,14.5,42.80757788,1.36504762,91.74912429020236,0.9125407677145425,0.00893295815505013,0.0,8.462229472470995,-0.2975054257746912,0.5832981628820733,0.08755034703860076,0.172110028962269,0.8220271866917095,3.9826904988254697,0.36072029596923016,0.9306650436477604,0.051782170829905994,-0.017914725952561383,0.3955973511403421,0.02479236407895158,0.0,10.242087103937347,3.635531500685296,1.2312750613127754,0.14733286887516073,-2.0437266855523717,-0.5662228699550909,1.622627066897131,-0.1543000079225365,-0.25841143120333143,-0.034010713702592454,0.3456564584729982,0.4549894101977259,-0.04158868847632391,0.24947389566225553,0.05049230099700708,1.1983135274153511,-1.3123647485465462,0.9770124184085738,0.0,3.2930206286049923,0.5665737535677451,6.330623509130628,1.3879351402939832,0.7034963860549581,0.3983619834571961,2.672342456976029,6.356258436665385,-0.007528703184522811,0.0,0.0,0.2997045700487533,1.3804894519987343,0.3586558081700275,0.0,0.18781027744694256,0.22099456508035686,-1.4888612493750841,-0.015543638797144155,-0.006944203329073417,0.8484926645728863,-2.6240698755374936,3.7567151401866985,-0.06572944990388407,-1.9903012972387124,-0.39127655825396646
116.81,110.12,124.69,118.78,118.14,114.61,114.39,122.99,104.44,120.14,134.76,132.69,116.86,2005-06-01,109.66,116.66,162.77,122.06,118.21,120.38,141.32,115.94,103.53,112.83,131.54,109.53,98.03,117.47,118.84,108.63,96.03,128.91,138.79,103.83,132.74,127.44,119.55,86.51,106.25,105.32,114.51,125.99,134.68,119.72,119.3,140.03,143.23,129.67,123.44,133.06,132.2,116.76,112.99,135.88,127.27,128.66,144.01,116.81,118.74,118.99,120.81,118.34,116.43,116.95,14.25,42.65789687,1.35468182,95.51368574058633,0.10278373495893334,-1.6481662770357453,0.07220506551419703,0.8115006494172405,0.568738004329461,0.9908450567957416,0.10495933789602674,0.7098883387642196,-0.5823683460080886,3.930062312142635,3.1892333137653495,0.7488971799109123,0.8248886780584996,-1.780516105073815,0.12866150936421406,0.8700267757450142,0.0,1.028876896452946,0.1829218103800656,1.7128594615071435,0.406205994782205,0.3580244764877172,0.10641128963682078,1.7717225336104647,-0.5099728746657206,1.4487795147374527,-0.10210159995294177,0.01683076668115291,0.6372095255162691,-0.13528281370156492,0.3730477630048412,0.08649896019754522,-0.25970293055612714,1.3500394654899495,0.7324309175214871,-4.849138021788235,-6.813711298989489,0.047069899668805704,7.8998816712786635,-0.10473947016702567,0.36577648924218664,1.0224351167288148,1.8206841433781484,5.124917836239717,5.286185725511849,7.673764920802562,0.0,-0.1618909209010866,0.7846728053117147,0.6983480635750716,0.5151994909428304,0.9514988863928764,3.3754373810966243,4.228976927069894,0.0,0.006944203329073417,-0.7622706906161569,4.021160103530885,3.753212412015458,-1.240503981646901,-1.2949482130403107,-0.4196847217439862
116.14,108.85,127.15,109.93,119.17,114.26,112.81,124.14,104.27,121.39,135.98,133.97,115.85,2005-07-01,108.24,117.59,162.91,124.67,108.62,113.66,144.04,116.29,102.27,113.99,132.15,109.07,95.94,117.34,118.59,108.68,92.25,130.0,139.51,102.68,134.65,129.79,119.55,84.74,106.26,102.08,114.31,125.42,134.96,120.95,124.9,141.87,146.04,129.67,124.12,134.08,133.81,116.99,110.71,136.9,126.82,128.66,144.05,116.14,119.31,118.26,119.83,117.88,115.62,115.95,14.25,43.61445661,1.33272857,97.76783025658476,-0.5752323223701339,-1.1599892593850747,1.953683485963431,-7.7429242996941205,0.8680683223625252,-0.30585072122910617,-1.390867492075376,0.9306909731186863,-0.16290550294266737,1.035077348769775,0.9012397559961194,0.9600313740549815,-0.868038624790568,-1.3033686113370635,0.7940276509832422,0.08597396746710118,2.115751924053466,-8.460715115558681,-5.744187025064917,1.9064216289730318,0.3014255393365417,-1.22450509601002,1.022846409833189,0.46266531770937647,-0.42086063950037556,-2.1550558199717074,-0.11072783380807749,-0.21058846177028911,0.04601721124872782,-4.015835972924542,0.8419964000569102,0.5174283912268152,-1.1137590312422674,1.4286491539829527,1.8272094097874003,0.0,-2.067226899387009,0.009411321827101915,-3.124651503162923,-0.17480993875613748,-0.45344336076640346,0.20768439448390907,1.0221554071538463,4.587208802766174,1.3054459956208575,1.942882699566173,0.0,0.5493631525274267,0.7636482420030788,1.2104955899311598,0.19679150735960604,-2.038514934977975,0.7478589002020364,-0.3542055732070004,0.0,0.027771992124581146,-1.6338210512470197,2.332604554488782,3.775388669020456,0.1664185040845645,-2.2528331865577607,-2.145349086885656
117.13,108.77,148.6,104.36,120.25,113.93,111.16,125.9,104.57,123.04,136.93,134.86,117.38,2005-08-01,108.11,118.28,162.88,147.54,102.94,108.45,147.83,116.19,103.21,114.22,131.56,109.02,98.19,117.38,118.82,106.52,88.41,130.9,140.6,102.62,136.64,132.83,119.55,86.41,106.4,101.76,115.26,124.62,136.98,120.29,129.68,142.69,147.33,129.67,126.44,134.87,134.83,117.28,113.36,139.69,130.87,128.66,144.08,117.13,121.18,118.16,119.64,118.02,115.67,115.92,14.25,44.33688911,1.33662727,103.6115148506128,0.848806913787925,-0.07352265747968545,15.58906404155298,-5.199733932224504,0.9021863883155845,-0.2892328586292514,-1.4734382742525476,1.4077980064794993,0.2873014808995933,1.3501002847621457,0.6962030245829531,0.6621309017541321,1.3120284251803227,-0.12017565578519296,0.5850697148952477,-0.018416771592022485,16.842907909927263,-5.37092583820904,-4.6922298596092205,2.597192613232391,-0.08602891101814336,0.914937275992056,0.20156879880302014,-0.44746197294420753,-0.045852630451648224,2.3181381107280963,0.03408316324744476,0.1937576950891362,-2.007502361241542,-4.251719750292349,0.6899222460272192,0.7782696096548136,-0.058451048912022685,1.4670910782651703,2.3152355444745254,0.0,1.9515664654894849,0.13166558847466092,-0.31397200046674456,0.8276389970833797,-0.6398997998799061,1.4856491532046157,-0.5471743050055267,3.7556460295888883,0.5763299618589457,0.8794411931827284,0.0,1.8519047767237673,0.5874714794993352,0.7593842329085554,0.2475777078831065,2.3654425511050015,2.0174949445055823,3.143570579550392,0.0,0.02082393371631852,0.2921081343885523,5.805288190730451,3.7918170418260777,1.0139300804349105,-1.831311477521365,-0.11199621381278137
118.33,110.23,148.6,105.56,122.41,112.33,111.36,128.12,105.13,119.68,140.37,137.06,119.31,2005-09-01,109.6,119.34,162.83,147.54,103.08,112.66,151.3,116.18,103.71,116.68,128.61,108.77,96.58,117.26,119.0,105.32,88.38,131.34,141.11,102.4,140.9,135.09,119.55,91.02,106.48,99.43,116.89,125.42,140.19,123.35,117.15,143.74,147.35,137.8,127.71,135.85,138.56,117.31,117.08,146.0,132.18,128.66,144.15,118.33,122.01,118.75,120.28,119.04,116.93,117.35,14.25,44.82152316,1.33420909,107.6132255540511,1.0192902314684282,1.3333530869465093,0.0,1.143305136659567,1.7803157101551115,-1.414325705654651,0.179759171180649,1.7479383690655936,0.5340975977241591,-2.7687991531166745,2.4811947202091567,1.6181582851241494,1.6308612757520713,1.3688147209235169,0.8921867109659587,-0.03070215860283554,0.0,0.1359091559555381,3.808519619368411,2.320165588131129,-0.00860696303845998,0.4832795023800962,2.1308731762803568,-2.2678452042860897,-0.2295790530375541,-1.6532696735803043,-0.10228435941188607,0.15137501839346257,-1.1329426317622904,-0.03393857151188229,0.33557078469721446,0.36207486931045807,-0.2146132908412035,3.0700688864374825,1.687110783717749,0.0,5.19758527351879,0.0751597179312391,-2.3163220599830225,1.4042875611158578,0.6398997998799061,2.3163715610685642,2.512034896938431,-10.161471247361575,0.7331667097813188,0.013574046444020382,6.081059701876512,0.999418116075379,0.7239984343590855,2.728871916814146,0.02557653792880643,3.228886644126039,4.418093996887684,0.996016597491689,0.0,0.04857232167108094,-0.18108040589725483,3.7895083389798856,3.802688451731083,1.322690331145493,-1.4013123926552362,-0.8100851495293532
120.45,112.71,148.61,113.21,124.21,114.43,111.53,128.64,106.36,118.96,140.49,139.29,121.34,2005-10-01,112.21,119.9,163.04,147.54,111.17,119.04,154.0,116.18,103.94,118.85,133.51,110.31,99.08,117.34,119.28,105.36,88.37,131.62,141.77,102.54,141.55,135.82,119.55,91.5,107.8,97.77,117.94,126.25,140.61,127.65,113.11,144.16,147.44,137.8,130.56,137.89,141.04,117.85,120.83,146.95,130.54,128.66,144.23,120.45,122.67,120.5,122.47,120.78,119.14,120.11,14.0,45.59952742,1.3512,107.00153363384628,1.7757397664412977,2.2249056278762502,0.006729248681924815,6.99649894548946,1.4597615468680658,1.8522314676145513,0.15254164203355458,0.4050480689699043,1.1631886787079715,-0.6034212074268019,0.08545183173263027,1.6139304542262423,1.6871374626442837,2.3534741162859696,0.4681499939532152,0.12888576982854616,0.0,7.55551754613597,5.508513761821376,1.7687981619319615,0.0,0.2215266978653041,1.8427048806682222,3.739181212400755,1.405902287553129,2.5555924175763245,0.06820119616444131,0.23501773449536856,0.037972280691711546,-0.011315417268065175,0.21296022651462465,0.4666298059871288,0.1366253750147095,0.4602592653274229,0.5389256704055434,0.0,0.5259709692980508,1.2320484388040676,-1.68360974744024,0.8942698952679073,0.6595963040594732,0.29914552222800594,3.4266300712127773,-3.5094368410515386,0.2917681819730511,0.06106041778641824,0.0,2.2070822707625837,1.4904929981293336,1.774009327549031,0.4592625864511035,3.152713721553102,0.648577115658977,-1.2484936835234883,0.0,0.05548235110071076,1.2654412169880502,-0.5700386859685658,3.8198973528701465,2.283641711738049,-1.2545209261197703,-0.27450732264582123
122.14,116.39,148.62,117.21,125.51,115.4,111.65,127.58,106.14,118.05,140.69,140.57,122.47,2005-11-01,116.11,120.3,163.15,147.54,114.87,123.94,155.8,116.47,104.07,120.44,136.05,110.29,98.88,117.42,119.36,106.32,88.33,131.9,142.17,102.82,137.63,136.44,119.55,90.2,107.71,97.57,117.67,126.48,140.75,128.5,109.79,144.15,147.81,137.8,132.38,139.43,142.0,118.15,122.59,147.03,135.38,135.43,144.25,122.14,122.73,121.42,123.56,121.57,120.91,122.17,13.75,45.72289196,1.353685,101.0634713887212,1.3933198734108032,3.2128472699898047,0.006728795884569649,3.4722696645070883,1.0411755116252586,0.8441071744376138,0.10753652797212965,-0.8274186616847423,-0.20705889750702866,-0.7679038620377554,0.14225765255613254,0.9147494643734433,0.9269579519044058,3.416590196213942,0.33305609471652176,0.06744535649145789,0.0,3.2740492911789154,4.033800644918006,1.1620531023018188,0.24930165501739765,0.12499400694716556,1.3289509807330013,1.8846083827252613,-0.0181323663235311,-0.2020610911778853,0.06815471383259109,0.06704659989678063,0.9070356969964166,-0.04527447728728262,0.21250766952958244,0.28174985180662304,0.2726920271804545,-2.8084086566467548,0.45544778647998996,0.0,-1.4309545212897845,-0.08352281122183669,-0.20477123977205025,-0.2291924096520681,0.18201247457474423,0.09951664170753105,0.6636760647781514,-2.979134629664859,-0.0069369775616223706,0.25063518624142134,0.0,1.3843683474980217,1.1106417353279774,0.6783519511645686,0.25423742507770797,1.4460855067686573,0.054425472464014746,3.6405945873389634,5.128163568442634,0.013865779279065293,0.18374168950874292,-5.709441833241868,3.822599090644463,1.8137239508909886,-1.4357341607389045,-1.6739712828675426
122.65,116.08,155.93,116.52,126.06,116.61,111.75,127.35,105.88,118.62,140.69,141.29,125.41,2005-12-01,115.7,121.42,163.33,155.32,113.65,124.78,157.42,116.97,104.24,120.69,136.71,109.96,99.82,117.46,119.49,108.93,88.46,131.98,142.19,102.18,137.37,136.59,119.55,88.28,107.64,97.78,118.38,127.21,140.52,128.51,111.4,144.12,147.81,137.8,132.5,140.44,142.35,118.4,128.37,146.75,135.42,142.2,144.23,122.65,123.81,121.79,123.86,122.04,121.11,122.44,13.5,45.29839145,1.34570909,106.106239921137,0.416684290950986,-0.2667012377952638,4.80144758674701,-0.59042656438546,0.43725474126095065,1.0430679458242054,0.08952552075118803,-0.180441738834336,-0.24526000408480186,0.48168428790589246,0.0,0.5108930434042591,2.372226780276243,-0.3537383439283559,0.9266986721654824,0.11026710257189265,5.138817940730966,-1.0677503858760318,0.675460914867898,1.0344259277656143,0.4283762548055847,0.163218316682201,0.207357101627359,0.4839428714644711,-0.29965970210099613,0.9461570332082836,0.03405994583340899,0.1088549406211392,2.425205968936428,0.1470671683140523,0.06063362320070098,0.014066676067603368,-0.6243922724706863,-0.18909096543273662,0.10987804643551868,0.0,-2.151584568004239,-0.06501045039737363,0.21499880306405927,0.6015692786741411,0.5755071266902334,-0.16354396221736067,0.0077817983775041455,1.4557877246542894,-0.020813820451870413,0.0,0.0,0.09060707354997533,0.7217668093301377,0.24617561227859852,0.2113718816987742,4.607126498993175,-0.19061888813602934,0.029542097703760817,4.877961570185985,-0.013865779279065293,-0.5909424815218334,4.8692106535029644,3.813271523028513,0.1619694483813383,-1.8441424209790482,-1.3210620593013067
123.57,117.61,163.19,109.24,127.66,117.01,112.47,129.29,107.99,117.78,140.73,142.75,127.85,2006-01-01,117.28,122.18,163.54,163.05,106.36,117.56,159.49,117.36,107.78,121.66,136.82,110.0,98.78,117.72,119.56,111.04,88.35,133.48,143.6,104.52,139.68,137.71,123.31,88.48,110.05,94.88,118.13,128.03,140.64,129.36,111.33,144.16,147.82,137.8,132.62,141.77,144.0,118.74,132.45,147.07,136.48,142.2,154.49,123.57,125.33,121.76,123.49,122.42,121.73,122.88,13.5,45.63385459,1.32793333,107.7777469571283,0.7473026411600969,1.3094457287013306,4.550797754604918,-6.451563548572992,1.2612495742946983,0.3424367698625197,0.6422285922251803,1.511874184099593,1.9732252885767743,-0.7106628894155698,0.028427261935437542,1.02803327584029,1.9269331901237585,1.3563603938710145,0.6239757519332478,0.12849146687825552,4.856939737186217,-6.6293983923733535,-5.9603345131924,1.3063831620359068,0.332864217210993,3.3396179688761407,0.8004994262752696,0.0804299388951435,0.03637024953713208,-1.0473408928984185,0.22110732708986447,0.05856515540747509,1.9185022664140128,-0.1244273674475771,1.1301257927897268,0.9867465205840809,2.2642476749759943,1.6676076754177593,0.8166286724233807,3.096681597810491,0.22629563854890122,2.214248211376546,-3.0107121901084,-0.2114076302150103,0.6425347289968464,0.08536065392403813,0.6592492949801354,-0.06285637525680343,0.027750798013492783,0.006765213275894411,0.0,0.09052505144451217,0.9425674829309116,1.152448585195387,0.28675063926240085,3.1288496621243667,0.2178205204016237,0.7797023685870208,0.0,6.872012172854003,-1.3297232110561719,1.5630352607978182,3.820649866278367,0.20302047909313004,-1.6567429243064589,-0.23624272053847906
123.84,120.44,163.2,100.26,129.22,115.14,113.22,129.49,107.64,115.84,140.7,144.43,129.33,2006-02-01,120.25,122.74,163.64,163.05,96.99,109.86,162.26,117.83,110.37,122.53,128.84,110.27,98.85,118.1,119.87,111.8,88.47,134.69,145.42,105.12,139.36,138.22,123.31,85.54,110.15,93.54,117.85,128.65,139.47,131.04,100.95,143.96,147.82,137.8,132.97,143.3,145.89,119.24,134.07,148.6,143.56,143.59,154.49,123.84,125.99,120.8,122.13,121.84,122.02,123.17,13.5,45.97322627,1.32016,106.1113125203356,0.2182612725317945,2.377763775058739,0.006127638716346695,-8.578048477014732,1.2145898302108549,-1.611062198320301,0.6646309192583466,0.15457148142870025,-0.32463043859634055,-1.6608548879018414,-0.021319688813292714,1.1700112576956023,1.1509575689957252,2.5008670847529224,0.45729297393304336,0.06112843273671231,0.0,-9.222168596936786,-6.774201363624233,1.7218762632255746,0.39967738905231087,2.3746245279442135,0.7125629068795547,-6.009486886985371,0.2451537978170215,0.07083945041470585,0.3222799838043855,0.2589484803270814,0.6821063962504148,0.13573127295893883,0.9024187727550981,1.2594450607787522,0.5724114083888843,-0.2293578987099032,0.36965939242143975,0.0,-3.3792434975262076,0.09082652758820586,-1.4223782951675368,-0.23730835782886928,0.4830927269665608,-0.8353909566263695,1.290340483590846,-9.787341898176916,-0.13883106491974218,0.0,0.0,0.2635642927892867,1.0734308704585693,1.3039613507803693,0.42020399673416975,1.2156835895391183,1.0349468371436465,5.057498253603754,0.972749893714564,0.0,-0.587090510686461,-1.5582546956266263,3.8280591894307565,0.27049334809801096,-1.2883553501946725,-2.149215584857967
124.18,122.0,163.44,97.33,130.0,114.65,113.64,129.67,106.82,114.88,140.91,145.56,129.59,2006-03-01,121.91,122.82,167.45,163.05,94.05,106.95,163.84,117.34,110.57,123.34,128.19,108.64,97.96,118.64,119.78,112.0,88.38,135.53,146.49,104.91,139.86,138.32,123.31,79.94,110.16,91.98,118.08,129.7,139.16,128.01,102.61,143.94,147.82,137.8,133.97,144.75,146.57,119.01,134.36,149.26,142.2,143.59,159.5,124.18,126.67,120.62,121.68,121.81,122.36,123.48,13.5,47.09373555,1.32872609,106.945892617336,0.2741716095330027,1.286934111972382,0.1469507979360074,-2.965954539695481,0.6018072325562507,-0.4264769943749691,0.3702728377473541,0.13891034800446178,-0.7647150947081016,-0.8321823337492873,0.1491424586670398,0.779341163088354,0.20083430201696117,1.3710158591184296,0.06515719403017428,2.301590617901539,0.0,-3.0781324658411435,-2.684539238605943,0.9690354884224206,-0.41672042275351373,0.18104467695172488,0.6588871601992174,-0.505778613895469,-1.4892239960200726,-0.9044317532659107,0.4561974626360765,-0.07510953826921352,0.17873105740955353,-0.10178117927006625,0.6217176417200321,0.7331059519767535,-0.19997149929062985,0.35814091715282714,0.07232227117865975,0.0,-6.770774951558511,0.009078117204719405,-1.6817990185962195,0.1949731470022087,0.8128552594644844,-0.22251740868615144,-2.3394234236741696,1.6310049115270786,-0.013893713117152373,0.0,0.0,0.7492355420279928,1.00677816189787,0.46502169554045736,-0.19307456155219782,0.21607131306229377,0.44316194195825886,-0.9518548910266489,0.0,3.1914552900940585,0.6467714782626865,0.7834368850831552,3.8521399889919508,2.029533008777218,-2.43748571552791,-2.2625629973066794
125.84,122.75,163.48,106.27,130.27,115.37,113.96,131.49,106.68,117.6,141.07,147.23,133.37,2006-04-01,122.69,123.05,168.03,163.05,103.51,114.28,165.52,117.6,110.74,123.06,131.51,106.53,97.98,118.64,119.84,112.14,88.44,135.98,147.56,105.66,143.58,138.68,123.31,78.88,110.17,90.07,117.85,130.83,140.66,133.28,115.03,143.96,147.82,137.8,134.51,146.15,148.59,119.16,145.15,149.83,143.94,143.59,159.64,125.84,127.71,122.4,123.94,123.62,124.1,125.61,13.25,46.74577699,1.33092,115.58881575735208,1.3279132813274863,0.6128721941372817,0.024470818670963013,8.787575894620137,0.2074769253890274,0.6260345635284104,0.28119526437206943,1.3938041538034796,-0.13114755978103076,2.3400930164612532,0.11348323793969328,1.1407617133357917,2.8751600186980752,0.6377781226037271,0.18709079358121272,0.345773564963725,0.0,9.584167064861937,6.629014183415727,1.0201691586145145,0.2213331966812504,0.15363068405109814,-0.22727282510031088,2.556935602982957,-1.9613028187279724,0.020414412646196922,0.0,0.0500792932593086,0.12492194004325441,0.06786562866514245,0.33147980703889246,0.7277705986796335,0.7123551992775035,2.6250448872616516,0.2599279441787061,0.0,-1.3348642988797899,0.009077293157400135,-2.0984016316126564,-0.1949731470022087,0.867467920038667,1.0721280596130534,4.034379255051501,11.425757003380177,0.013893713117152373,0.0,0.0,0.40226514315957473,0.962537510415018,1.368770522904672,0.12596046507331593,7.72449257265464,0.38115663518114573,1.2162028710518413,0.0,0.08773579556340394,0.1649776265990721,7.771617196292269,3.8447239198898306,0.6643814724129893,-2.426251894460911,-0.29685335868497686
128.2,123.63,163.48,117.83,130.92,115.89,116.81,133.5,107.31,120.78,141.47,150.47,140.14,2006-05-01,123.61,123.27,168.05,163.05,117.46,118.35,167.5,119.11,110.26,123.37,130.32,106.65,101.2,119.42,121.2,111.99,88.47,141.77,151.82,107.21,147.07,139.22,123.31,83.08,110.19,94.41,117.56,132.57,143.67,132.11,122.07,144.86,148.82,137.8,134.75,147.57,154.38,119.0,166.09,150.01,144.06,143.59,159.64,128.2,128.9,124.96,127.19,126.22,126.57,128.43,13.25,47.15840641,1.41385455,119.7963243188923,1.8580285736547353,0.7143467344206123,0.0,10.325988234064543,0.49772299235071316,0.44971104071018786,2.4701173537897247,1.5170674741476375,0.5888142625222414,2.6681673415228424,0.28314593844323,2.1767738893469613,4.951470230808397,0.7470599096639496,0.178629472636338,0.011901928126434314,0.0,12.64296236987148,3.4994758597420628,1.1891317827832815,1.2758400428283245,-0.43438982332837384,0.2515928771029685,-0.9089930060083518,0.11258092942529885,3.2335380642936506,0.6552993289169251,1.128455386630467,-0.13385091009245897,0.033915550604923794,4.169821003122731,2.846073586014697,1.456313613197846,2.401629276388473,0.3886294923698408,0.0,5.187628871353223,0.01815211477120826,4.705985394877388,-0.24637878314237582,1.3212037287973821,2.117337214275583,-0.8817269528270444,5.940168677378921,0.6232275556349975,0.6742204612374181,0.0,0.17826640686164907,0.9669147918103249,3.8226260253452438,-0.1343634733552257,13.476211964026863,0.1200640485746085,0.08333333815579991,0.0,0.0,6.044926554598823,3.575380134453443,3.85351228396168,0.9461045014356184,-1.7913152161924812,1.5057857802804964
128.63,120.27,163.48,118.82,133.77,117.46,117.29,138.53,108.33,123.82,144.24,151.74,138.91,2006-06-01,119.97,124.29,168.04,163.05,118.84,118.12,169.88,123.4,111.37,126.75,134.2,108.09,100.48,122.52,124.16,112.78,88.52,142.56,152.96,112.46,155.1,140.2,123.31,89.98,110.19,95.03,118.49,136.05,144.03,131.25,139.02,150.81,156.92,137.8,135.67,148.34,156.34,119.21,162.16,152.56,143.25,147.06,159.62,128.63,130.2,126.37,128.9,128.01,127.02,128.76,17.25,47.41160283,1.59285455,117.0795505615854,0.3348521604054966,-2.755401869631058,0.0,0.8366835202346046,2.1535457674515257,1.345638474807398,0.41008173658090286,3.698543082948369,0.9460282018440402,2.4858189211331094,1.9390898424219039,0.8404801139142215,-0.8815681533089759,-2.9889736372894937,0.8240473193991349,-0.005950786993391688,0.0,1.1680200500032711,-0.1945279084270446,1.4108954179949507,3.538367557847799,1.0016778243471691,2.7028672387919173,2.9338260243791936,1.341176851075243,-0.7140054133476958,2.5627590845727966,2.412898279969511,0.7029436784433685,0.05650036875541886,0.5556937592959166,0.748084071446975,4.7808074995908,5.316140627027099,0.7014558859968822,0.0,7.9783424405114545,0.0,0.6545631478798164,0.7879727277932069,2.5911657418497214,0.25026081883305906,-0.6531007418529633,13.00231569906316,4.025300760541395,5.299859937223683,0.0,0.6804256708110579,0.5204296833054123,1.261602727047606,0.17631506183803936,-2.394630796716335,1.6856002751365118,-0.5638523866367429,2.387865046179005,-0.012528973267045274,11.92080230782972,-2.2939380311282953,3.8588669841890004,0.911781835095038,-0.08008342207338924,0.21035581073767481
129.72,121.97,163.5,110.58,136.12,120.77,116.2,142.5,108.53,125.35,145.8,152.82,142.21,2006-07-01,121.6,127.18,168.41,163.05,109.99,111.81,173.56,126.46,112.96,128.68,136.97,111.14,103.35,125.51,127.39,117.02,84.94,143.68,154.46,115.97,160.02,143.37,123.31,90.15,110.39,95.98,118.98,140.12,144.06,134.29,140.34,151.95,159.45,139.76,135.23,149.62,157.16,120.75,169.48,152.86,144.44,148.93,160.14,129.72,132.3,126.87,129.07,129.02,128.15,129.95,17.5,47.34646813,1.55078095,121.4810706225316,0.8438215348492761,1.4035897532621355,0.012233164123198748,-7.187050201780831,1.7414942325210347,2.779006019290975,-0.933665611560297,2.8255091038917435,0.18445085004472617,1.2280926513216883,1.0757240679495794,0.7092228309491411,2.3478596975307298,1.3495258005230326,2.298586108184164,0.21994361667818652,0.0,-7.738859802538123,-5.4900054716445545,2.1431055485079398,2.4494941159179717,1.417578233992245,1.5112059899532682,2.043069920914853,2.782645442366327,2.816258340788913,2.411115470778036,2.568219068678701,3.690584198105462,-4.128339029772388,0.7825640831390146,0.9758713838026623,3.073393410455605,3.122873723948505,2.2358726657686567,0.0,0.18875262362998413,0.181340153057441,0.9947205206875864,0.41268429311109855,2.9476733100030295,0.02082682502582145,2.289773912135118,0.945024215180279,0.7530752990208001,1.5994272114714825,1.4123307246243222,-0.3248434011949186,0.8591810135846423,0.523127189807493,1.2835648802772326,4.415142361461388,0.19645085225743486,0.8272840814408156,1.2635730129700207,0.3252442196624905,-2.6769078290071358,3.690483021039892,3.857492226142565,0.2326577698666732,0.6496322301879329,0.3146033370216381
129.15,120.5,163.49,102.93,137.72,123.11,118.11,142.56,107.91,126.55,146.39,153.94,141.38,2006-08-01,119.91,129.12,168.26,163.05,102.1,104.94,177.0,127.53,113.48,129.91,140.22,112.36,103.92,127.24,129.46,120.55,88.19,144.5,154.7,116.46,157.17,146.76,123.31,85.97,110.39,95.15,120.79,143.85,143.42,136.07,146.46,152.41,159.93,141.01,135.61,150.96,157.95,122.87,162.29,154.44,149.08,155.72,160.28,129.15,133.37,127.31,129.06,129.23,127.56,128.77,17.5,47.21079415,1.46219091,122.1143348361788,-0.4403761897267877,-1.2125359924437085,-0.00611639499865646,-7.169009537131821,1.1685788837617395,1.9190354372240037,1.6303549205944456,0.04209640137942117,-0.5729086082281398,0.9527662386830116,0.4038473608762416,0.7302157886750926,-0.5853537641796969,-1.3995508140724588,1.5138798682377441,-0.08910803452950589,0.0,-7.44367273984059,-6.341224390071076,1.9626371643679086,0.8425578408341572,0.4592836195718597,0.9513200636815711,2.345069403209177,1.0917334384267896,0.5500086234566659,1.368963020858871,1.611870599566867,2.9719744267089787,3.7548453014964345,0.5690902998597203,0.15525944379017886,0.42163294403616547,-1.7970785333740302,2.336989822890523,0.0,-4.747655146297358,0.0,-0.8685242687940686,1.509808885742725,2.6271891668271152,-0.44524910067877954,1.3167818609683302,4.268430380878119,0.3022738534956382,0.3005826046712734,0.8904144023337501,0.2806086614586256,0.8916154616035676,0.5014132557835005,1.7404593346797448,-4.335006743056713,1.0283201581297696,3.1618878201800094,4.45831258444791,0.08738531234566693,-5.88227085588004,0.519932335372264,3.854622556064669,-0.5670526488046335,0.3063432792689041,-1.671443837845606
130.81,123.95,163.77,105.42,139.12,125.11,120.14,140.05,107.8,127.39,151.74,156.9,139.99,2006-09-01,123.52,130.17,172.71,163.05,102.6,113.6,181.21,128.22,113.47,130.67,144.6,113.37,103.0,128.33,131.09,123.38,91.48,145.54,155.03,115.18,150.08,148.98,123.31,85.64,110.31,94.12,123.21,145.42,146.57,138.51,146.36,154.99,160.81,154.94,138.44,152.44,162.99,124.2,157.2,160.72,144.81,155.72,160.4,130.81,134.41,129.13,130.99,130.28,129.28,130.51,17.5,47.19650969,1.47214286,112.4056434032715,1.2771369158286028,2.8228505550489835,0.17111780744540894,2.390322588859206,1.0114231575705013,1.6115085669785145,1.7041335798259283,-1.7763462016382014,-0.10198879007452533,0.6615760130562975,3.5894236726608852,1.904574363281597,-0.9880309256073971,2.9661624885124027,0.8099083956730091,2.6103485233160306,0.0,0.48852075660494876,7.929474802848535,2.350684715023732,0.5395907520302501,-0.008812513775247055,0.5833157993413884,3.0758691945842465,0.8948803793463966,-0.8892384132708209,0.8530004375426614,1.2512157092353426,2.320441915431193,3.662679125449131,0.7171455366453472,0.2130888999250402,-1.10517443304472,-4.615953683032359,1.5013469261048407,0.0,-0.3845934464870915,-0.07249660489696552,-1.0884029882997304,1.9836716019390188,1.085501722435378,2.1725741584780245,1.7773065984240333,-0.06830134819173495,1.6786340811201228,0.5487324363153689,9.420713535461722,2.0653899667289366,0.9756174945365181,3.1410321983447176,1.076628361989851,-3.1865978332684897,3.985804911064328,-2.90605362705465,0.0,0.07484096644700955,0.6783133029987176,-8.284363223788027,3.8543199426115144,-1.0804082908729473,0.22655474369713421,-1.0109083427199206
132.47,124.89,163.78,115.61,140.91,125.56,120.39,140.16,107.61,129.29,151.67,158.8,139.91,2006-10-01,124.5,130.38,172.8,163.05,112.98,123.13,184.22,128.72,114.8,132.28,144.37,114.21,103.01,129.84,133.01,124.28,91.51,146.02,155.34,117.05,147.89,150.45,123.31,83.91,110.39,93.32,123.76,147.96,145.22,142.81,154.95,155.53,161.12,155.64,138.89,154.07,165.25,124.71,155.75,162.26,146.01,155.72,160.5,132.47,135.35,131.48,133.63,132.21,131.02,132.32,17.5,47.49264242,1.47624211,110.7082753938089,1.2610315996035126,0.7555091393794733,0.006105938026657043,9.227008626016975,1.2784518660986066,0.35903816444440295,0.20787435249198793,0.07851254819639664,-0.17640782625960583,1.480469614476565,-0.04614218466238995,1.2036889074048318,-0.057163274153992916,0.7902629628295799,0.16119750180241255,0.05209690141274592,0.0,9.637287916044723,8.05572015177285,1.6474115836023095,0.3891964125016578,1.165299908256845,1.2245827112536745,-0.15918610829412927,0.7382053033008873,0.009708266596586412,1.1697851949965532,1.454020315548643,0.7268060743354177,0.03278867727063428,0.3292635708999292,0.19976164132309293,1.6105071858393494,-1.46997310792365,0.9818734327924794,0.0,-2.040766783950332,0.07249660489696552,-0.8536116705932351,0.4453989628233401,1.7315859742342177,-0.9253296087107898,3.057255027783423,5.703314408275073,0.34780403475087596,0.1925885104319569,0.4507702912596834,0.32452341609836566,1.0635968588023736,1.377062950025465,0.40978724332774163,-0.9266722327543775,0.9536266460239418,0.8252574172961324,0.0,0.06232471376561577,0.27806766640373626,-1.5215552354503004,3.8605748026218536,-0.9075838293811422,-1.1219479801543486,-1.3401873350190852
134.18,128.28,163.8,121.16,142.74,124.96,120.59,139.77,107.45,126.89,151.51,159.93,141.04,2006-11-01,128.07,130.95,173.14,163.05,118.89,127.53,186.84,128.98,115.15,134.47,140.53,114.42,104.13,131.05,134.42,124.38,91.61,146.38,155.46,116.6,146.99,150.76,123.31,82.73,110.41,91.1,124.14,149.5,145.88,141.55,145.12,155.6,161.12,155.72,139.73,155.68,165.7,123.35,161.29,162.12,145.81,155.72,160.51,134.18,135.72,132.51,134.55,133.36,132.81,134.23,17.5,47.30734657,1.45102273,113.4629315236608,1.2825977438571279,2.678202494996018,0.012210757692709961,4.688952847180605,1.2903404835907573,-0.4790045882376859,0.16598891685664086,-0.2786412691266449,-0.14879571237811362,-1.8737373857637962,-0.10554786915610848,0.7090670689743561,0.8044179344421032,2.8271273533218455,0.43623074573275744,0.19656594176717945,0.0,5.098788397333731,3.51109232340292,1.4121940073818173,0.20178508981034682,0.30441423812277435,1.6420237722186926,-2.69584595290695,0.18370297778673716,1.0814047646202418,0.9276006563079697,1.0544913176615545,0.08043111508966305,0.10921800998300313,0.24623815451416675,0.07722008105721656,-0.38519200205282544,-0.6104196924781924,0.20583653228802845,0.0,-1.4162502679886835,0.018115942078544833,-2.40766428873167,0.30657547206960345,1.035442586648827,0.45345319883782764,-0.8862063906932782,-6.554149786693042,0.04499726878224308,0.0,0.05138746259021332,0.6029736164228972,1.0395573844011352,0.2719445700721579,-1.0965198957290312,3.4951829261529177,-0.08631852068106127,-0.1370708185278069,0.0,0.006230335505552631,-1.7231105054016427,2.4577597013808905,3.856665602041853,-1.719873998277155,-1.7432201718127092,-2.1273371737302686
134.49,129.05,163.82,118.74,143.76,125.13,120.61,140.27,107.3,128.41,151.56,160.42,140.87,2006-12-01,128.83,131.83,173.42,163.05,116.12,126.2,188.92,129.47,115.29,135.4,141.18,114.61,103.22,132.11,135.3,124.71,91.61,146.51,155.12,112.62,148.32,154.19,123.31,81.64,110.42,90.54,124.32,150.14,146.53,141.53,155.16,155.61,161.12,155.74,140.07,156.56,165.66,123.79,159.62,162.47,147.39,155.72,160.54,134.49,136.24,132.62,134.52,133.58,133.13,134.4,17.5,49.02784104,1.4264,115.4036174115962,0.23076647007158613,0.5984551339668798,0.012209266848639544,-2.0175757316507337,0.7120448932382395,0.13595107855879363,0.016583747965004392,0.35709222347648506,-0.13969734518672894,1.1907700434359292,0.03299567786561042,0.30591564359996326,-0.12060588173996578,0.5916716365453212,0.669764281615759,0.16158821613867502,0.0,-2.3574556714024197,-1.0483680931695716,1.1071009394008513,0.3791840488324816,0.1215066978168089,0.6892234642395856,0.46146828546724805,0.16591716682246016,-0.8777485821222619,0.8055979120847212,0.6525308634922844,0.26496462569127743,0.0,0.08877053401405988,-0.2189452867677133,-3.4729954089919524,0.9007544563648828,2.2496439784326583,0.0,-1.326295526044774,0.009056740485302583,-0.6166062258099458,0.1448925633830811,0.4271799314114588,0.4445819709454568,-0.014130281216129248,6.689585620493954,0.006426528712744073,0.0,0.012842740658491891,0.2430308558598604,0.5636704650125779,-0.02414292623997838,0.3560738568353372,-1.040799648122892,0.21565675815509167,1.0777730520472595,0.0,0.01868867783052508,-1.7114851271141873,1.6959511230973057,3.892388321244732,1.463240937851129,-1.5811167810937856,-2.070722095679028
135.84,134.78,163.83,108.73,145.46,125.25,121.41,140.23,109.14,128.43,151.56,162.23,141.97,2007-01-01,134.85,132.91,173.56,163.05,105.82,117.25,191.92,129.5,120.25,135.72,139.25,113.99,104.29,132.76,135.53,126.12,91.59,148.06,156.63,114.46,145.67,154.7,125.44,80.12,112.82,90.65,124.65,150.32,147.55,141.62,152.72,155.63,161.23,155.74,140.23,158.22,168.61,124.15,158.73,163.95,151.08,158.72,168.8,135.84,137.36,132.17,133.75,133.27,134.53,135.84,17.5,51.00842163,1.4198,110.90569625186032,0.9987875727579976,4.3443893353448,0.006104074471657839,-8.806848383287047,1.175589225109075,0.0958543088009911,0.6611047960732641,-0.028520499302064906,1.7002812121432953,0.015573898178189438,0.0,1.1219705483529019,0.7778288403266664,4.566934378230503,0.8158993663363034,0.08069629811355838,0.0,-9.288460168044388,-7.355954278072474,1.5754973503523395,0.02316870690366457,4.212221574100816,0.23605794378545042,-1.376479315993251,-0.542433525992081,1.0312847412540016,0.4908077961511381,0.16984828511814598,1.12427927442047,-0.021834061222048007,1.0523911501730154,0.9687325156174431,1.6206097154483956,-1.8028312356688225,0.3302149395758569,1.712604671965856,-1.8793827144026665,2.1502351455930935,0.12141951930475514,0.26509233502300944,0.11981629603541322,0.6936915739014893,0.06357054778804994,-1.585066315427408,0.012851818549997063,0.06824880053954985,0.0,0.11416340876042597,1.0547146505429872,1.7650860619771613,0.2903930410457001,-0.55913448637126,0.9068133948998636,2.472736299558953,1.9082120794307933,5.017144945842578,-0.4637770943645092,-3.9755443408322044,3.931990749091868,5.067580998926102,-1.3436994456782938,-0.6222348499964245
136.42,136.94,167.94,101.69,146.18,126.19,121.96,141.17,109.04,127.46,151.68,163.24,143.68,2007-02-01,137.07,134.24,175.8,167.28,98.62,110.79,194.45,129.81,121.06,135.74,139.78,113.61,105.72,133.41,135.89,127.59,91.57,149.24,157.31,116.23,146.48,154.45,127.56,74.99,113.62,89.23,124.0,151.19,149.17,142.37,144.78,155.68,161.43,155.74,141.2,159.17,169.96,125.17,162.39,165.0,153.45,154.46,168.8,136.42,138.39,132.02,133.15,133.26,134.96,136.3,17.5,49.81386448,1.390245,116.9030302461848,0.4260639663535848,1.589905417484605,2.477746792324531,-6.693877520661218,0.49376043258515523,0.7476967699845183,0.451987456416969,0.6680906157549238,-0.09166743698081348,-0.758141893881703,0.07914523563119502,0.6206429115296785,1.1972836878407556,1.6328694657550713,0.995703528565528,1.282362432092654,2.5612152885050143,-7.046545668000537,-5.667188979380722,1.3096442070317238,0.23909617653101733,0.6713381477671199,0.014735135958332535,0.37988792415895034,-0.3339194666874157,1.3618609602966458,0.48841063389408745,0.26527169044818777,1.1588163256791795,-0.021838829525577808,0.7938151338005461,0.43320447438430776,1.5345569674660275,0.5545110905398332,-0.16173382144293313,1.675928553975936,-6.617073948431962,0.7065918817151129,-1.578863128880048,-0.5228244364530177,0.5770968886899652,1.0919493776889944,0.5281888402025814,-5.339083055249727,0.03212232207765453,0.12396951937896361,0.0,0.6893393320582142,0.5986343848512377,0.7974759456721436,0.8182301385756041,2.27962038928462,0.6383970609922685,1.5565283221488535,-2.720648039544482,0.0,-2.1036026019533525,5.266453294208073,3.9082933484964757,2.376131996099762,-1.6154975910590692,-1.2440444894938425
137.67,137.79,180.06,101.41,146.77,128.43,122.29,142.88,108.5,126.98,151.53,164.59,144.39,2007-03-01,137.92,135.06,179.06,179.96,97.56,113.08,196.37,130.1,121.41,135.9,140.81,114.38,109.15,133.94,136.31,130.89,91.6,149.71,158.43,116.21,151.46,154.35,127.56,70.94,113.69,87.66,124.42,151.94,146.71,145.19,145.19,155.68,160.77,155.74,141.56,160.57,170.6,125.66,161.99,165.34,154.86,154.46,173.09,137.67,139.81,132.66,133.71,134.03,135.74,137.16,17.5,50.6855068,1.40286818,119.60945385344732,0.9121154848278579,0.6187913312894366,6.968335592491304,-0.2757264179141572,0.402799657086117,1.7595301160145738,0.2702151081225068,1.2040279232079953,-0.49646144077630794,-0.3772996143843521,-0.09894133586412224,0.8236022518372188,0.49293674292378853,0.6182062672093203,0.6089881427799426,1.8373959954933738,7.306554885259331,-1.0806507448260838,2.045901529280858,0.9825574160382544,0.22315426135568472,0.2886957092342435,0.11780298814860757,0.7341705880237193,0.6754707905357371,3.19289932598652,0.3964845291189789,0.3085968650345272,2.553527786997556,0.032756456044413795,0.314434110878814,0.70944745525372,-0.017208742083418826,3.3432663319421962,-0.06476684164224977,0.0,-5.552032196782175,0.061589901203440434,-1.7751610921396654,0.3381373481836647,0.49483820829658853,-1.6628746014285767,1.9613926869942233,0.2827880630601243,0.0,-0.40968399945686684,0.0,0.25463304181210233,0.8757171119830431,0.3758519810967975,0.3907033634868995,-0.24662445449497028,0.20584859239489717,0.9146701892833065,0.0,2.509710827645062,0.9038850293604739,2.2887094152580723,3.925640007797888,3.8238703677886843,-1.5078426035041275,-0.9549258748333962
139.33,139.09,180.11,112.88,147.17,127.91,122.63,144.15,107.89,127.87,152.06,165.48,144.88,2007-04-01,139.28,135.4,179.89,179.96,108.56,126.01,198.45,130.57,121.89,135.56,140.93,114.69,106.05,134.57,136.65,131.77,91.58,150.4,159.0,116.41,154.21,155.19,127.56,67.65,113.56,87.2,124.5,152.18,150.26,146.54,145.98,155.72,162.29,155.74,141.5,161.51,170.84,125.68,163.51,165.6,155.78,154.46,173.22,139.33,140.52,134.49,136.0,135.65,137.47,139.25,17.5,50.93860856,1.355275,126.4144923061812,1.1985703050648944,0.9390418613227425,0.02776466686356116,10.715360192065404,0.2721645552914431,-0.4057117213663197,0.2776418572655537,0.8849306956222769,-0.5637983417265957,0.6984529080773072,0.34915546522196195,0.5392808537234117,0.3387841592029872,0.9812488544550746,0.25142363314785143,0.4624607768584532,0.0,10.683544217889462,10.826573605621181,1.0536544466935638,0.3606095901487194,0.3945751111861462,-0.25049744182474853,0.08518492741993455,0.27065978892606424,-2.881240198526136,0.46925712715450985,0.24912087913255831,0.6700702753533072,-0.02183644511353222,0.45983220539937975,0.359134683328044,0.1719543025367365,1.7993746183888604,0.5427421735364923,0.0,-4.748709472867851,-0.11441145362445226,-0.5261364075729524,0.06427768178882687,0.15783246733009904,2.390927778946139,0.9255199236221756,0.5426396527889565,0.025690430456037916,0.9410086152922048,0.0,-0.04239383939701469,0.5837075688828186,0.14058109156867005,0.015914697256480537,0.9339545614448497,0.1571282126629825,0.5923272533224555,0.0,0.07507724645909875,-3.4514455128012154,5.533424547152865,3.930621153905372,4.07026140023663,-1.949866074650436,-1.7292743782768805
140.03,136.78,180.13,125.69,147.72,130.28,122.73,144.31,107.63,125.59,152.68,166.9,143.87,2007-05-01,136.85,135.08,180.23,179.96,123.53,131.58,200.8,130.7,123.02,135.24,146.03,115.24,109.19,135.31,136.85,131.7,91.58,150.61,159.15,114.42,156.94,155.23,127.56,65.96,113.56,83.46,124.62,152.94,151.54,144.76,141.1,158.0,163.76,155.74,141.52,163.01,171.12,125.4,160.01,165.99,156.41,154.46,173.21,140.03,140.95,136.52,138.52,137.38,138.2,140.15,17.5,51.75774473,1.33185652,126.7655070833609,0.5011465242184876,-1.674740994908852,0.011103708650050947,10.749325039218771,0.37302088083412954,1.8359088796731093,0.08151288354829589,0.11093393635750459,-0.24127702870417878,-1.7991489793041993,0.40690480767384685,0.854448907457872,-0.6995699526215482,-1.7600859973245342,-0.23661649608071045,0.18882600301193264,0.0,12.91810260221089,4.325376277625015,1.1772208588499034,0.0995139210228757,0.9227945112476377,-0.236336889916533,3.554876684896069,0.4784073839896763,2.917880301528264,0.5483932522102997,0.14625231126110805,-0.05313698079252305,0.0,0.13953027080182423,0.0942951507870049,-1.7242553419766438,1.7548256829761577,0.02577153548184441,0.0,-2.529885692539935,0.0,-4.383685575152718,0.09633912113136134,0.49816568677023554,0.8482489562212869,-1.222123003627651,-3.400076716471734,1.4535510284711783,0.9017083025242734,0.0,0.014133276823802277,0.9244488367777137,0.16376188008848658,-0.22303657485451822,-2.1637837265712,0.23523036269690323,0.4036009194347656,0.0,-0.005773172070977495,-1.7430537170697702,0.27728493793324205,3.9465740775664013,5.449191216954707,-2.289646044787729,-1.7313441335575244
139.69,134.13,180.16,127.32,148.3,130.59,122.81,144.07,109.15,127.24,156.07,167.79,142.98,2007-06-01,133.97,135.85,180.74,179.96,125.32,132.65,202.91,130.75,123.68,135.25,146.31,115.45,109.26,136.02,137.55,132.18,91.58,150.77,159.32,113.09,156.45,156.98,127.56,62.7,115.9,83.1,124.83,153.63,155.76,146.08,146.97,163.22,169.79,155.74,142.63,163.95,171.28,125.06,156.16,167.14,159.84,154.46,173.31,139.69,141.21,137.31,139.5,137.96,137.84,139.7,17.5,50.67618528,1.31519524,127.0757325982929,-0.2431003628226236,-1.956431675595116,0.01665325158590747,1.2885044477145335,0.39186591595239406,0.2376663824283476,0.0651625012875634,-0.1664470874604973,1.4023663719746615,1.3052433850908152,2.1960396677433103,0.531836683381659,-0.6205353710236672,-2.126954119779345,0.5684140354989431,0.28257214690956545,0.0,1.4386424535268283,0.8099048925896746,1.0453143161958778,0.038248231485660256,0.5350641058890382,0.007393988690562736,0.19155783376909596,0.18206255841768382,0.0640878941597478,0.5233491471940077,0.5102051883895342,0.3638021293070892,0.0,0.10617825670697911,0.10676045853417193,-1.169192695714738,-0.31270965844356624,1.1210520660315915,0.0,-5.068705005252294,2.039641874093512,-0.4322773302003924,0.1683704546883824,0.4501426526489105,2.7466744560716627,0.9077218151117172,4.075962545982481,3.250395101412984,3.616043797488633,0.0,0.7812814683800795,0.574995467245909,0.09345795072768226,-0.27150060596685677,-2.435519061600022,0.6904238995161904,2.1692550214093664,0.0,0.0577167279095292,-1.2588722506691963,0.24442495614254156,3.9254560819017237,3.15626452173956,-1.6914699274136569,-1.4713804274938123
138.67,133.18,180.22,117.5,149.12,130.89,122.93,144.03,107.61,127.55,157.19,168.6,142.67,2007-07-01,132.91,136.79,181.67,179.96,115.14,124.11,205.81,131.12,123.98,135.45,146.21,114.81,109.35,136.5,137.78,133.46,91.57,151.05,159.38,112.97,155.37,158.38,127.56,61.88,114.25,81.55,124.92,153.76,156.0,146.77,154.25,165.87,171.41,156.01,142.4,164.74,172.15,125.06,155.02,167.4,159.44,154.46,173.34,138.67,141.5,136.45,138.1,137.25,136.77,138.35,17.5,50.44727003,1.27597273,129.6097514338476,-0.7328671973686696,-0.7107882231522922,0.03329818555650732,-8.026526882967833,0.5514101793393955,0.22946315713117116,0.09766420569565781,-0.02776813624230101,-1.4209502783652184,0.24333777068772378,0.7150640185684232,0.48158480661486536,-0.21704892119824848,-0.7943686855653276,0.6895567228996313,0.5132319976843824,0.0,-8.472168683632741,-6.65458114423183,1.4190882104836433,0.282583149054183,0.24226774346614022,0.14776508045128978,-0.06837139607247522,-0.5558947694783711,0.08233841552049981,0.3522680877521722,0.16707227944667835,0.9637177433154065,-0.010920010930881574,0.18554110418538272,0.037652965615908585,-0.1061665144398205,-0.6927101010981929,0.8878800083598648,0.0,-1.316442193400924,-1.4338720571391406,-1.8828372794379433,0.07207207519179804,0.0845831079414161,0.1539646185593213,0.47123187764483987,4.834617846690392,1.6105364976854553,0.9495968191045812,0.17321576103181968,-0.16138655574557959,0.48069702224449173,0.5066545503106035,0.0,-0.7326981811416999,0.15543734820848698,-0.2505638995704551,0.0,0.017308524491443933,-3.027631287094701,1.9744795230451473,3.9209286329469863,2.557123893821256,-2.0651760476379275,-2.1264067303588123
138.7,135.43,180.22,109.12,150.17,130.84,123.09,143.89,104.47,128.28,157.6,169.79,143.61,2007-08-01,135.21,138.17,181.76,179.96,106.83,115.59,208.71,131.84,124.06,136.09,145.64,114.63,109.61,137.13,138.35,133.45,91.59,151.38,159.48,112.96,154.49,158.98,127.56,60.86,110.77,81.02,124.94,153.87,158.33,148.59,155.25,167.06,171.86,156.29,142.16,165.87,173.72,125.4,157.18,168.46,161.69,155.98,173.36,138.7,142.28,135.88,136.8,136.84,136.81,138.3,17.5,51.22634188,1.30828182,125.5713719404112,0.021631755501339,1.6753304984804096,0.0,-7.399013948906141,0.7016634754908324,-0.038207313344429394,0.13007074429554066,-0.09724924356317999,-2.9613631362884085,0.5706930237133534,0.2604912683632499,0.7033333760165128,0.6567020945804636,1.7156917937425575,1.003790796722459,0.04952810821334808,0.0,-7.490999328986714,-7.111882183525431,1.39923155192907,0.5476131725587585,0.06450572711980129,0.47138630411218685,-0.3906121122113859,-0.15690379788022568,0.2374864104854879,0.4604766386748338,0.41284960678851235,-0.007493162492711036,0.021838829525577808,0.21823240483396233,0.06272345435514026,-0.00885229939058263,-0.5679999779951039,0.37811993627006046,0.0,-1.6620881236041107,-3.093305024547277,-0.6520291292479108,0.0160089650546702,0.07151448473043942,1.482545526380541,1.2324099645148578,0.6462058028090745,0.7148680309809308,0.26218443661107926,0.17931480949435752,-0.1686815131479058,0.6835875504848765,0.9078617882088302,0.27150060596685677,1.3837504584663485,0.6312174831842654,1.4013245847183775,0.979263076123349,0.01153735219050489,2.5005875321836903,-3.1653725989440495,3.93625388958469,3.977262012079219,-1.7183853897354406,-1.924787534220845
140.13,138.53,180.26,110.89,151.62,129.22,123.19,144.77,103.95,127.37,161.19,171.6,144.74,2007-09-01,138.41,139.8,182.29,179.96,106.86,123.1,212.17,132.65,125.03,136.99,138.67,115.64,110.26,137.69,138.9,133.19,91.57,151.61,159.66,113.87,154.93,160.28,127.56,56.92,110.86,80.2,125.04,154.52,158.43,148.5,149.77,171.09,172.51,165.79,143.63,167.38,178.03,125.94,160.91,175.5,159.24,155.98,173.37,140.13,143.5,137.06,137.5,137.98,138.3,139.92,17.25,51.59555674,1.261305,131.7285732965819,1.025723586134042,2.263200700250767,0.022192632137318924,1.6090524869972533,0.9609404935968513,-1.2458824540163782,0.08120838516783024,0.6097157390625441,-0.49899345453949806,-0.7119138223285582,2.2523615985060808,1.0603807725941827,0.7837737365454345,2.3391169537943846,1.172801873113194,0.29116900120431666,0.0,0.028078057182856497,6.2947585884232105,1.64421115213651,0.6125014422586617,0.778838896193701,0.6591498891072689,-4.904081354145973,0.877236702122719,0.5912601933905748,0.40754004445187064,0.3967543527362949,-0.1950195637594021,-0.021838829525577808,0.1518202212469788,0.1128031704499044,0.8023673077581783,0.28440326842424923,0.8143877622977413,0.0,-6.692937124717346,0.08121644628173996,-1.0172522902075265,0.08000640477971999,0.42154477287938974,0.06313928736085828,-0.06058770255013002,-3.5935936809283753,2.383670450879638,0.3775013920575887,5.900867139727239,1.028736459733537,0.9062327586776497,2.4507267750149886,0.42969748617762704,2.3453557033029426,4.094071001870336,-1.5268423619606786,0.0,0.005768176969311867,-3.6567789275596785,4.78692450272602,3.9434355590899424,4.6161488166052145,-1.108449126059124,-2.1509651536788796
142.67,143.26,180.26,120.0,152.6,129.54,123.28,144.17,103.93,127.7,160.88,174.25,146.22,2007-10-01,143.41,140.26,182.4,179.96,115.66,133.12,215.33,133.12,125.29,137.39,138.5,116.0,110.87,138.15,139.16,133.64,91.61,151.77,159.67,111.51,154.73,161.84,127.56,51.81,111.74,79.64,125.75,155.05,158.61,148.33,154.76,167.42,172.64,166.09,144.98,170.24,178.15,127.14,161.47,178.07,167.01,158.72,173.4,142.67,144.5,139.38,139.65,139.93,140.94,143.06,16.75,51.22414807,1.19659048,139.4462109492583,1.796370794459623,3.35742525165168,0.0,7.895302381692115,0.6442728222198824,0.24733356247512717,0.07303120379775763,-0.4153117342140078,-0.019241870369146596,0.2587526436824916,-0.19250479444430368,1.532486258677146,1.0173307427187694,3.5487365832509887,0.32850133090542855,0.060325209540135205,0.0,7.91352862004473,7.825394388249052,1.4783894993492197,0.353689648915001,0.20773417505530745,0.29156664725578096,-0.12266841383796745,0.3108273958218888,0.5517130622722632,0.33352699131441454,0.18701005234431634,0.3372937275615939,0.043672890747625814,0.10547828784632785,0.006263113395732489,-2.0943173845243024,-0.1291739506619649,0.9685907091546042,0.0,-9.406359239495421,0.7906600039343736,-0.7007035676473095,0.5662122866627151,0.3424107748377203,0.11355035285172121,-0.11454369072332327,3.27747458280081,-2.1684108604646646,0.07532957041718191,0.18078828595333718,0.9355253428999788,1.694252954855191,0.06738166350732655,0.9483238447666409,0.3474164422470949,1.4537688507302526,4.764119273140999,1.7413849634211331,0.01730253486451616,-5.267065319994376,5.693539964090011,3.9362110628495244,3.8463494599076054,-0.9800758924412856,-2.3633740672705237
145.45,144.05,191.99,125.16,158.72,130.1,122.45,147.77,103.87,127.34,160.68,176.84,148.92,2007-11-01,144.2,141.04,186.56,192.16,120.89,137.98,217.52,133.65,142.88,142.14,139.68,116.67,111.34,138.78,140.08,133.51,89.75,151.87,159.73,110.63,166.34,161.47,127.56,50.9,111.83,78.76,125.73,155.67,160.35,148.83,150.54,166.82,172.65,166.09,144.95,172.96,178.94,128.33,169.74,178.75,165.59,158.72,173.42,145.45,146.96,140.94,140.94,142.92,143.34,145.26,16.25,51.38378664,1.18474545,147.5911629313196,1.929811381448765,0.5499300344232516,6.304303420980073,4.210117601863583,3.9321524686206644,0.4313671763688909,-0.6755407613684206,2.466385209173083,-0.057747836061050606,-0.28230884496140973,-0.1243935973315402,1.4754319317408893,1.8296912139346588,0.5493564109728233,0.5545694980851223,2.2550825521896023,6.559375435870152,4.422618848382864,3.5857770045064186,1.0119065205698163,0.39734655120291507,13.137406687072684,3.3988890462892662,0.848376646389859,0.5759245729401563,0.4230238971101308,0.4549894101977259,0.6589337693855057,-0.09732360865521983,-2.0512408658728276,0.0658674770224188,0.03757044502554763,-0.7922972930450634,7.235222393896024,-0.22888259659605836,0.0,-1.7720257270219975,0.08051170090945803,-1.1111225425071147,-0.01590583747583807,0.3990736501299885,1.0910567223695544,0.3365193645546327,-2.7646700225926857,-0.35902384184449687,0.00579223261771844,0.0,-0.020694650506669632,1.5851147737618199,0.44246620676053894,0.9316229748106863,4.994848764800164,0.3811450160893237,-0.8538837209132843,0.0,0.011533360257232061,-0.994830468165464,5.676709632352495,3.939322687681574,4.140595071740316,-1.8573929303181935,0.5341460303901377
145.77,144.57,192.0,123.59,160.26,130.35,121.63,147.65,105.39,126.79,160.6,177.85,148.02,2007-12-01,144.69,141.89,186.77,192.16,119.06,137.32,219.17,134.02,143.12,144.27,139.95,116.92,111.36,139.25,140.04,133.92,87.71,152.1,160.08,108.89,166.55,163.34,127.56,50.31,113.7,77.68,125.36,156.12,158.49,149.36,151.93,166.52,172.63,166.09,145.4,174.06,178.82,128.3,166.85,178.69,163.89,158.72,173.42,145.77,147.38,141.36,140.97,143.47,143.67,145.57,15.75,52.77515348,1.17296316,147.7601640601738,0.21976521447104602,0.3603357789813799,0.005208468971673597,-1.262328319903716,0.9655852813361676,0.1919754861051004,-0.6719133767831842,-0.08124027256108945,1.4527637706125418,-0.4328500049022743,-0.04980079784200342,0.5695129436421809,-0.6061849235195815,0.33922978981415497,0.6008571429606313,0.11250101633883958,0.0,-1.5253473488656688,-0.4794778528471433,0.7556884069412462,0.2764599960096703,0.16783220722755843,1.4874056558931592,0.19311238701709144,0.21405034072792262,0.017961383074815984,0.33809333359906546,-0.02855918911315314,0.306622533916201,-2.299210940509866,0.15133075230684412,0.21888004736121403,-1.5853101688850124,0.12616781991470205,1.1514551036600373,0.0,-1.165905905324971,1.6583539716393148,-1.3807429787854986,-0.2947152557324806,0.28865602646561683,-1.1667426294829752,0.35547842524001894,0.9191058849289391,-0.17999644866906195,-0.011584800754427249,0.0,0.3099709731753997,0.633971347046991,-0.0670840812277973,-0.023379963477943022,-1.7172649344148638,-0.033572068354637,-1.031938257865761,0.0,0.0,-0.9994778856989683,0.11444075706057433,3.9660405019253235,6.82412782636499,-2.338825826697887,-2.007119287050197
146.94,147.21,191.98,110.96,167.09,131.15,121.84,149.62,106.46,125.46,160.64,179.62,151.88,2008-01-01,147.62,140.31,186.44,192.16,107.13,122.48,221.53,134.1,147.1,155.11,143.54,115.48,111.05,139.81,140.36,134.02,87.7,152.51,160.63,110.35,167.65,166.9,127.56,49.56,115.09,76.92,125.57,156.07,156.19,148.46,148.16,166.53,172.67,166.09,146.03,175.22,185.84,128.58,177.59,178.81,167.94,158.72,182.14,146.94,149.68,140.61,139.7,144.19,144.89,145.6,15.5,52.05073379,1.17043636,154.3743473600013,0.799430310621041,1.8096319449570686,-0.010417209239044212,-10.7799859595068,4.173509305612733,0.6118565933372011,0.17250589565618313,1.3254138254326975,1.0101572798765446,-1.0545191871259796,0.024903499070294544,0.9903009848339472,2.5743335594281547,2.004788159291593,-1.1197849113316671,-0.17684418209755748,0.0,-10.558451745077768,-11.43662172400628,1.0710336100956397,0.05967477426080947,2.7429188406927985,7.2447998678979,2.532852604046276,-1.2392585448311344,-0.2787646245673514,0.40134791923396307,0.22824546285491465,0.07464358038591357,-0.011401858515291963,0.2691968402845468,0.3429893294197406,1.3318934344775712,0.6582908272549481,2.15609127376597,0.0,-1.5019807742285618,1.2151030223908954,-0.9831903262490727,0.16737739531071938,-0.03203177579518268,-1.4618284974702966,-0.6043937544066402,-2.512711755780561,0.006005104340456313,0.02316825958814661,0.0,0.432351495296146,0.6642259876850076,3.8506375154981676,0.2180007091950209,6.2382317469121595,0.06713286965416287,2.4411301679681863,0.0,4.905922419065867,-0.21565259851739071,4.379003354021638,3.952218892752191,5.4803342399378785,-1.916352522542863,-0.6370062684373743
148.84,154.65,192.02,103.27,167.74,132.28,121.93,150.43,106.59,125.46,160.59,181.23,154.5,2008-02-01,155.47,141.44,187.02,192.16,99.43,114.93,223.73,134.79,147.4,155.24,144.13,115.17,112.49,140.73,140.82,136.12,87.68,152.69,160.93,110.77,169.01,167.56,127.56,48.42,115.45,76.92,125.74,156.37,153.61,149.81,150.94,166.19,172.67,166.09,146.18,176.98,185.78,129.51,186.88,179.81,166.93,158.72,182.14,148.84,151.15,140.6,138.93,144.38,146.85,147.88,15.25,53.068992,1.18817143,161.4178098503402,1.284756328629033,4.930436036115715,0.020833333408631916,-7.182285832326407,0.38825721502133703,0.8579181800708824,0.07384009852673401,0.5399113265474043,0.12203709564344578,0.0,-0.031130342996466,0.8923434575955902,1.7103360974198623,5.181138261974283,0.8021338483428231,0.3106091502760755,0.0,-7.458917128248466,-6.362450396876085,0.9881947190400808,0.5132221462545772,0.20373521478438406,0.08377638640455487,0.41019280930862934,-0.2688057113918063,1.288377846429789,0.6558803008743119,0.3271928375973232,1.5547807087680887,-0.022807617843145778,0.11795545273285413,0.18659042607280796,0.3798846826096103,0.80794118578984,0.3946665411044492,0.0,-2.3271105251029045,0.3123104820105027,0.0,0.13529109540426631,0.192036930095707,-1.6656292108576665,0.9052262839889025,1.8589635958853101,-0.2043761230747343,0.0,0.0,0.10266589998657594,0.9994404600986329,-0.03229105027786616,0.7206819521955232,5.098917697335814,0.5576948256434733,-0.6032209888120477,0.0,0.0,1.5038875333467705,4.461561603919328,3.971592802877622,7.480182485251907,-1.313891854088973,-1.510249789383774
150.27,156.26,192.42,105.13,168.36,133.76,122.03,152.21,107.05,127.09,161.22,183.42,157.89,2008-03-01,157.05,143.57,193.37,192.16,100.53,119.37,225.29,135.48,148.14,155.4,144.61,115.31,113.35,141.24,141.42,140.46,87.72,152.81,161.26,110.02,173.67,170.03,127.56,49.89,115.71,78.11,125.57,157.59,159.61,147.68,152.88,165.93,175.06,166.09,146.44,179.21,187.25,130.0,198.64,180.65,165.85,158.72,186.65,150.27,152.97,142.43,140.13,146.31,148.32,149.4,15.25,53.07105801,1.23237619,171.1564311694786,0.9561772559213644,1.0356787437519444,0.20809496636413627,1.7850761904426804,0.3689382346104608,1.1126261222799805,0.0819806571574766,1.176328658184289,0.43063163346461764,1.290851422538264,0.39153587820557334,1.2011662312038318,2.170449169599653,1.0111439023006596,1.4947122250269729,3.3389889055199795,0.0,1.1002311425347244,3.7904665726279596,0.6948493504066455,0.5106016199392549,0.5007792829907487,0.10301314328415856,0.3324793531689352,0.12148561022087279,0.7616048148803678,0.36174100517092356,0.4251707085107803,3.1385901098169633,0.045610034998144755,0.07855974217454431,0.20484814264722928,-0.6793812081529182,2.719906198888644,1.4633395990560238,0.0,2.9907630363033455,0.22495250877421213,1.535216890162694,-0.13529109540426631,0.777172977856111,3.8316416933412256,-1.4320053774747876,1.277089307529522,-0.15656994647352818,1.374651387995307,0.0,0.17770491997897153,1.25215707160935,0.7881444437953355,0.377635222008621,6.102744156004913,0.46607197501025155,-0.6490797474235421,0.0,2.445958322091979,3.6528655650959556,5.858184470189354,3.9716317327631847,7.567715930945607,-1.213915941423342,-0.029939995509031685
152.79,157.84,192.47,117.42,169.57,134.45,122.1,155.83,107.09,126.92,161.42,186.61,159.14,2008-04-01,158.63,144.99,194.24,192.16,112.1,133.97,227.02,136.65,149.27,156.4,145.11,115.33,112.81,142.29,143.44,143.0,87.76,152.87,161.58,111.81,179.95,172.95,127.56,49.47,115.84,78.15,126.3,159.14,158.01,147.06,154.63,166.02,176.73,166.09,146.73,182.55,188.4,131.07,201.34,181.4,165.53,158.72,186.77,152.79,155.21,146.07,143.32,149.75,150.93,152.34,15.25,52.4398529,1.29671429,177.7831349859332,1.6630753526987618,1.006057514576142,0.025981449391387912,11.05595710483005,0.7161277016665579,0.5145233378482494,0.057346497291010934,2.3504523165947866,0.03735873770924769,-0.1338530178984776,0.1239772040770859,1.724227241458287,0.7885729915591888,1.0010220435708206,0.9842053385499483,0.44890558086327914,0.0,10.893513966078494,11.538798118194737,0.7649658138142001,0.8598884424506181,0.759897406000487,0.6414390177663876,0.3451611876300831,0.017343045482309805,-0.47753893367090683,0.7406657497414315,1.4182643120782323,1.7921879529032125,0.04558924172881618,0.039256739577631095,0.1982406794686753,1.61388347119642,3.552208776601695,1.7027643313783258,0.0,-0.8454156633328935,0.11228677491601502,0.05119672452797985,0.5796657355572776,0.9787594315408654,-1.0075017531058883,-0.42071039864666204,1.1381866555321807,0.05422503521925748,0.9494371897413423,0.0,0.1978374967340102,1.8465805546347802,0.6122739744934158,0.8197081175872256,1.350088010136563,0.41430800873873963,-0.19313181209872354,0.0,0.06427079649231615,5.088942826645742,3.7986524246628406,3.9596668537809623,6.472625579591895,-0.8932380007490889,-1.3531171940968736
155.07,158.24,192.48,131.5,170.26,137.28,122.17,158.27,107.05,128.93,162.89,189.71,157.84,2008-05-01,158.99,146.08,194.37,192.16,128.6,139.48,228.96,138.38,150.75,156.1,151.26,116.52,114.29,143.67,145.56,144.69,87.86,152.91,161.63,112.4,184.16,176.05,127.56,48.69,115.93,78.35,127.55,160.3,160.46,149.82,165.27,167.76,179.68,166.09,147.66,185.87,188.84,132.76,191.65,182.12,163.96,158.72,186.85,155.07,157.59,149.95,147.25,153.05,153.3,155.12,15.75,52.23647823,1.24699524,190.22741292770888,1.4812198311434877,0.2531006160042537,0.00519547993365066,11.32496009817796,0.4060859536875405,2.0830253024778145,0.05731362993097733,1.5536765887667947,-0.03735873770924769,1.5712654707751739,0.9065462473287766,1.6475712819073784,-0.8202456235029132,0.226686074025384,0.7489642321556467,0.06690512588418684,0.0,13.731548172540453,4.030532751855542,0.8509196480947168,1.2580611696588306,0.9866088962146691,-0.19200005898243333,4.150813492488137,1.0265347853386508,1.3034090292677547,0.9651774465027962,1.467154344708188,1.1748892489083396,0.11388225806578944,0.026162600711732154,0.030939637015503507,0.5262935300314631,2.312591044853285,1.776551021788375,0.0,-1.5892755045007867,0.07766320449036357,0.2555911934543964,0.9848415231375363,0.7262741666118622,1.5386368162102038,1.8593906751661393,6.654533366539539,1.0426123566775303,1.6554346788427488,0.0,0.6318170411643287,1.8023396518616508,0.2332733535823195,1.2811455220319345,-4.932422947471338,0.39612727855447005,-0.9529951635937728,0.0,0.04282426059774025,-3.909674626480647,6.76558018469251,3.955781067496588,6.199249917290128,-0.6240660351519871,-0.7035556411805609
154.51,152.86,192.49,130.96,172.48,138.71,122.31,160.84,107.76,129.83,166.78,191.82,158.15,2008-06-01,153.07,148.77,194.51,192.16,128.23,138.33,231.46,139.93,151.13,158.94,153.53,116.98,115.91,144.74,147.86,145.26,88.06,152.96,161.75,112.72,188.33,180.19,143.39,47.15,117.04,78.15,127.98,161.96,160.67,151.72,171.7,174.68,185.21,166.09,149.78,188.09,189.61,134.07,189.72,182.69,163.3,158.72,186.92,154.51,159.17,151.62,148.39,154.88,152.72,154.07,16.25,52.45696491,1.2278,199.2191448670928,-0.36178087137308523,-3.459039805966402,0.0051952100174723626,-0.41149185549400613,1.2954607264720863,1.0362787035546717,0.11452880833031642,1.6107646683881427,0.6610517066417465,0.6956280949415472,2.360045228932517,1.1060841935350396,0.19620880372981375,-3.794597405700184,1.8247072322493452,0.07200164886249638,0.0,-0.2881285332493988,-0.8279086920725653,1.085975661179095,1.1138773496957022,0.2517557974734075,1.8029944990646918,1.4895777242924346,0.3940047923645551,1.4074949991147,0.7420026415354108,1.5677507384994627,0.3931717429031423,0.22737617799748477,0.03269362830318201,0.07421609592928036,0.28429301308339205,2.2390798233082876,2.324380413766125,11.698134858509057,-3.2139661115142992,0.9529196029558484,-0.2555911934543964,0.3365557123493623,1.0302331548452948,0.13078817297333956,1.2602143300960655,3.816826775069515,4.042134202369585,3.0312825444577918,0.0,1.4255217190202174,1.187306706245117,0.40692353680267246,0.9819064761695806,-1.0121490817183165,0.31249168818971995,-0.40334956597174454,0.0,0.037456190073204,-1.55128995181682,4.618518272246863,3.9599931174467065,6.745062139353442,-0.8147319728806667,-1.0427646511321444
155.4,153.53,192.6,120.48,181.69,140.07,122.43,160.33,108.74,130.39,168.22,193.61,159.61,2008-07-01,153.67,150.48,196.21,192.16,117.98,127.25,234.0,141.93,151.39,175.23,153.9,117.6,118.31,145.51,150.23,146.78,88.26,153.05,161.59,109.28,189.64,182.92,143.39,47.34,118.14,77.66,128.1,163.72,160.35,153.97,175.95,176.53,186.83,167.05,149.14,189.93,190.49,134.46,195.54,183.73,161.68,161.4,186.92,155.4,161.47,150.96,147.13,156.01,153.64,153.65,16.75,51.41078328,1.20995217,200.80500453711232,0.5743618771219872,0.437351785606932,0.057129503748143406,-8.3408169011296,5.202065039371728,0.9756874875756161,0.09806325865522325,-0.31758908283272547,0.9053179615665208,0.4304057063218458,0.8597067875451891,0.9288394101269581,0.9189389942808823,0.3912112963624814,1.142869582362227,0.870193861340951,0.0,-8.331040789609556,-8.348847945609261,1.0914042937770319,1.4191680743544488,0.17188950417583726,9.757262420829438,0.2407053174025897,0.5286055449646554,2.0494270364918243,0.5305783334205394,1.590157294537864,1.040962693889469,0.22686035137935434,0.05882160883299292,-0.09896703968532705,-3.09934717679452,0.6931794827261584,1.5037049051131568,0.0,0.4021595006371559,0.935460516722042,-0.6289732563964812,0.09372071913746893,1.0808260460241748,-0.1993645916079423,1.4721061421129278,2.445109586416372,1.0535104983831367,0.8708796037035782,0.57633586918584,-0.4282088705572562,0.9735011541431859,0.4630368704494181,0.29047054274213835,3.021566106814433,0.5676561283165071,-0.9969926881053581,1.6744112299285518,0.0,-1.4643120109517627,0.7928861197696868,3.9398479418976615,4.859724410598165,-1.0029583123942032,-1.1806015071412608
155.02,153.48,192.62,113.19,185.55,140.07,124.31,157.84,109.23,130.7,169.07,195.12,156.39,2008-08-01,153.56,151.45,196.62,192.16,110.59,120.43,236.52,143.49,154.62,180.24,152.98,118.22,117.34,146.16,152.13,148.41,91.84,153.09,161.72,108.93,180.66,185.05,143.39,45.8,119.01,77.26,128.82,163.65,163.44,153.68,175.84,178.02,187.61,168.41,149.08,191.48,191.33,135.83,178.99,185.41,157.89,164.08,186.93,155.02,162.47,150.72,146.53,155.78,153.24,152.4,16.75,50.74616219,1.17266667,179.8254600171099,-0.24482970801811277,-0.03257222920556302,0.010383676869274439,-6.241594140725493,2.1022449392257947,0.0,1.5239007717799957,-1.5652329486385952,0.4496039137677599,0.23746611947954577,0.5040183814584154,0.7768927506590195,-2.0380452246342884,-0.0716075934644067,0.6425352480471602,0.20874177067682353,0.0,-6.468544948766031,-5.508498415824281,1.0711655594927372,1.0931368049148737,2.1111205268541156,2.8189899403661123,-0.5995846951113215,0.525825993169704,-0.8232594767857648,0.44570992975643264,1.2567965400704928,1.1043846790810719,3.976092872985504,0.026131835256837377,0.08041817884132385,-0.32079217281255623,-4.851072631221953,1.1577160042310908,0.0,-3.307151296569888,0.7337161315259522,-0.5163967065385577,0.5604872216055767,-0.04276506770128918,1.9087024370202599,-0.1885259781525761,-0.06253731122827233,0.8405069929593445,0.416622758377283,0.8108313665196931,-0.04023875045913172,0.8127781300163228,0.43999861463044354,1.0137346793508861,-8.843502371911605,0.910230047811833,-2.3720485061568652,1.6468357928276944,0.005349739201498949,-3.130046941196049,-11.034759661275206,3.9268359931904975,3.686981896217789,-1.0574153960107928,-2.3577904129621707
155.72,153.87,192.64,113.77,186.84,140.55,124.35,158.11,110.73,130.72,172.52,197.13,156.68,2008-09-01,153.89,152.67,196.93,192.16,109.4,127.12,239.75,144.25,146.85,184.01,152.03,118.73,118.72,146.73,154.42,149.14,91.84,153.18,161.77,108.66,179.48,188.03,143.39,44.78,120.94,77.2,131.16,164.1,161.56,156.95,171.93,189.49,187.62,175.53,150.06,193.36,194.22,135.95,179.37,195.57,157.71,164.08,187.12,155.72,163.12,151.45,147.6,156.4,153.97,153.08,16.75,50.56962384,1.2296381,164.8746707602684,0.45053818888893815,0.25378246905347623,0.010382598773794882,0.5111043907296775,0.6928248127300307,0.3420999701585714,0.03217244457900392,0.17091316076944807,1.3639054854564847,0.015301048151705743,2.020034143076721,1.024865567022193,0.1852621349506478,0.2146691343163809,0.8023191795604845,0.15754037053268277,0.0,-1.081877909938811,5.406285095607188,1.356394281091866,0.5282559027893541,-5.155883624769952,2.070080783429429,-0.6229324100975653,0.4304712281477663,1.1692075921356349,0.3892251149624215,1.4940744405632422,0.4906748207921474,0.0,0.05877167374572778,0.030912856903242414,-0.2481732970977646,-0.6553030613915212,1.5975465735218464,0.0,-2.252247994953027,1.608703165071823,-0.07769002074047293,1.8001870857703217,0.27459971488559276,-1.156935981415419,2.105476482766111,-2.248707342355516,6.244034915073815,0.005330064228559195,4.140848600029123,0.6552139506525556,0.9770371870919448,1.499185126929703,0.0883067244079605,0.21207732025141368,5.33487824947958,-0.11406845343309158,0.0,0.10159070516833069,4.743953795882391,-8.680109975747197,3.9233510766620117,3.4605775801193506,-0.6038584480615936,-1.8971476293635794
159.77,159.88,192.66,123.4,193.93,141.1,124.4,157.17,110.69,132.44,172.14,199.31,162.83,2008-10-01,160.24,153.53,197.25,192.16,118.68,137.8,242.66,145.08,148.2,195.91,151.92,119.68,119.66,147.87,158.01,149.23,91.88,153.25,161.72,108.04,176.22,189.56,143.39,44.56,120.94,80.82,131.59,164.89,161.68,155.86,169.95,189.52,186.09,178.91,152.44,195.48,196.48,136.65,205.25,196.08,155.08,164.08,187.24,159.77,164.71,153.33,149.97,159.21,158.17,156.94,16.75,48.04801389,1.473265,134.8449657108283,2.567575829722557,3.831544377383622,0.010381520902136288,8.125224491966243,3.7244633574242236,0.3905561506227784,0.04020100556649808,-0.5962971233816283,-0.036130431248437844,1.3072081567353067,-0.22050725583140363,1.0997991996759993,3.8501202978499016,4.043462988180213,0.5617258401956704,0.16236240818789938,0.0,8.141990543474087,8.067183635109743,1.2064572860179368,0.5737409026492557,0.915105521735704,6.266526614165802,-0.07238032887144641,0.7969506548466398,0.788660854281531,0.7739346166020233,2.2982159282737946,0.06032778277278439,0.043544524964111986,0.04568743348736248,-0.030912856903242414,-0.5722212198961962,-1.8330566669198411,0.8104072532003848,0.0,-0.4925015551580092,0.0,4.582500261959677,0.32730761856010204,0.48025868168313224,0.07424824001533992,-0.6969114872547699,-1.1583141089630544,0.015830716900655517,-0.8188213044668657,1.9072917633477182,1.573586188807674,1.0904336006726467,1.1569107792569255,0.5135741295597462,13.477803677161493,0.26043676152998074,-1.6816790696737804,0.0,0.06410941559460426,18.076112780680496,-20.10598977529714,3.872200800326847,-1.5446213264151076,-0.8821365122555165,-0.6882165731741596
161.1,161.01,192.61,126.65,197.97,143.03,124.47,155.04,110.88,134.84,172.5,201.29,162.86,2008-11-01,161.4,154.17,196.46,192.16,121.98,140.81,244.18,146.2,149.05,202.59,151.61,123.07,124.13,149.24,161.55,149.67,91.96,153.35,161.66,107.53,170.02,189.98,143.39,44.73,121.13,82.93,133.22,166.94,163.44,158.92,171.71,189.69,186.11,178.91,153.02,197.51,197.66,137.12,204.4,196.25,153.79,166.99,187.61,161.1,165.46,154.31,151.35,160.33,159.55,157.74,16.25,46.24434499,1.58785,114.3597176032316,0.8290009143448351,0.7042941013724047,-0.025955823334644634,2.599626497639651,2.0618234855290574,1.3585539608039987,0.05625427078070899,-1.3644873945781733,0.17150340440608147,1.7959177686813987,0.20891372500866368,0.9885252738293993,0.018422426285624738,0.7213064478285958,0.415990200144023,-0.40131114792600897,0.0,2.7426301445689028,2.1608105349661955,0.6244371616982214,0.7690232900976923,0.5719107262094347,3.352886215491946,-0.2042632410539369,2.79317849580778,3.6675015565970526,0.922223896756158,2.2156370107099477,0.2944130597678729,0.08703220740828854,0.06523157439399796,-0.03710804668717316,-0.473165052197988,-3.5817137249370745,0.22132063626489895,0.0,0.38078218257280305,0.15697941836441132,2.5772418812785247,1.2310868822984489,1.235588150971445,1.082687741400079,1.9442762530982982,1.0302731183585934,0.08966008881019505,0.010746910273606858,0.0,0.37975557980463037,1.0331143568811818,0.5987737989260111,0.3433542475392848,-0.4149890002988599,0.08666174426599227,-0.8353077350895965,1.757981662021546,0.19741236236496817,7.489987366976786,-16.477681829296653,3.8339391859963023,-5.279346550325448,-0.974658431951105,-0.8308146280787571
160.44,161.78,192.61,121.69,196.92,143.87,124.08,151.15,111.44,135.64,172.36,201.75,165.28,2008-12-01,162.16,155.14,196.38,192.16,116.98,136.09,245.14,147.36,149.16,199.89,151.18,125.1,125.68,150.04,163.22,150.33,92.04,153.37,156.42,106.19,159.11,190.92,143.39,43.89,121.94,82.76,134.44,168.35,163.74,161.16,175.47,189.7,186.0,178.91,153.28,198.0,197.75,137.96,213.14,195.97,152.52,170.17,187.72,160.44,165.07,153.86,150.79,159.29,158.87,156.97,15.0,44.95352289,1.53881053,101.8305731268093,-0.4105249281076695,0.4770912732959154,0.0,-3.995054909897533,-0.5317949173440084,0.5855715582133492,-0.3138204144602419,-2.5410426916988804,0.5037794029957077,0.591542689157798,-0.08119237237771415,0.22826528371178156,1.4750069332342797,0.4697746307895656,0.627204539047721,-0.04072905055796383,0.0,-4.185411685343077,-3.409503235699418,0.39238176723097595,0.7903025191318136,0.07377351865391901,-1.341701701230491,-0.284025422945966,1.6360118288620384,1.240959041950962,0.5346176860729024,1.0284291770589427,0.4400007098687375,0.08695652721844027,0.013041210242814572,-3.295066713223349,-1.2539935986680462,-6.632029026944775,0.49356886756593,0.0,-1.8957913744614086,0.6664771450958895,-0.205202558576989,0.9116105871871838,0.8410679184492231,0.18338534389359396,1.3996729376748895,2.16610807973332,0.005271620233671115,-0.059122304267056336,0.0,0.16976824188441597,0.24778147237691783,0.045522369972594845,0.6107333219170563,4.187036846326109,-0.14277703715546153,-0.8292300462469093,1.8864006999003813,0.05861508706974661,-3.13711650580466,-11.603851364595297,3.8056291313727253,-8.043334964076632,-1.6492426341809752,-2.202758926138586
160.9,164.15,192.63,111.67,198.29,143.45,124.26,152.46,112.33,138.13,172.35,203.32,170.62,2009-01-01,164.64,155.96,196.72,192.16,107.1,125.79,246.98,147.73,159.16,198.42,149.06,123.6,125.8,150.6,164.73,151.33,92.12,153.67,156.63,109.32,159.58,189.46,143.39,44.01,122.97,85.18,135.86,169.22,165.78,164.53,174.3,189.69,186.0,178.91,153.27,199.1,204.17,139.87,224.35,196.12,154.69,179.76,202.63,160.9,166.04,153.15,149.98,159.0,159.34,157.17,13.0,41.90692508,1.58905238,104.47641419441672,0.28630130964852896,1.4543256357795187,0.01038313779355704,-8.592873389100841,0.6933050720713929,-0.29235716215678664,0.14496257672647062,0.8629545334660094,0.7954638181927542,1.819095345443067,-0.005801978476327463,0.7751785428643743,3.1797856109220035,1.5177769941995045,0.5271629051671667,0.17298401667931174,0.0,-8.824000256117692,-7.870258172144506,0.7477885776657089,0.25077108265199044,6.489043024810837,-0.7381219020799357,-1.412227041048375,-1.2062872449274842,0.09543503189748392,0.3725390152106378,0.920878591779406,0.6630005059192534,0.08688097853193355,0.19541434045518002,0.1341638917105925,2.904941864411281,0.2949576960369349,-0.7676571690307554,0.0,0.2730377122857508,0.841130270468593,2.882181161772479,1.0506940906251039,0.5154497889271248,1.2381804215078063,2.069526407541211,-0.6690135597069435,-0.005271620233671115,0.0,0.0,-0.00652422117335405,0.5540180375615655,3.1949373500344436,1.3749631722572708,5.125810562918165,0.07651304920699431,1.4127379259210038,5.4824690493728845,7.643016495102106,3.212811627252571,2.5650960003142487,3.7354510896437723,-15.024201270314519,-1.7839805013182934,0.6036679309174524
160.35,164.18,192.82,105.44,196.32,142.02,124.39,154.59,111.0,137.89,171.76,204.52,176.48,2009-02-01,164.59,157.01,199.82,192.16,101.11,118.84,248.05,148.24,159.01,194.13,149.02,123.2,121.73,150.98,164.75,150.83,92.16,153.86,156.93,111.74,162.87,189.05,143.39,43.79,121.44,84.42,137.64,169.52,163.41,167.82,174.32,189.71,185.07,178.91,152.88,200.37,204.33,140.55,250.18,196.73,153.42,183.03,202.68,160.35,166.13,152.08,148.95,158.12,158.77,157.06,11.5,42.78196394,1.65236,100.9233335517988,-0.34241278591737867,0.01827429725187457,0.09858607621682225,-5.740602270350337,-0.9984624648113005,-1.0018649673426694,0.10456465863253328,1.3874184448114946,-1.1910766341143741,-0.17390048582184292,-0.3429139392348901,0.5884677633096302,3.376869402464422,-0.030373902976243983,0.6709933473033836,1.5635563396934948,0.0,-5.755394435039474,-5.683579925637439,0.4322977057381827,0.34462986435874754,-0.09428922344225654,-2.185795848447203,-0.02683843279660536,-0.3241493924170946,-3.288786684483558,0.2520062345685581,0.012140342372557456,-0.3309507918774379,0.04341219950969588,0.12356519635483565,0.1913509960058235,2.189538297113547,2.0406972705334425,-0.21663901104460592,0.0,-0.5011400009693023,-1.252010953703575,-0.8962324140714628,1.301663716612289,0.17712704636894117,-1.4399228099687633,1.9799052043364185,0.011473811038964499,0.010542962582249515,-0.5012541823544936,0.0,-0.2547772078798971,0.6358446335503309,0.078335377322869,0.4849877561327709,10.897332636460355,0.3105513505141211,-0.8243855717423365,1.802744595479755,0.024672473047093746,3.9066717894066794,-3.460018958727229,3.7561166105014125,-12.955891956325694,-2.3731853344696137,-1.6123519665455435
162.12,170.6,206.12,105.51,196.08,139.97,124.41,151.52,110.38,137.66,171.94,205.55,178.82,2009-03-01,171.44,157.59,200.36,206.27,100.87,120.03,248.84,148.7,159.2,193.18,147.07,123.79,116.52,151.5,165.25,150.92,92.16,153.92,156.97,104.82,164.29,188.45,143.39,44.63,120.51,84.52,138.7,171.66,158.47,170.94,172.74,189.73,184.71,178.91,154.1,201.36,205.57,141.21,256.53,197.33,153.28,196.56,207.95,162.12,166.52,151.23,147.91,157.47,160.08,158.73,10.5,42.31255535,1.70453636,100.9065104680404,1.097787562094421,3.8358248137458695,6.670141222378856,0.06636643998039204,-0.12232417427435749,-1.4539778821393234,0.016077170452621914,-2.005882157047445,-0.5601243300978886,-0.16693888834318216,0.10474251757726094,0.5023543132089081,1.3172157801979445,4.077581810934472,0.36872260465496964,0.26987871845438605,7.085763187882943,-0.23764740365637138,0.9963660942847063,0.317978089976112,0.30982714890051,0.1194180085977159,-0.490564098613433,-1.3171861213359115,0.4777530444298961,-4.374254533027067,0.3438247237944836,0.3030305349179585,0.0596520315949256,0.0,0.038988888660718146,0.025485823648629946,-6.393015065698293,0.8680822332776117,-0.31788106237975455,0.0,1.9000797827871452,-0.7687576608019775,0.11838523935034928,0.7671746391507028,1.2544862330029716,-3.0697079108976233,1.842064129594867,-0.9105116784224876,0.010541851158762938,-0.19471042984280373,0.0,0.794844239405279,0.4928693421406116,0.605027461624541,0.4684846728619796,2.5064958049378028,0.3045223893160198,-0.09129443085997835,7.131765438105209,2.566928558121173,3.1088575103425553,-0.016670561164122688,3.7450838587957147,-14.096648646276133,-1.7825234619335957,-2.1973916354797134
162.15,170.0,206.16,117.06,194.05,136.73,127.15,148.94,110.69,139.17,172.11,206.39,174.26,2009-04-01,170.75,158.2,201.0,206.27,111.61,134.26,249.68,149.06,159.33,188.83,137.23,125.4,114.05,152.25,165.99,151.05,97.41,154.01,157.17,99.75,164.1,188.27,143.39,45.1,120.77,81.62,138.91,173.14,161.89,183.89,170.82,189.9,184.51,179.23,153.55,202.32,204.81,141.32,234.28,198.18,154.55,196.56,207.97,162.15,165.73,152.37,149.25,157.77,160.11,158.85,9.75,43.00620354,1.60415238,102.9057180124296,0.018503099321875993,-0.3523198007316708,0.01940428840860875,10.388088870907364,-1.0406881404942503,-2.341993561156386,2.178492894172912,-1.7174089155268746,0.2804543386177194,1.0909330461543298,0.0988228535591773,0.40782694773966455,-2.5831276504031386,-0.4032852714422219,0.38633316995735356,0.3189159569659594,0.0,10.117809260087895,11.203650697335199,0.3369978315705069,0.24180559874382723,0.0816249692134896,-2.277525735766339,-6.925031363068079,1.292204665510166,-2.142598336083701,0.49382816405829644,0.4468066846332164,0.08610127365713538,5.5402677835282965,0.0584548452978062,0.12733178011226087,-4.957753760404682,-0.11571608222000762,-0.09556169765243538,0.0,1.0475967867454195,0.21551732479831998,-3.4913862770197035,0.15129140885115078,0.8584739497553784,2.1351791298697798,7.3025135014890274,-1.1177203334138852,0.08956089421978675,-0.1083365037438,0.1787011141774819,-0.35754954392386296,0.4756251534649536,-0.3703888439283709,0.07786784097838506,-9.07286356143917,0.42982544494192254,0.8251354355575558,0.0,0.009617234090875115,-6.069763920504051,1.9618760687333925,3.7613443736599748,-12.550475821289941,-1.8327580076108856,-2.5629428537052936
163.19,170.32,206.24,130.48,190.34,136.47,127.37,150.12,110.88,138.78,173.31,207.22,174.87,2009-05-01,170.99,159.44,202.37,206.27,126.64,141.53,250.68,149.12,159.99,181.05,136.14,125.27,114.62,152.63,166.45,150.37,97.82,154.0,157.25,100.9,165.71,188.7,143.39,44.77,121.07,80.05,139.24,174.48,159.71,187.97,171.67,191.12,186.81,179.23,153.38,203.2,205.0,141.59,236.42,198.45,154.18,196.56,208.09,163.19,165.66,154.49,151.92,158.92,161.18,160.8,9.25,44.3743911,1.55176316,111.765340116571,0.6393333389516087,0.18805835349615663,0.03879728467683918,10.85333344496835,-1.9303911170717392,-0.19033680709679146,0.17287447335396777,0.7891433984321239,0.17150340440608147,-0.28062619603588246,0.6948091179394211,0.4013448002321951,0.34944039224278356,0.1404576809602709,0.7807620570985385,0.6792797024492536,0.0,12.63377639051333,5.273349023514218,0.3997127393950528,0.04024414837333623,0.4133790178203256,-4.207390318183624,-0.7974582261736529,-0.10372203427202464,0.49853603931939716,0.24927853370240172,0.27674184429056226,-0.4511984298452454,0.4200180328346903,-0.006493295674481203,0.05088734923122118,1.1462871589590584,0.9763274545656841,0.2281349637883956,0.0,-0.734397425575839,0.24809804323648876,-1.9422890534935178,0.23728215339406944,0.7709606105746225,-1.3557421585196572,2.1944622875742503,0.49636587648365094,0.6403885199314452,1.2388394998679608,0.0,-0.11077445501186389,0.434011334261708,0.0927259040110151,0.19087348059354525,0.9092903100649252,0.13614705983213682,-0.2396917547009103,0.0,0.05768398948591269,-3.3203697908901764,8.25882858793916,3.792662526011296,-9.543115850176687,-2.407858902306567,-1.667731439996298
163.37,167.66,206.27,129.45,191.67,136.39,127.37,154.35,112.18,140.13,174.92,208.0,176.58,2009-06-01,168.06,160.68,202.78,206.27,126.24,138.21,251.68,149.39,162.91,182.19,137.58,125.64,113.9,153.18,166.36,148.9,97.82,153.98,157.37,104.82,170.97,191.15,143.39,44.95,122.56,80.4,139.28,174.24,159.16,186.06,199.67,196.37,189.47,179.23,149.75,203.94,206.03,142.28,241.67,198.34,156.09,208.21,208.1,163.37,166.59,155.12,152.81,159.97,161.37,160.82,8.75,45.6691531,1.53978182,120.5111842075319,0.11024008955740072,-1.5740901375512095,0.014545101962504248,-0.7925252115211556,0.6963196638164248,-0.05863813112387817,0.0,2.7787776681347687,1.165618863859752,0.9680617710723816,0.9246828083435688,0.3757048877711888,0.9731190747867657,-1.7284016760429566,0.7747133586541999,0.2023942440865234,0.0,-0.3163558475193007,-2.3737441129812353,0.39812139534927127,0.1808985116944939,1.8086587797457199,0.6276862365943714,1.0521798078062972,0.2949266814345819,-0.6301438670454296,0.3597008554416803,-0.05408491463230192,-0.9823983844265527,0.0,-0.012987856372603801,0.07628250322229135,3.8114666014456233,3.1248829873315564,1.2900007767917998,0.0,0.40124886647552316,1.2231815272632396,0.436273674219656,0.02872325166949352,-0.13764627087233805,-0.3449685109489842,-1.0213173288091681,15.109197451596845,2.709913174458478,1.413864309180024,0.0,-2.395126534115466,0.36351172317523606,0.5011810115958859,0.486138978337447,2.1963274872658367,-0.055444947109606346,1.231201293920492,5.7579457554179925,0.004805497490067978,-0.7751075959241127,7.534106781450056,3.8214230831230624,-6.837399905296904,-2.4715722401829816,-0.8253050507078917
163.78,166.59,228.73,121.74,192.3,137.61,127.44,155.25,112.37,143.72,176.54,208.87,178.15,2009-07-01,166.87,161.28,203.08,230.14,119.23,128.17,252.86,149.6,163.07,182.84,138.66,126.41,117.73,153.3,166.69,147.18,97.9,154.03,157.45,107.37,168.86,192.48,159.68,45.88,122.56,80.38,139.38,175.17,159.34,203.82,199.87,198.68,192.25,179.23,150.2,204.89,205.79,143.24,236.77,198.04,161.32,208.21,223.52,163.78,168.67,155.15,152.69,159.88,160.9,160.09,8.25,46.4529171,1.5136913,116.3302943031881,0.25064968036252466,-0.6402415288086161,10.335627842876516,-6.1407083131768125,0.3281509312372144,0.890516833840671,0.05494290001246682,0.5813969865419821,0.16922738396205617,2.5296399063191366,0.9218753047367301,0.41739691659081757,0.8851860578408477,-0.7105992341260858,0.3727175391922799,0.14783425547602036,10.950182918480955,-5.71304562795234,-7.5416759874203265,0.46775365737845576,0.1404729486151446,0.09816553951083051,0.35613548859494415,0.7819327416476618,0.6109917837020085,3.3072996636968277,0.07830853963213258,0.19816850802856223,-1.161861219151028,0.08174944252532512,0.03246647864632024,0.050822693426066934,2.403622007202433,-1.2418133273663479,0.6933792083946955,10.760362183620664,2.0478531343540496,0.0,-0.024878716386567135,0.07177205504396156,0.5323271778905792,0.11302983934919908,9.11680490601352,0.10011514076442296,1.1694855477010435,1.456590774148303,0.0,0.30005023344754633,0.4647416823028827,-0.1165557899909686,0.6724598049977715,-2.048395339998166,-0.15136992647564185,3.2957206034845754,0.0,7.148216210906266,-1.7089493800210964,-3.530905389913208,3.838439264149097,-5.352651254588636,-2.0810385486523777,0.6917752348011909
163.29,163.97,232.69,115.38,193.73,137.85,127.48,157.84,112.59,144.12,176.91,209.79,179.23,2009-08-01,164.06,161.32,203.08,234.35,112.57,123.04,254.16,150.04,167.63,183.47,139.11,126.24,119.1,154.02,167.32,145.57,97.87,154.17,157.45,107.99,175.7,192.87,159.68,46.96,122.56,78.86,139.48,174.38,167.42,203.41,197.15,199.36,192.59,179.23,148.59,205.88,205.68,143.09,234.87,198.29,160.44,208.21,238.9,163.29,170.37,154.72,152.04,160.09,160.24,159.01,7.75,45.90949384,1.47922381,122.8046759251074,-0.29963027278236964,-1.5852219659848288,1.7164826959588098,-5.365659423703484,0.7408784504120192,0.17425401926152162,0.03138239473425841,1.6545140900771749,0.19559038952277064,0.277932363457456,0.20936490884357895,0.4394981516658625,0.6044005191661483,-1.6982851584208092,0.02479851221632856,0.0,1.8127904973402664,-5.747915045132768,-4.0848001984397975,0.5128014077508958,0.29368596733094776,2.757961317000035,0.34397129270846705,0.32400935571343936,-0.134573540990246,1.1569609271148806,0.4685678233335544,0.377234661900161,-1.0999256921883749,-0.03064820987361827,0.09085010358811374,0.0,0.5757816798624305,3.970802595169687,0.20241345953362355,0.0,2.32668832586711,0.0,-1.909126057157362,0.0717205797077014,-0.4520104963886773,4.946534127969038,-0.2013604786152534,-1.3702294882813604,0.34167453599387443,0.1766968550366954,0.0,-1.0776904061778225,0.4820225025445879,-0.053466839682325684,-0.10477422115879875,-0.8057036206975177,0.12615751174918088,-0.5469929103314897,0.0,6.654415882311238,-2.3033739763854975,5.416158282933381,3.8266719331513457,-6.792953855739325,-2.817670692260517,-0.2539971431687186
163.93,164.32,232.7,114.21,194.96,138.11,127.57,158.15,112.72,147.5,181.33,211.59,182.08,2009-09-01,164.4,161.87,203.16,234.35,109.36,129.29,255.29,150.37,170.58,184.34,139.44,126.09,119.52,154.5,167.65,145.66,97.9,154.32,157.54,108.13,176.06,193.34,159.68,47.65,122.56,78.49,141.17,175.84,185.15,203.4,197.06,205.62,193.33,190.83,152.48,207.58,208.28,143.42,246.0,202.81,163.36,208.21,238.96,163.93,171.39,155.15,152.58,160.72,160.9,159.61,7.25,46.41622975,1.48523,119.1147919993504,0.3911746324146925,0.21322619184713787,0.004297470939018666,-1.019216976622772,0.6328972218097029,0.1884331620031432,0.07057440010624916,0.19620880372981375,0.11539657753862897,2.3181889899982266,2.4677446985411855,0.8543409504312649,1.5776253694459896,0.20702680474764534,0.34035739407016763,0.03938558538507664,0.0,-2.8930057951018107,4.95484375091273,0.4436163914641078,0.21969983205423205,1.7445225247777252,0.47307121748900727,0.23694141402863522,-0.11889194124288238,0.352024502325321,0.31116322266964147,0.19703263382400138,0.06180682131997628,0.03064820987361827,0.09724789252256727,0.057144672814413155,0.12955767127769136,0.20468508397089025,0.24339102147541425,0.0,1.4586454580369779,0.0,-0.47029003107592615,1.204361608865856,0.8337664655641674,10.066068212771118,-0.004916299993595885,-0.04566094293076972,3.091756951548419,0.38349964082904364,6.271308211531679,2.584260463763588,0.822333275258913,1.2561765337063768,0.23035855357846913,4.629936634442977,2.253897455532705,1.8036313514502744,0.0,0.025111957608991986,0.40521449166428525,-3.050742575746934,3.8376491771685903,-6.005297656860309,-1.415515038150124,0.2597808812384802
167.88,169.18,233.02,123.79,199.1,141.57,127.65,161.48,114.08,148.75,181.64,214.21,183.77,2009-10-01,169.54,162.88,208.51,234.35,118.82,139.06,256.48,150.87,170.64,191.72,149.97,127.76,120.6,155.45,167.82,145.32,97.92,154.42,157.85,113.7,177.09,194.48,159.68,47.34,124.25,79.1,141.97,178.43,187.52,204.17,198.47,205.9,193.08,190.83,155.24,210.34,208.7,143.8,252.58,203.46,164.07,208.2,238.99,167.88,174.08,158.11,156.13,163.98,165.0,163.77,6.75,47.27840464,1.4621381,126.6255290873619,2.3809931027024334,2.914749069562017,0.13742164835486292,8.054772248120301,2.101280175319964,2.4743825316568824,0.06269101372948782,2.083734623308242,1.1993089075560626,0.8438868645864517,0.17081305638155797,1.230640237652736,0.9238824769367326,3.0786404558179825,0.6220189416288768,2.599315578638439,0.0,8.296455051190055,7.284755140441046,0.46505349853411815,0.33196153177543763,0.03516792721312001,3.925409572591221,7.280087288182369,1.315756622162212,0.8995562908578059,0.6130040166961948,0.10135035296849892,-0.23369314367682748,0.020426922755145682,0.06477942831963901,0.1965820728822898,5.022919379904511,0.5833231887947932,0.5879032971408016,0.0,-0.652702601437305,1.3694958984457273,0.7741646634886301,0.5650929779373648,1.4621876788026178,1.271919902902674,0.3778496533648479,0.7129704309838836,0.13608089191716743,-0.1293962552118444,0.0,1.7938866594813696,1.3208461554738982,0.20144857884565326,0.2646056832517729,2.6396494285661376,0.3199845199561402,0.43368116104360865,-0.004802958623439935,0.012553614411370262,-1.566982590566418,6.1146474143412455,3.8560536297197427,-4.520746225143402,-1.2850447970877603,0.23558311402576051
170.01,172.92,232.99,129.42,200.48,140.53,127.67,163.5,114.11,148.31,181.79,215.15,187.08,2009-11-01,173.52,163.15,207.96,234.35,124.76,143.49,257.43,151.25,170.79,193.88,150.09,127.72,117.03,156.31,167.59,145.37,97.95,154.44,157.88,115.19,181.16,194.42,159.68,46.93,124.38,79.85,141.65,179.82,181.71,205.85,195.61,206.04,193.12,190.83,156.45,211.35,208.73,143.69,268.46,203.31,163.99,208.2,239.01,170.01,174.88,159.08,157.27,165.33,167.2,166.39,6.5,49.27045572,1.48002105,131.5002160287446,1.260782038424768,2.1865822923562206,-0.012875260205280625,4.447634808540091,0.6907280077607325,-0.7373305293752352,0.01566661447665041,1.2431694352567746,0.026293878060279496,-0.2962366671868111,0.08254685002198059,0.4378617019884068,1.7851357150352243,2.320397933835938,0.1656289677171685,-0.2641248203913982,0.0,4.878214881200726,3.135985168944355,0.3697149625896401,0.25155580589677484,0.08786574680055281,1.1203436685744528,0.07998400746345169,-0.03131360601758004,-3.004897210641033,0.5517078402617059,-0.13714560451409952,0.034400908523313234,0.03063256265338765,0.012950851536608354,0.01900357906459149,1.3019538181924695,2.272254076730551,-0.03085626149443854,0.0,-0.8698474279511537,0.1045730699004821,0.9436999887412867,-0.22565413989568128,0.7759983113289515,-3.147349672768307,0.8194768067805391,-1.4515074165899478,0.0679710663640698,0.02071465569288833,0.0,0.7764163614186081,0.4790257920916474,0.014373667466038853,-0.07652440458310039,6.09738968414657,-0.0737517549470823,-0.048771567143646166,0.0,0.008368200841690765,1.2156494136972784,3.7774353480537037,3.8973246259549468,-0.7942759300977098,-2.220495653795711,-1.8792226117097073
170.91,176.76,232.88,125.81,201.47,140.02,127.11,163.08,115.17,147.74,181.79,216.5,188.01,2009-12-01,177.59,163.77,206.1,234.35,121.25,139.58,258.09,151.5,170.91,195.43,148.48,127.52,117.3,156.88,167.8,144.61,96.79,154.52,157.93,113.19,181.86,195.75,159.68,46.72,125.69,79.69,142.64,180.48,179.33,206.97,190.71,206.17,193.12,190.83,156.17,212.8,208.57,143.22,273.53,202.46,166.07,208.2,239.07,170.91,175.49,158.75,156.58,165.31,168.14,167.47,6.5,47.22216267,1.49951304,134.077833123444,0.5279843310776577,2.196382046310852,-0.04722347523742343,-2.8290097266079783,0.4925995780060255,-0.3635719563601647,-0.4395956525682365,-0.2572112386255654,0.9246402234227347,-0.3850705653279718,0.0,0.6255088157935518,0.49588200470083166,2.3184656147885008,0.37929814224462177,-0.8984265619101706,0.0,-2.853736192200973,-2.762743277131019,0.25605228142264735,0.16515280384723496,0.07023705293134341,0.7962848064810402,-1.0784845130332954,-0.15671528046761196,0.23044434727550467,0.3639966980711229,0.1252273636324297,-0.524175281153294,-1.191346122955217,0.05178664020446533,0.03166460873167409,-1.7515116294086752,0.385654160975335,0.6817567477989783,0.0,-0.44847912863548167,1.0477162261003592,-0.20057672513642544,0.6964747278359162,0.36636177530677827,-1.3184325700632549,0.5426107010213954,-2.5368931421841268,0.06307464850916489,0.0,0.0,-0.17913126151372083,0.6837230454690868,-0.07668344492710588,-0.3276291662321462,1.870937800101835,-0.41895716455258025,1.2603935863307214,0.0,0.025100401738153977,1.3084104753340986,1.941198111040432,3.85486333048152,-5.484366254804796,-2.2920397666555306,-1.9923265290871883
174.07,179.55,284.2,115.49,204.52,141.02,126.97,168.84,114.89,147.34,181.91,218.9,188.44,2010-01-01,180.56,164.31,226.62,287.24,111.21,128.47,259.11,151.69,176.52,199.25,150.37,127.56,118.54,157.12,167.98,144.92,96.11,154.96,158.36,115.11,195.14,198.68,159.68,45.56,125.69,78.36,142.62,179.58,180.44,209.68,188.8,206.19,193.3,190.83,156.3,215.2,210.46,142.88,269.12,202.43,171.14,217.7,252.24,174.07,180.0,158.29,155.73,166.02,169.35,168.51,6.5,46.75028109,1.46632,139.843361226604,1.832041500420356,1.566084040955218,19.91549162256323,-8.55888862360441,1.5025283283979896,0.7116454741843192,-0.11020152248768511,3.4710642963245775,-0.24341488155421587,-0.27111308459240036,0.06598845441549983,1.1024457086272754,0.22845009271463823,1.658560984277635,0.32918830019639245,9.491311805600766,20.35023788734014,-8.643422398684208,-8.294249954548683,0.39443206589382385,0.1253339654157415,3.2297082240932973,1.9358058628339059,1.2648654496338452,0.03136270999517521,1.0515700700262087,0.15286627180648438,0.10721306643750594,0.21414024001753518,-0.705031432580494,0.28434813006601445,0.27190253559661315,1.6820370282641939,7.048008938203676,1.4857155368236619,0.0,-2.5142199940990206,0.0,-1.6830514333316948,-0.014022295472670976,-0.4999177217031914,0.6170628579862836,1.3008703789023635,-1.006569590502604,0.00970026191469131,0.0931628865063594,0.0,0.08320799276768653,1.121507082013995,0.9020895004121954,-0.23767924506055138,-1.6253928275924423,-0.01481883971194975,3.0072548771246765,4.4618812059632695,5.362461915903971,-2.238455471973672,4.210247231878039,3.844820268336941,-6.974505481279714,-1.950800569956292,0.9224818196732053
176.59,188.55,294.78,109.43,205.32,140.86,126.71,169.55,115.02,146.5,181.94,221.46,188.85,2010-02-01,190.24,164.27,227.24,298.32,105.21,122.37,259.84,152.11,176.43,200.51,150.57,127.68,119.37,157.74,168.15,142.74,95.44,155.15,158.45,115.06,196.65,199.93,159.68,46.1,125.69,78.07,142.78,179.88,179.7,206.42,188.94,206.19,194.38,190.83,155.49,217.95,210.4,143.43,268.63,202.92,173.01,217.7,252.21,176.59,181.72,157.99,154.98,165.94,171.53,171.24,6.5,47.85298615,1.50556,136.5666008811577,1.4373144260415138,4.890950303227459,3.6551099745611992,-5.38988706966439,0.39039674803040825,-0.1135234973630439,-0.20498272708833198,0.4196347657349442,0.1130877420334464,-0.5717412797545229,0.016490311979033834,1.162698174114496,0.21733953266256378,5.22233004331909,-0.02434719106307881,0.27321217365052775,3.784863262844862,-5.546195301055423,-4.864617204594168,0.2813375013008823,0.27649787200711984,-0.05099872613723022,0.6303803144287912,0.13291688007228686,0.0940291559642148,0.697745674725514,0.39382633636897424,0.10115134887973554,-1.5157072483955147,-0.6995591045532379,0.12253717956483001,0.05681638990004956,-0.04344614918228018,0.770824919801516,0.6271815044591733,0.0,1.1782811423621364,0.0,-0.3707732944140396,0.11212334741568242,0.16691708098441893,-0.4109518750682106,-1.5669630877363616,0.07412506295878529,0.0,0.5571619861039601,0.0,-0.5195816557706401,1.2697850396771848,-0.028513044911093743,0.38419941779332945,-0.18224086866185374,0.2417664925002505,1.0867461305521964,0.0,-0.011894142149060372,2.6409061333198203,-2.3710533675049383,3.868133522430339,-5.169045245605153,-2.0367998498034066,-1.663490717109804
177.62,189.72,294.82,110.19,205.73,140.23,126.76,170.79,118.63,147.51,182.59,223.64,190.17,2010-03-01,191.5,164.23,228.1,298.32,105.44,125.05,260.58,152.5,178.19,200.25,150.49,127.45,118.76,158.35,168.34,140.92,95.47,155.23,158.63,115.63,199.24,200.53,207.65,45.85,130.1,78.88,142.76,180.41,182.31,204.88,192.29,206.19,195.58,190.83,156.0,220.21,211.27,142.97,276.03,203.6,173.98,217.7,254.16,177.62,182.95,158.81,155.91,166.87,172.6,172.48,6.5,48.77649204,1.52831304,141.516296754687,0.5815775405324963,0.6186077305014415,0.013568521051965377,0.6921073069333872,0.19948917940366684,-0.4482557578705304,0.039452401190320785,0.7286863059452919,3.090337938740362,0.6870541634835803,0.35662397547264746,0.979562988848226,0.6965359805718663,0.6601375678228827,-0.02435312036395132,0.3777401601416486,0.0,0.21837179340007395,2.1664415326051234,0.2843858801472088,0.25606527238144494,0.9926199599348706,-0.12975348661434793,-0.05314555363247209,-0.18030028793747377,-0.5123263211388007,0.3859665014803504,0.11293055971517418,-1.2832440069884044,0.031428422028145775,0.05154971439624845,0.11353602834338616,0.49417067057229147,1.3084629327264174,0.29965562052005623,26.268215751360824,-0.5437751300128912,3.448482758171334,1.0321850162180013,-0.01400854523554429,0.29420765622045764,1.441974102586041,-0.7488486246517212,1.7575144821506683,0.0,0.6154496808804311,0.0,0.3274586379812483,1.0315957833699763,0.4126455448588473,-0.32122932650491265,2.717458736441447,0.3345471977878489,0.559095378396357,0.0,0.7701916145945731,1.4999616856812448,3.560246768804376,3.8872484763027066,-3.821122780018582,-2.488036591015919,-0.5359619334059053
178.68,189.99,294.87,121.85,205.97,141.15,127.94,170.87,112.9,146.8,182.43,226.23,190.08,2010-04-01,191.72,165.16,229.12,298.32,117.18,136.11,261.22,152.75,178.19,200.37,154.4,130.75,118.69,158.6,168.14,139.0,95.61,154.84,172.89,115.92,198.66,200.94,207.65,45.99,123.12,77.26,143.46,181.69,183.5,204.68,193.88,206.18,196.17,190.83,155.11,222.78,213.48,143.23,274.83,203.75,173.07,217.7,254.16,178.68,183.12,160.24,157.68,168.04,173.7,173.72,6.5,49.27487819,1.48787143,149.3218009901462,0.5950059653560658,0.1422138187067823,0.01695806275163747,10.058463157152975,0.11658976302468815,0.6539222960938673,0.926586919927086,0.04683018290814189,-4.950693451739507,-0.4824853911542526,-0.08766643485138559,1.1514564724221188,-0.047337278990422504,0.11481656707301724,0.5646816668420485,0.4461754481938307,0.0,10.55691433624455,8.474972502035438,0.24530483745897058,0.16380020042383592,0.0,0.05990714571852962,2.565000079204882,2.5562972122908256,-0.058959782714573805,0.1577536216098352,-0.11887780762798172,-1.3718420342345716,0.14653550874133003,-0.2515562328904153,8.608110769632038,0.2504859871556242,-0.29153074178731586,0.20424945452264254,0.0,0.3048782849358833,-5.514389598783609,-2.0751353056244426,0.4891352076329625,0.706989964963789,0.6506132679251486,-0.09766579543786236,0.8234761814679636,-0.004850013338497661,0.3012127357165717,0.0,-0.5721464612877369,1.1603100898942564,1.0406215153600407,0.1816911750701422,-0.4356830767152431,0.07364674446046493,-0.5244213142486132,0.0,0.0,-2.6818010763548283,5.368883338962771,3.897414380991081,-3.403129605677746,-2.1984166258811872,-1.2776266727292933
178.04,181.66,294.84,135.45,206.77,141.36,127.91,170.82,111.39,146.12,183.53,228.27,193.82,2010-05-01,182.72,165.68,228.66,298.32,132.78,141.95,261.8,152.94,180.24,200.98,155.5,131.49,118.04,158.88,168.62,139.02,95.55,154.82,172.91,116.2,197.17,202.03,207.65,46.71,121.09,76.69,143.73,182.25,180.51,205.92,194.25,209.16,197.54,190.83,155.35,224.87,214.46,143.6,292.98,204.68,173.38,217.7,254.19,178.04,182.65,162.21,160.21,169.87,173.04,172.7,6.5,50.63655475,1.534805,140.4501556903343,-0.35882523362644747,-4.483463112238084,-0.010174492556025427,10.581178845988859,0.38765372962927813,0.14866733119429654,-0.02345124106897245,-0.029266294218111,-1.3464914298518593,-0.4642914253333963,0.6011604070252474,0.8976957973875876,1.9484857132123778,-4.808104782378475,0.31435160694393005,-0.2009699658456654,0.0,12.498240917437098,4.201150057499792,0.221788932642486,0.12430895643742446,1.1438899384665469,0.3039743215158097,0.709909402861264,0.564370015379545,-0.5491501993674319,0.1763891096115522,0.285069678737937,0.01438745416484366,-0.06277464110731046,-0.01291739328799224,0.011567380001409333,0.24125464053845747,-0.7528520009032924,0.5409845191282514,0.0,1.5534292962184004,-1.6625418764348865,-0.7405035461367504,0.188028886485192,0.30774327744182983,-1.6428489594255247,0.6039959910925319,0.19065782705816048,1.4349935651691403,0.6959465238686846,0.0,0.15460932023962926,0.9337720031697749,0.4580089326255532,0.2579926822349421,6.395162260639697,0.45540318159194015,0.178958050358613,0.0,0.011802891722112463,3.1056809030889254,-6.125105319203339,3.924673741358775,-1.307866505363764,-2.4143653705650476,-1.7607807382247742
177.04,177.08,294.82,135.93,207.72,141.89,127.92,170.11,112.17,145.98,185.44,228.73,193.33,2010-06-01,177.71,166.73,228.15,298.32,133.73,140.64,262.28,153.2,183.3,201.54,156.05,132.72,119.01,159.55,169.63,138.49,95.56,154.82,173.01,115.53,195.23,203.17,207.65,46.35,122.14,76.18,143.8,183.05,180.48,209.16,186.83,213.96,200.99,190.83,153.62,225.36,214.52,142.37,305.16,205.44,172.95,217.7,233.59,177.04,182.05,162.19,160.37,170.0,172.01,171.29,6.5,50.92186222,1.57028636,137.7243226631004,-0.5632548404859605,-2.553520021012723,-0.006783570195612043,0.3537478816052264,0.45839545634391854,0.3742281507780554,0.007817691439715446,-0.41650838965097137,0.6978020800033846,-0.09585759035957153,1.0353237721060893,0.20131297827266081,-0.25313199619931837,-2.7801918270251136,0.6317520485038308,-0.2232876740412948,0.0,0.7129218593691533,-0.9271448982113739,0.18317819196189689,0.1698569690411489,1.6834858721670898,0.2782472231444011,0.35307370974999586,0.9310842783361473,0.8183973119609611,0.4208152427390033,0.5971932013101089,-0.381968681771383,0.010465177132701342,0.0,0.05781683787322578,-0.5782607922884431,-0.9887950083466102,0.5626865784067903,0.0,-0.773698250215249,0.8633857028713443,-0.6672360726309279,0.04869057238057195,0.4379968677477919,-0.016620959067559227,1.561176547211307,-3.8946876776010164,2.26895723431193,1.7314060097678663,0.0,-1.1198615268519951,0.21766661193760584,0.027973332272512863,-0.8602353988469424,4.073188192040433,0.37062365647049234,-0.24831820573165686,0.0,-8.451457705988652,2.2854660493940084,-1.95986367525407,3.930292344505167,-1.405569709806409,-2.5626782828203254,-1.7371162299172485
176.19,175.78,294.85,128.87,208.3,142.77,128.25,170.95,112.05,145.4,187.08,229.51,189.45,2010-07-01,176.19,168.24,228.7,298.32,126.87,133.03,263.42,153.34,183.44,202.11,158.89,133.85,119.05,160.55,170.55,138.11,96.13,154.89,173.08,115.86,195.62,205.54,218.24,45.79,122.14,74.67,143.87,183.78,180.77,209.15,193.02,216.68,202.91,190.83,153.65,226.09,215.6,142.34,293.76,205.6,176.84,217.7,212.98,176.19,182.76,161.66,159.56,169.51,171.12,170.12,6.5,51.2997445,1.53631364,137.8108371699904,-0.4812737540256684,-0.7368394727441441,0.010175182738159094,-5.333590304685654,0.2788329290808633,0.6182834281907468,0.25764155251799536,0.49258294638194755,-0.10703774101958885,-0.3981060924067137,0.8804953266244198,0.340433289680675,-2.0273435879801127,-0.8590049994857019,0.9015793822077178,0.24077936553243973,0.0,-5.265990173219759,-5.562876724105248,0.4337081175481927,0.09134208242578268,0.0763483703988932,0.28242307884216444,1.803567018348673,0.8478124084172478,0.0336049738523414,0.624806781127063,0.5408914357023953,-0.2747651764789083,0.5947119620115515,0.04520357831001576,0.04045190612531613,0.2852329173551382,0.19956511676362254,1.1597595187407883,4.974140457833531,-1.2155565342859997,0.0,-2.002055600284791,0.048666876199554565,0.39800505064935265,0.1605536677068642,-0.004781143172216673,3.259469800724357,1.263252912664914,0.9507375401872409,0.0,0.019526800595759397,0.32340265201078466,0.5021864920117913,-0.021074075452887087,-3.807312178990241,0.07785130794140116,2.2242833574864562,0.0,-9.236917723135818,-2.187219104342697,0.06279743738373256,3.9376857716574984,-1.3514052128865028,-1.8767086921394038,-2.2722711614549445
176.9,180.97,294.86,122.7,208.61,142.74,127.39,170.66,110.97,145.55,187.34,230.58,189.03,2010-08-01,181.67,169.67,229.01,298.32,120.4,128.14,264.5,153.6,183.21,202.24,158.98,134.06,119.06,161.06,170.77,137.6,94.31,155.11,173.14,115.5,194.86,206.18,218.24,45.99,120.78,74.14,143.72,184.43,182.95,210.14,190.42,217.46,203.23,190.83,153.31,227.24,215.56,142.57,290.7,205.89,176.06,230.6,213.14,176.9,183.23,160.91,158.46,168.84,171.85,170.92,6.5,52.54020246,1.50162857,141.6681561307515,0.40216429632025097,2.9098058535611315,0.003391497516069819,-4.906179258343446,0.14871317892684033,-0.02101502582076975,-0.6728236929182785,-0.16978429768714776,-0.968530573446369,0.10311050922133802,0.13888149232990088,0.46512722687328534,-0.22194048425356883,3.0628896248115822,0.8463842660403564,0.135456969434955,0.0,-5.234340727778708,-3.745125048493847,0.4091534727453272,0.16941425828234102,-0.1254602646495684,0.06430073178149698,0.05662692446914974,0.15676909634496639,0.008399479237208851,0.3171545831875733,0.12891130344927504,-0.369954359059399,-1.9114213521930878,0.14193550769920904,0.03466004309435888,-0.3112035706630323,-0.3892649865151476,0.31089114713118704,0.0,0.4358254882828483,-1.119721891523362,-0.7123207325024694,-0.10431518036240206,0.35305976219754953,1.1987386478452322,0.47222773724211464,-1.356165162144496,0.3593314779904766,0.15758116226827212,0.0,-0.2215273254130956,0.5073577600700929,-0.018554596954611924,0.16145452947444738,-1.0471299867295336,0.14095120076422774,-0.44205229252822775,5.756663959445696,0.07509622055730247,-2.283557410828718,2.7605394383484416,3.9615786376949638,0.3304619657180208,-2.276851740268363,-1.8571656949869773
179.07,189.51,291.62,119.99,209.3,143.42,127.6,170.86,108.92,146.8,189.52,232.29,191.35,2010-09-01,190.8,170.43,229.04,294.92,116.19,131.11,265.7,154.06,183.12,203.0,158.98,134.56,120.73,161.61,171.87,137.73,94.66,155.14,173.16,114.82,196.27,206.89,218.24,44.98,118.58,73.41,143.93,186.31,188.26,214.03,188.95,218.42,204.81,198.75,154.34,228.97,216.69,143.27,299.75,210.91,176.39,230.6,213.3,179.07,184.25,160.99,158.22,169.12,174.24,173.9,6.25,52.62594821,1.488915,144.4078619968768,1.219218968292779,4.611052190660825,-1.1049082533534538,-2.233394574056824,0.3302149395759457,0.47525949115074795,0.16471237889934542,0.1171234615033434,-1.8646226706913183,0.8551445988783435,1.1569412069545315,0.7388717261934019,1.2198479249637018,4.903390456353307,0.446928118229728,0.01309900667747499,-1.146260274911537,-3.5592750679949603,2.2913249300435368,0.45266014674139043,0.2990316211247901,-0.049136025884166656,0.37508680832942787,0.0,0.37227352948265846,1.3929079619051876,0.34090589931530246,0.642075518944818,0.09443214299968972,0.3704295922307921,0.01933924260653086,0.011550678615268595,-0.5904845222357125,0.7209910300792544,0.3437677387413629,0.0,-2.2206035020662984,-1.8382870600532897,-0.9895031599896242,0.14601080292617752,1.0141965337547632,2.8611094653858693,1.8342216851842785,-0.774972906204674,0.44048891999795003,0.7744377496083032,4.066477417561831,0.669594570709453,0.7584262916680018,0.522846766556917,0.48978547394114,3.065698634279279,2.408945660887074,0.18726065906253808,0.0,0.07503986844943356,-0.8502565700730713,1.9154276873183385,3.963209310082499,-0.23266408751223544,-1.370854626023476,-1.319984327748351
182.35,198.08,288.4,129.15,209.69,143.25,127.78,171.52,108.23,145.12,189.69,234.8,192.96,2010-10-01,199.96,171.23,229.38,291.52,125.01,141.25,266.77,154.5,183.37,203.09,158.0,137.05,119.39,162.31,173.29,138.42,94.94,155.22,173.21,115.23,197.06,207.73,218.24,44.13,118.0,72.39,144.7,186.0,188.03,210.03,183.82,217.77,204.92,198.75,155.99,231.57,217.64,144.26,304.38,213.68,175.94,230.6,213.34,182.35,185.05,162.88,160.04,170.81,177.78,178.36,5.75,53.15123163,1.41846,152.1918465423338,1.8151126406021234,4.422919591751295,-1.1103179477345293,7.356611356555209,0.18616201467001048,-0.11860328595796332,0.14096642635079704,0.3855370158964533,-0.6355075498504448,-1.1510129813588676,0.08966008881019505,1.0747496887200114,0.8378701667109745,4.689158753118328,0.46830267637343326,0.14833561465161793,-1.1595519049856229,7.316695190770073,7.449470451523954,0.40190111753144464,0.28519594129807757,0.13642939167617385,0.044325150323132334,-0.6183375117999823,1.8335626524156545,-1.1161201986999103,0.43220615564267817,0.8228114563557654,0.4997294484477166,0.29535886450702264,0.051553036326801305,0.028870860840868318,0.3564446286432599,0.4016988596340809,0.40519084909407255,0.0,-1.9078123249713919,-0.49032138135567394,-1.3991997817639934,0.5335563362858231,-0.16652793190603532,-0.12224615516904791,-1.8865814455256036,-2.7525411865535254,-0.2980354804723362,0.053693897270346014,0.0,1.0633941601319918,1.1291213024265723,0.4374560886859058,0.6886265170245487,1.532812689903018,1.3048066604182118,-0.25544247988564805,0.0,0.018751172003206307,-4.847589071267783,5.250020237315844,3.973141277238194,0.01900986047100872,-1.064645191580083,-2.4447190244267443
182.4,194.34,290.17,134.15,210.91,144.12,127.79,172.3,108.58,143.95,189.43,236.84,194.43,2010-11-01,195.91,171.59,266.55,291.52,130.13,145.7,267.78,155.09,184.85,204.46,158.24,139.95,119.78,162.8,174.13,139.76,94.91,155.27,173.35,114.34,200.02,209.44,218.24,45.56,118.0,72.28,144.89,186.25,185.01,206.9,183.6,216.05,205.0,198.75,155.94,233.76,217.7,145.0,309.12,214.19,176.74,224.89,213.39,182.4,185.63,164.18,161.26,172.28,177.76,178.17,1.75,54.83761581,1.42952778,157.07961699388613,0.027416038554228805,-1.906178708493833,0.6118552714132974,3.798405732978427,0.5801252598868878,0.6054930285043447,0.007825644641457075,0.45372656514466314,0.3228636170249821,-0.8094969308642064,-0.13715975984442963,0.8650719709633492,0.7589287568913861,-2.0461976445428576,0.21002282966504637,15.018182633239352,0.0,4.0140216686194385,3.1018343174608276,0.37788839281507336,0.3811497233560779,0.8038715821568232,0.6723126783849231,0.15178348474353953,2.0939393212668023,0.32612814790189404,0.30143666514614864,0.4835655039137521,0.9634124412084333,-0.03160389807712605,0.03220715670853025,0.08079409488432887,-0.7753665190097792,1.490911065404088,0.8198142614997295,0.0,3.1890315297525618,0.0,-0.15207025810219932,0.13122001951924034,0.13431835464672304,-1.6191646895872935,-1.5014792905717833,-0.11975397435728397,-0.7929597586916692,0.03903200674066909,0.0,-0.03205847493230607,0.9412744372517601,0.027564662277690388,0.5116515345047645,1.545263021749932,0.23839027813457037,0.4536698265329875,-2.5073214064564198,0.023434021619639367,0.7772389892090115,3.1610918108381014,4.0043763783661,2.3891282785406975,-1.828174466102859,-0.8531449056541491
181.85,189.17,290.3,131.77,213.37,144.6,127.84,174.14,111.46,144.31,189.52,237.63,198.37,2010-12-01,190.36,171.34,269.26,291.52,127.58,144.0,268.31,155.55,187.91,208.16,157.66,142.28,120.17,163.1,174.31,140.73,94.94,155.3,173.54,112.91,208.75,209.53,218.24,46.47,121.23,72.61,144.87,186.46,189.08,202.8,184.09,215.89,205.21,198.75,156.26,234.72,216.49,145.79,326.74,214.26,177.16,231.56,213.48,181.85,186.77,164.29,161.26,173.37,177.18,177.28,1.5,55.71338376,1.51314783,166.148406638524,-0.3019906207232914,-2.696312073372109,0.044791290565715514,-1.790059831447266,1.1596245719268872,0.3325023844771735,0.0391190397352581,1.062242986658557,2.6178553664085946,0.24977463898014918,0.04749967103423458,0.3330034480723221,2.0061772632282704,-2.8738353847031384,-0.14580237616321767,1.0115612282318942,0.0,-1.9790331974856912,-1.1736413625158093,0.19772805785436276,0.29616297722849794,1.6418439418419695,1.793465743532785,-0.36720522426403335,1.6511731118791673,0.32506800868921104,0.18410560585273572,0.10331765354827382,0.6916495182674787,0.03160389807712605,0.019319316156352073,0.10954482343112915,-1.2585424643394738,4.272000218259553,0.04296250394268952,0.0,1.9776804517905422,2.7004943292826766,0.45551876681280135,-0.01380452790700204,0.11268816088785272,2.176032825352525,-2.001531303446935,0.26652902720805116,-0.0740843669574609,0.10238659142647322,0.0,0.20499686871442435,0.40983663922817826,-0.5573611241162624,0.5433487696156369,5.543519657420948,0.03267592513607198,0.23735529651389697,2.9227625440409355,0.042167405221071874,5.684797061682245,5.612861343719366,4.02022040101426,3.211729149840181,-2.260666538433253,-0.6444328523786538
182.6,192.22,290.3,121.54,214.61,146.08,128.2,176.65,112.81,144.2,189.59,239.44,201.09,2011-01-01,193.58,172.28,269.28,291.52,116.96,135.46,269.31,156.24,192.65,208.41,157.43,146.16,123.42,163.45,173.87,141.22,94.84,156.11,174.39,114.6,212.14,211.8,218.24,46.61,122.81,71.92,144.89,185.74,192.61,201.51,182.44,215.85,205.29,198.75,156.55,236.23,221.33,146.44,330.5,214.67,179.72,238.22,228.2,182.6,188.15,164.21,160.68,173.69,177.96,177.78,1.5,58.08384509,1.55381905,172.4565559026008,0.41157967278699914,1.5994467717566074,0.0,-8.081455184995168,0.57946795165984,1.018310712199444,0.2812062468604992,1.4310800404684798,1.203920547543813,-0.07625385971374854,0.03692859634174539,0.7588021400144918,1.3618595297958613,1.6773847468033232,0.5471173650011707,0.0074274891407100085,0.0,-8.6911622812341,-6.113690578924302,0.3720103988929857,0.44260632247770104,2.491194627110538,0.12002786087039752,-0.14599006052247177,2.6904964989497238,2.668576596971306,0.21436235432519268,-0.2527429687075866,0.3475797079724785,-0.10538519259668533,0.5202156813933101,0.48860500160250453,1.4856763088208602,1.6109070346359111,1.0775505966289067,0.0,0.3008167287762653,1.2948877863800945,-0.9548263228790432,0.01380452790700204,-0.38688925206846747,1.8497213171094984,-0.6381263770145473,-0.9003416614970838,-0.018529670688138822,0.03897685798426309,0.0,0.1854161203816318,0.641259231099589,2.211044345461488,0.4448558135305092,1.1441911693379048,0.19117344315855433,1.4346805146961294,2.835559724195136,6.667928596223138,2.6523667147646313,3.72639500548404,4.061887571665417,6.611528439296688,-1.5941453351824637,-0.2273659434230658
183.93,197.1,290.33,115.28,214.32,147.42,128.34,179.78,113.3,143.62,189.85,240.51,202.75,2011-02-01,198.74,173.64,269.86,291.52,111.05,128.06,270.23,157.05,188.78,208.45,158.43,147.97,125.68,163.82,174.68,141.78,94.85,156.36,174.65,118.84,213.68,213.16,193.22,46.79,123.38,70.89,145.13,186.24,190.11,204.38,183.36,215.85,205.46,198.75,156.82,237.3,222.21,148.14,332.54,215.15,180.2,238.22,228.22,183.93,189.37,164.65,160.84,174.07,179.34,179.55,1.5,57.22517745,1.58283,178.7150390044905,0.7257282281837973,2.5070664763536143,0.010333603164358607,-5.287947501594292,-0.13522021970375775,0.9131238914483752,0.10914478358001745,1.7563507340098816,0.4334180417131961,-0.4030302168676947,0.13704408638641752,0.44588051785270366,0.8221123957546261,2.6306574082274103,0.7863130245483241,0.21515755601457798,0.0,-5.1851445661031725,-5.617748969610137,0.34103157936486994,0.5170939416232478,-2.0292755175367994,0.01919109539061381,0.6331940360413846,1.2307638444691626,1.814582105444451,0.22611309172360095,0.4647835077662421,0.3957602338670263,0.01054351838183365,0.16001539561791844,0.14898008714725464,3.6330246313767134,0.7233134724381252,0.6400624261275745,-12.176593856573437,0.3854394493475688,0.46305781591993167,-1.442501029643939,0.16550586496411057,0.26883181952106483,-1.3064567092595958,1.414199823718043,0.503008168287522,0.0,0.08277541556021006,0.0,0.1723203030361553,0.4519256736050359,0.39680802393542436,1.1541984333107713,0.6153494320492392,0.22334940186112817,0.2667260972278207,0.0,0.008763857855864643,1.8498580378171814,3.564722154389699,4.046993966751254,4.353204069985317,-1.5454616410042266,-1.5344805246371247
184.7,196.3,290.43,116.17,215.14,148.8,128.53,182.6,113.68,144.28,190.41,241.55,205.12,2011-03-01,197.84,174.07,271.55,291.52,111.67,129.92,271.2,157.94,189.53,209.18,159.27,149.74,127.31,164.71,175.54,143.31,95.01,156.52,175.07,119.99,219.71,214.31,193.22,47.54,123.64,70.44,145.36,189.22,190.53,207.61,184.77,215.85,206.09,198.75,157.53,238.26,223.92,148.81,342.25,215.74,180.12,258.34,229.32,184.7,190.67,165.59,161.79,175.34,180.12,180.38,1.5,57.00927566,1.57466957,184.7654038676631,0.4177636762487502,-0.4067112876258605,0.03443763378623288,0.7690683834117529,0.3818753767506067,0.9317466637849492,0.14793477996706272,1.5564087015615513,0.3348315754884368,0.4584933353166676,0.2945355308677122,0.4314822277445174,1.1621480736782708,-0.4538814590056006,0.24733267332246456,0.6242978478212535,0.0,0.5567543117264151,1.4419972322711416,0.3583107835885002,0.5650988084779485,0.3965007441410151,0.3495920999316837,0.5288019876738659,1.1890906288096303,1.2886063126188674,0.541808770712926,0.4911208546610979,1.0733555643108517,0.1685452837635104,0.10227564174574155,0.24019226920000136,0.963035538189061,2.7828926166573176,0.5380507518002453,0.0,1.5901957053922722,0.21050934824238254,-0.6368096238920096,0.15835316056440618,1.5874194733224378,0.22068104794579213,1.5680313504394583,0.7660374840686934,0.0,0.3061598795299325,0.0,0.4517265515101343,0.40373509294973076,0.7665964513890344,0.45125518568154277,2.878131055632416,0.27385196626745767,-0.04440497408664257,8.108193035111455,0.4808332033648277,-0.5168930660588045,3.3294356717747497,4.04321398547251,3.2068071079669913,-1.7820908363298589,-0.6475594346066244
186.3,195.36,290.42,128.84,215.98,151.42,128.67,184.5,111.59,144.4,190.89,242.75,205.68,2011-04-01,196.83,174.09,271.39,291.52,124.44,141.91,271.97,158.71,190.1,210.19,164.7,155.87,127.58,164.98,177.19,144.93,95.18,156.65,175.1,121.66,222.12,215.2,218.24,47.23,121.19,69.33,147.75,190.59,192.04,207.87,189.46,216.73,207.05,198.75,157.58,239.4,225.61,149.45,342.6,216.3,180.45,258.34,229.34,186.3,191.61,167.95,164.65,177.53,181.78,182.39,1.5,56.91637933,1.51561905,194.2741653356084,0.8625390402348998,-0.4800090920021205,-0.0034432297498554476,10.351668893761445,0.3896831800754619,1.7454310276168172,0.1088647074858784,1.0351495319713244,-1.855604359123486,0.08313704233877672,0.25177039263217793,0.4955616171018917,0.27263892253293065,-0.5118211188265498,0.011488970600925796,-0.05893837427031201,0.0,10.82755785717362,8.82741774330782,0.283521002926701,0.48634234500317675,0.3002926156175256,0.4816758245765662,3.3524761919904833,4.012186969842002,0.21185617402545986,0.16379026380004547,0.9355666006007013,1.1240751164445228,0.17876864743060494,0.08302200559890949,0.017134534696516823,1.3821862916262084,1.090928140512748,0.4144263341045118,12.176593856573437,-0.6542178024022238,-2.0014555283520252,-1.5883570673606684,1.6308232198292139,0.7214164670253709,0.7894021179747135,0.1251564618941714,2.5066112080326164,0.40686171988246755,0.4647343408159088,0.0,0.03173494996646653,0.47732787526584275,0.7518999675461657,0.4291564287988159,0.10221217214620992,0.25923540117300803,0.1830435655426399,0.0,0.008721056997629262,-3.822148407895787,5.0183451608860175,4.04158316139523,2.2781997499951245,-1.274503665340998,-1.3194460001404331
190.81,204.57,290.39,143.89,217.15,151.82,128.81,185.67,111.07,145.83,193.06,244.71,208.7,2011-05-01,206.72,174.79,270.85,291.52,141.86,147.96,272.9,159.52,190.91,211.72,165.58,157.33,126.41,165.15,178.04,146.34,95.38,156.74,175.19,121.96,224.47,216.38,218.24,47.1,120.59,68.64,149.17,191.84,191.94,215.91,196.41,222.03,210.53,198.75,158.05,241.21,228.79,150.17,355.85,216.92,183.63,258.34,229.39,190.81,192.6,170.55,167.77,180.08,186.45,188.18,1.5,57.49518012,1.56415714,186.9132103429993,2.391989093470759,4.6066204838276725,-0.010330400656588523,11.04777943123283,0.5402548176217437,0.26381759134617155,0.10874632110979832,0.6321440938798162,-0.4670807018581691,0.9854333266747339,1.130367550765854,0.8041728809164539,1.45762511255203,4.902480856934144,0.4012846476368459,-0.19917386342429566,0.0,13.101698374450432,4.174891311780726,0.3413661618785646,0.5090668694061051,0.4251863312184412,0.7252763417898933,0.5328824527065734,0.9323183751372532,-0.9213026306342798,0.10298974042131093,0.47856409776754205,0.9681814221458751,0.2099077177113884,0.05743642265176874,0.05138599559249002,0.24628532274943993,1.0524291590048307,0.5468292971798405,0.0,-0.2756282885653327,-0.4963199864894463,-1.0002257774692325,0.9564938879631057,0.6537167332652416,-0.05208604732587219,3.7948769880422617,3.6026390673721487,2.4160168677173743,1.6667850790887506,0.0,0.29781728440845257,0.753213023955901,1.3996707374128725,0.4806096962242101,3.79457078552603,0.2862289013846109,1.746913244229109,0.0,0.021799315587767154,3.1523140859001764,-3.862599147575807,4.051701120289877,2.5294307183275855,-1.090180954635711,-1.1453082936525374
188.08,191.47,290.4,144.81,217.67,152.66,128.86,186.27,111.86,147.56,195.78,245.89,210.94,2011-06-01,192.48,175.88,270.97,291.52,143.16,147.46,273.89,159.98,192.91,211.48,167.05,158.33,126.31,165.44,178.55,147.72,95.37,156.83,175.31,122.75,223.41,218.8,218.24,47.32,121.49,68.48,150.12,192.35,191.36,213.8,226.94,228.25,214.3,198.75,158.18,242.34,230.38,150.68,365.97,217.42,184.4,273.64,229.35,188.08,192.84,171.49,168.82,180.92,183.62,184.39,1.5,58.58511822,1.59401364,184.91429149139208,-1.4410764310436086,-6.617907681555746,0.0034435854614933703,0.6373419565184335,0.2391795445914724,0.5517617781702455,0.03880933024991151,0.32263296255310436,0.7087456214413201,1.1793313003001238,1.3990558412815268,0.4810445476845615,1.0675918765313597,-7.137296836786788,0.6216690965613836,0.04429515409620777,0.0,0.9122230123884023,-0.3385014402748965,0.36211382131812186,0.2879501207147861,1.0421646093229597,-0.11342156225380151,0.8838707092105658,0.6335952261010469,-0.07913897215825472,0.17544394832658128,0.2860429892804106,0.9385908528479092,-0.010484927925702436,0.05740345216151965,0.06847361180515321,0.6456644554575952,-0.4733419572790609,1.112194928839827,0.0,0.4660038087813678,0.7435592751149578,-0.23337233462203955,0.6348379100981738,0.265493791910032,-0.3026352427214718,-0.9820655596877614,14.448135424173358,2.7629011597593234,1.7748741697067416,0.0,0.08221864296444892,0.46737754399446274,0.6925567241571784,0.3390397131651568,2.804206908347595,0.2302344802994405,0.4184447591405238,5.753682708892782,-0.01743907228552999,1.890802719868473,-1.0751964815677972,4.070480709040759,3.653712638290507,-2.225751062983177,-1.3267056636869612
187.31,189.22,290.42,137.8,217.79,153.08,127.93,187.72,112.07,148.94,197.2,247.39,214.04,2011-07-01,189.91,177.56,271.4,291.52,136.14,140.66,275.05,160.56,192.17,211.2,168.77,158.2,124.6,165.63,179.23,149.6,93.42,156.93,175.37,122.77,226.74,220.49,218.24,46.65,121.92,68.58,150.02,192.66,191.39,208.92,255.02,231.92,216.8,198.75,157.57,243.72,232.84,151.27,380.33,217.62,187.25,273.64,229.37,187.31,193.92,171.34,168.23,180.99,182.83,183.24,1.5,59.71308402,1.64671429,187.9011084878115,-0.41024059240131194,-1.1820779108815849,0.006886815195095153,-4.961917976095265,0.05511413357712769,0.27474341871771557,-0.724330438155274,0.7754256881305821,0.1875586670494478,0.9308667554024375,0.7226862335250495,0.6081757312149882,1.458918059463521,-1.344197650021517,0.9506635653225182,0.15856337558988187,0.0,-5.027911787801997,-4.7211321681632334,0.42263333939933645,0.3618897067406479,-0.3843361955461866,-0.132487953514282,1.0243672445627183,-0.08214071797887357,-1.363059643253095,0.11477936439989733,0.38012232030482096,1.264647555601428,-2.065860851685919,0.06374299042954945,0.034219231541854356,0.016291951811897576,1.4795338198788421,0.7694271836742317,0.0,-1.4260111816833287,0.3533137071685566,0.1459215201287556,-0.06663557253299146,0.16103481311731116,0.0156760287715052,-2.3089595022846687,11.665630809255312,1.5950965138322282,1.159836708596007,0.0,-0.3863821117317201,0.5678326576917136,1.0621402905174548,0.390793675026746,3.848793408491069,0.09194557470122433,1.5337311274834953,0.0,0.008719916294364083,3.25268257456518,1.602337726074321,4.089551159199965,4.815720947077651,-2.0757342874267577,-1.672208100006631
188.67,191.83,290.45,131.81,218.96,154.35,128.01,191.28,111.97,150.17,197.81,248.98,223.78,2011-08-01,192.64,178.54,271.8,291.52,129.68,136.49,275.93,161.35,192.14,213.07,171.19,158.12,125.25,165.8,180.14,151.18,93.4,157.12,175.49,125.79,231.72,221.8,218.24,46.2,121.92,69.46,150.63,193.61,191.79,212.54,254.3,231.22,217.57,198.75,158.45,245.19,235.52,152.1,430.84,218.68,189.67,273.64,229.4,188.67,196.09,171.65,168.27,182.03,184.24,184.83,5.0,61.49471242,1.7442381,183.1953834300808,0.7234458915720055,1.3699203871948562,0.010329333594949475,-4.444186685518403,0.5357768969906473,0.8262090390666721,0.06251465390745281,1.8786832223852912,-0.08926977918308765,0.8224445409689807,0.30885318594497946,0.6406533184045493,4.450051293647128,1.427288639430202,0.550408578538164,0.14727543162749157,0.0,-4.86138905923843,-3.0094279011767533,0.31943110394765384,0.490821400988839,-0.015612396274367057,0.8815198385168976,1.4237209538293882,-0.05058169050693451,0.5203133611621169,0.10258577371313748,0.5064429112090707,1.0506114323654003,-0.021410983916503312,0.12099985555265036,0.06840335443145662,2.4301163658032365,2.1725759638971276,0.5923732531698533,0.0,-0.9693129205659456,0.0,1.2750100281153642,0.4057880173233386,0.4918849071597009,0.20877923967637102,1.7178802376450975,-0.28273010273220933,-0.30228463662247407,0.3545368264619597,0.0,0.556928216297603,0.6013394815854056,1.1444313136976803,0.5471879691138604,12.469749456890256,0.4859051503932399,1.2841097598902174,0.0,0.01307844891460519,5.75358782312772,-2.536255344668259,4.1189511942056765,7.020826540447267,-1.6930702459701086,-0.3621689979169046
190.09,193.73,290.77,127.54,220.34,155.77,128.05,194.95,112.17,150.82,201.35,251.72,229.99,2011-09-01,194.55,180.29,277.48,291.52,123.99,137.52,277.59,162.49,193.04,214.52,171.87,158.42,127.26,166.94,181.97,152.97,93.45,157.14,175.51,129.67,234.02,225.51,218.24,47.08,121.92,69.23,152.49,197.3,195.01,213.74,249.52,229.6,218.38,210.01,163.57,247.94,237.48,153.51,458.33,226.87,189.93,273.64,230.46,190.09,198.61,172.93,169.24,183.52,185.69,186.39,5.0,58.21581958,1.78651905,180.696635192043,0.7498186994540745,0.985587395060783,0.11011322127014722,-3.293145083724891,0.6282743179495398,0.9157809390345939,0.031242677751652792,1.9004792278536797,0.17845993850267305,0.4319087082311768,1.7737713269478483,1.0944786705092469,2.7372403337544426,0.9866037310106712,0.9753999802892821,2.0682356800056922,0.0,-4.4868960235669775,0.7518009206489928,0.5997994568104126,0.7040542916714188,0.4673148335183619,0.6782223897449313,0.3964326301908905,0.18954956076493445,1.5920497839672088,0.6852223721396378,1.0107511969554395,1.177064387114335,0.05351886667748218,0.012728314151999598,0.011396011408315587,3.037891171001217,0.9876835562388386,1.6588428941219924,0.0,1.8868484304382704,0.0,-0.3316752625993402,1.2272521412197257,1.8879586627495115,1.6649815853403638,0.5630117152201741,-1.8975600128526615,-0.7030973801763984,0.37160267558089544,5.510739509689522,3.1801947133503816,1.1153361213852797,0.8287573861962549,0.9227512219863065,6.185265719627342,3.6767692181970624,0.13698632279144363,0.0,0.46101068905981535,2.395122033519459,-1.3733675842924953,4.0641571318919825,0.8178253286826198,-0.5576395751461579,-0.25483373275406146
196.31,201.56,331.8,137.73,228.25,158.28,128.09,196.14,112.81,152.45,201.83,254.23,227.78,2011-10-01,202.83,182.48,301.47,333.58,133.72,149.17,279.03,163.65,194.04,230.36,176.4,161.89,128.01,168.72,185.74,154.96,93.48,157.19,175.55,130.95,233.87,228.03,218.24,49.93,121.92,70.25,155.02,201.28,196.13,219.09,244.03,229.77,218.38,210.01,165.03,250.45,239.31,154.71,440.28,228.64,191.96,281.75,230.45,196.31,203.08,175.87,172.31,187.04,190.56,191.14,5.0,61.5344349,1.82708095,174.8531382901442,3.21973982018795,3.962166671354339,13.199980110510179,7.686520604211466,3.5269711563159056,1.5985056178709378,0.031232919751023047,0.6085574535568128,0.568940995969669,1.0749600659762493,0.23810716145646893,0.9922010442331874,-0.9655578870914283,4.167899034013356,1.2073912422024158,8.292165021187614,13.477410257743383,7.55471443601472,8.131723409124447,0.517409799343671,0.7113539532504376,0.5166902060239842,7.124032852374729,2.601576648409498,2.166735821728061,0.5876148063372,1.0606069747928437,2.050600802271152,1.2925195363566289,0.03209757690854076,0.03181369924707411,0.02278812748421899,0.9822809392927567,-0.06411763668330295,1.1112695388572291,0.0,5.877374212044195,0.0,1.4626013523921344,1.6455120726444505,1.9971560483506678,0.572686537327094,2.4722281203377605,-2.2247903744506026,0.07401441442000944,0.0,0.0,0.8886242285042201,1.0072518393624996,0.7676373188673757,0.7786685245867453,-4.017856052365243,0.7771547972788007,1.06314337658997,2.920677902708846,-0.004339241935191751,2.2450522289798047,-3.2873164642871266,4.119596935190566,5.650190174427916,-0.04602686212068302,0.6986234437810583
199.7,208.16,344.03,145.43,229.64,160.1,128.38,195.07,113.82,152.47,201.97,255.81,231.64,2011-11-01,209.76,184.92,314.45,345.76,141.77,155.41,280.21,164.51,197.02,231.44,178.57,162.94,128.63,170.04,188.34,158.13,93.7,157.55,175.87,130.49,230.53,229.25,262.27,54.28,121.92,70.23,156.13,205.19,194.62,217.51,247.53,230.29,218.36,210.01,165.48,252.3,237.43,157.92,447.83,229.38,194.1,307.01,230.53,199.7,204.42,178.11,174.45,188.93,193.61,194.71,5.0,60.96897177,1.80378421,176.814722969675,1.7121198001827764,3.221991095179799,3.619648511686968,5.439962426037859,0.6071345824357977,1.143300348544507,0.22614740405870748,-0.5470221457333224,0.8913265558149419,0.013118194955197282,0.06934126082693837,0.619561232100363,1.6804191511384126,3.359583024469348,1.3282721143891507,4.215457226053587,3.5862176109549004,5.845796457764241,4.098019076168136,0.42200191373105156,0.5241357684139913,1.5240923050517274,0.4677358029407941,1.2226537636342627,0.6464942629081705,0.48316802226064937,0.7793167320070182,1.3900993734054623,2.0250460436484374,0.2350679573718928,0.22876034631371667,0.18211831338321716,-0.3518975479565256,-1.4384399612474397,0.5335911890514744,18.377913282114733,8.353381045415054,0.0,-0.02847380429260582,0.7134852700063199,1.9239405653579844,-0.7728765279576777,-0.7237777816805568,1.4240618229320212,0.22605756703129032,-0.009158767236261411,0.0,0.2723066037734867,0.7359555843386545,-0.788693940199714,2.053617895419446,1.7002807959289434,0.32313027548189766,1.1086473184919399,8.586016742671543,0.034708664498772634,-1.2832787053360772,1.1156009632497188,4.110365075253981,4.027987968988533,-0.6114366118510839,-0.4637754066391409
200.85,212.26,344.0,142.28,230.86,160.56,128.27,195.42,114.22,153.68,201.79,257.12,232.38,2011-12-01,214.03,186.96,313.9,345.76,138.06,154.36,280.96,165.67,198.6,232.81,178.92,163.44,128.66,171.12,190.35,158.87,93.55,157.48,175.8,130.35,231.75,229.4,262.27,54.1,122.45,69.97,157.54,207.91,196.34,224.8,242.74,229.88,218.37,210.01,165.31,253.75,236.79,159.17,446.38,229.65,195.14,307.01,230.73,200.85,205.04,178.32,174.35,189.29,194.8,196.04,5.0,60.95053396,1.85885,173.4162736540506,0.574212038352151,1.9504923569480859,-0.0087205499816001,-2.1897924109364197,0.5298600887329918,0.28690844854137865,-0.08571985718726083,0.1792620009355872,0.35081600617390407,0.7904663076486074,-0.0891618842504549,0.5107920567134272,0.31895203971270547,2.0152172097081866,1.097139111057821,-0.17506171416048488,0.0,-2.6517652854210816,-0.6779249258102027,0.26729883869567317,0.7026499319116475,0.7987505183539412,0.5902009593309998,0.1958097355613475,0.30639156268703616,0.023319989222958526,0.633136128356071,1.0615642746588883,0.46687781967067465,-0.160213652427732,-0.044440212774699006,-0.03981004971969071,-0.10734550946445154,0.5278198634459663,0.06540935586967223,0.0,-0.33216491142327165,0.43376914598400873,-0.37089914131245294,0.8990400721748948,1.3168914589640757,0.8798910870532417,3.2966291536213,-1.9540875106146771,-0.17819506203835545,0.004579488471900817,0.0,-0.1027842528290357,0.5730674708984473,-0.2699170800730677,0.7884237756591084,-0.32430889184409395,0.1176393835426559,0.534375950483934,0.0,0.08671899255672244,3.007121997252782,-1.9407511139601041,4.110062616512368,3.3115525571112414,-1.5073818161869212,-1.2064868925809507
201.98,214.65,344.08,131.07,233.9,163.1,128.39,199.44,114.21,154.95,201.69,259.06,236.55,2012-01-01,216.51,188.29,315.14,345.76,127.07,142.61,281.93,166.65,206.08,236.1,184.2,164.47,130.17,172.5,192.53,160.58,93.12,158.13,176.42,132.71,237.61,233.4,262.27,54.04,122.45,69.02,158.6,211.0,204.59,225.04,242.27,229.02,218.26,210.11,165.27,255.52,239.92,161.08,440.66,230.07,199.24,307.01,258.82,201.98,207.23,178.59,174.21,190.25,195.95,196.71,5.0,60.31074421,1.83893636,176.4606755548285,0.5610321793120043,1.1196856336892935,0.023253110208276695,-8.206541544879986,1.3082207403367185,1.5695805138885355,0.09350892912332043,2.036235069910486,-0.008755417420136524,0.8229965773455916,-0.04956875287378537,0.7516793112907649,1.778563932244115,1.1520543639820247,0.7088637277734122,0.3942520685991546,0.0,-8.295025755888652,-7.917390492074272,0.34465027275984994,0.5897946803303356,3.697169130491673,1.4032773830277456,2.908334525655931,0.6282232243811414,1.1668022495515018,0.8032171697264445,1.1387502912738157,1.0706003024606225,-0.46070687369708097,0.41190134596886807,0.35205305795447117,1.7943156069646804,2.4971469698957804,1.7286515157184823,0.0,-0.11096727604376078,0.0,-1.3670261087948,0.6705914925569267,1.4752839720769906,4.11601262033594,0.10670461620660987,-0.19381049756486135,-0.3748097654347582,-0.050385911333261646,0.04760544696216229,-0.02419989121857924,0.695115411070546,1.3131862052333076,1.1928322541490566,-1.2897004159996506,0.18271996730749862,2.0792878525279335,0.0,11.488464365645257,-1.077067768219575,1.7403139848209292,4.099510267131414,1.5829024357103094,-1.144825559064458,0.43293334328358396
203.12,219.12,344.08,125.74,235.3,164.8,129.24,200.1,113.99,154.42,201.91,260.24,237.43,2012-02-01,221.34,188.57,315.13,345.76,121.74,137.35,282.91,168.37,206.66,237.97,184.91,164.38,132.38,173.0,194.31,163.4,94.43,158.54,176.78,132.4,239.97,233.95,262.27,53.02,122.45,68.22,160.7,211.79,205.64,223.96,240.66,229.01,218.8,210.11,166.03,256.86,239.35,162.26,439.24,231.27,201.7,307.01,258.81,203.12,208.32,178.59,173.9,190.54,197.12,198.02,5.0,59.45520104,1.75109048,181.9136759608016,0.5628254798011767,2.0610730284253087,0.0,-4.151524867653933,0.5967622143183249,1.0369107848403836,0.6598634353305322,0.3303802374385434,-0.19281338138288362,-0.34263213530874026,0.10901884132277218,0.4544587062985883,0.37132411119937814,2.206324508434765,0.14859632304942139,-0.0031732432135278543,0.0,-4.285049265066476,-3.7581219207392103,0.34700126880071736,1.0268133915959154,0.281048787021998,0.7889171214817914,0.3847096397688432,-0.0547362032824239,1.683528621240793,0.28943580263645075,0.9202836121691149,1.7408921669364474,1.3969835291850252,0.2589447873784678,0.2038505802181234,-0.23386529462499084,0.9883241383918495,0.23536974597702098,0.0,-1.905531223111856,0.0,-1.165854067935701,1.315396354271936,0.3737084223443432,0.5119090719569286,-0.48106997009096375,-0.6667657692550399,-0.004366526210830557,0.24710578628823754,0.0,0.4587994766960257,0.5230504918207757,-0.23786186022354272,0.7298850983665339,-0.322764230652961,0.5202248694402556,1.2271316755083639,0.0,-0.0038637636927241203,-4.894861396116834,3.043421648917466,4.085223105264702,-0.5067368684374962,-1.222167891190201,-1.7290578184588175
203.96,218.39,344.07,127.08,236.84,166.3,129.64,202.4,113.62,154.81,202.26,262.23,239.03,2012-03-01,220.36,190.68,315.05,345.76,122.4,141.06,283.46,169.56,207.2,240.55,184.26,163.89,134.24,173.83,196.52,167.19,95.03,158.71,177.23,131.8,248.31,234.27,262.27,51.04,122.52,68.51,162.66,215.41,206.23,222.37,240.75,229.0,219.27,210.11,166.73,258.88,240.65,164.56,435.88,231.65,200.39,307.01,260.23,203.96,209.71,179.3,174.59,191.83,197.98,198.98,5.0,60.8249634,1.77929545,185.64157277231288,0.4126958790532598,-0.3337069678141624,-0.0029063430940112767,1.0600526446400416,0.6523511930258685,0.9060768723510471,0.30902373170489383,1.1428695823623158,-0.32511781197062106,0.2522395671704203,0.17319449117421115,0.7617699095410657,0.6716223877558214,-0.4437408232123907,1.112733959779444,-0.025389571369949238,0.0,0.5406747012447255,2.665291923874946,0.194219387640171,0.7042907814728494,0.2609579599118561,1.0783352839177418,-0.3521416538109001,-0.29853496446179406,1.3952668028119675,0.47862156356694996,1.130938543751192,2.292970782365167,0.6333811948245227,0.10717101104571469,0.2542302434245691,-0.4542021434501109,3.4164050036573634,0.1366879030467949,0.0,-3.805956182434489,0.057149856639782115,0.4241943024307915,1.2122859995162827,1.6947971200497847,0.28649836286511743,-0.7124803289351611,0.037390166821893445,-0.004366716884529609,0.21457766125836386,0.0,0.42072426526722495,0.783344448521639,0.5416679910600131,1.4075258377783229,-0.7678984620827833,0.16417527233771878,-0.6515977194114342,0.0,0.5471653601953896,1.597874604375371,2.0285519850408384,4.108000286943142,1.1221580353969252,-1.2647155790384021,-1.4643743888696863
207.05,218.12,344.23,143.86,244.29,167.64,130.32,202.94,113.58,155.77,203.32,265.36,239.75,2012-04-01,219.95,191.97,317.61,345.76,139.15,157.62,284.55,171.37,208.1,255.7,187.64,164.38,133.78,174.31,198.04,169.06,96.19,158.89,177.56,132.34,247.6,236.4,262.27,50.65,122.58,68.68,164.29,217.56,207.08,225.01,242.4,230.51,221.03,210.11,168.07,261.83,244.84,166.04,431.86,231.93,201.93,307.01,260.28,207.05,211.58,182.42,178.22,195.56,201.14,201.51,5.0,61.50254328,1.77984,182.60768721110756,1.5036413804621063,-0.12370852188201553,0.04649135635101942,12.40237950378944,3.097123648357414,0.8025436857988844,0.5231586020443046,0.2664431437626291,-0.03521126796943719,0.6182001786140034,0.5227094104677477,1.1865413378290945,0.3007646696838506,-0.1862324809787097,0.6742479482853447,0.8092858635333045,0.0,12.825811789367414,11.100174114547112,0.38379653103737255,1.061811518832112,0.433422301426134,6.107691415167871,1.8177429779471233,0.29853496446179406,-0.34325830286343617,0.2757513093325059,0.7704823192774768,1.1122791251227504,1.2132770941300386,0.1133501380808255,0.1860255898786356,0.4088746515506614,-0.2863424754973032,0.9050989189249847,0.0,-0.7670408341842183,0.04895960930113574,0.2478316014467019,0.9971026179615983,0.9931485654751881,0.41131412177453086,1.1802184469899224,0.6830203516924094,0.6572241889346131,0.7994591750940749,0.0,0.8004821716108168,1.1330804331654676,1.7261340233750921,0.8953477840136337,-0.9265514461999302,0.12079901378356794,0.7655634924679688,0.0,0.019211926823192726,0.030600128143432048,-1.6477720588246036,4.1190785281037545,1.5929017186143035,-1.082852389003108,-1.1271185506414658
206.61,212.89,344.7,156.23,244.39,166.84,130.45,200.18,113.35,156.29,205.55,267.79,240.31,2012-05-01,214.22,192.56,324.9,345.76,153.43,163.14,285.5,172.57,209.2,254.64,187.56,164.36,130.67,174.81,198.91,169.66,96.31,159.05,177.67,132.32,236.92,239.1,248.81,49.61,122.58,67.38,166.39,219.01,207.38,230.42,247.77,236.82,223.95,210.11,167.21,264.54,244.03,167.76,425.3,232.22,202.1,307.01,260.42,206.61,211.03,184.58,180.63,196.73,200.67,200.76,5.0,61.73710855,1.79695455,171.9767400312668,-0.2127351766859853,-2.4269769670214103,0.13644349147687862,8.248867598460219,0.04092657829088964,-0.4783553728126222,0.09970472889477833,-1.3693407060063834,-0.20270574957486076,0.33326955155876803,1.0908220765185384,0.9115696621593727,0.23330427613661442,-2.639672345824451,0.3068683655337523,2.2693227651656933,0.0,9.769194898521505,3.44216549469305,0.333304404693191,0.6977989586729905,0.5271998791179122,-0.4154099323304017,-0.042643923887109025,-0.012167670514440232,-2.3521598689207224,0.2864346596318512,0.4383430623747131,0.35427528788067875,0.12467534082487575,0.10064792948778489,0.06193170819805971,-0.01511373085323342,-4.409200940167679,1.1356588932335931,-5.268495449288935,-2.074680438173493,0.0,-1.910979805086832,1.2701271509170553,0.6642716319715802,0.14476670964311822,2.375888494866807,2.1911642295576073,2.7006113459224323,1.3124373741958628,0.0,-0.5130051813897474,1.0297030396119844,-0.33137674278274076,1.0305663408826327,-1.5306659387097632,0.12495961983667314,0.0841521718843552,0.0,0.053773767379983184,0.9569842704572395,-5.998083061932302,4.1228851852918735,1.3477948858052535,-1.8336660151330277,-2.304276696610911
204.76,205.61,344.69,154.95,244.72,167.66,130.62,197.4,115.53,157.7,208.99,269.09,242.42,2012-06-01,206.24,193.25,324.74,345.76,151.74,163.31,287.05,173.36,213.91,252.59,187.8,165.39,131.17,175.66,199.63,171.27,96.33,159.35,178.03,132.39,228.25,238.47,248.81,50.04,125.07,67.27,167.16,221.89,208.6,232.49,256.69,241.86,229.33,210.11,167.56,265.86,244.98,169.36,430.35,232.65,203.95,307.01,260.59,204.76,211.15,185.38,181.36,196.84,198.78,198.22,5.0,61.31205249,1.81607143,160.902266256116,-0.8994396635333857,-3.479442985713632,-0.002901115479136962,-0.8226796190054841,0.13493899125895936,0.49028498809668974,0.13023328917736166,-1.3984834791491707,1.9049859541389047,0.8981238114890822,1.6597090586272678,0.4842804875258899,0.874200251745183,-3.7962985145606254,0.3576893992715213,-0.04925805160862495,0.0,-1.1075907047185751,0.10415072162173189,0.5414387517580721,0.4567405968615823,2.226463362294595,-0.808316212295157,0.12787725527765303,0.6247177254492975,0.381913082599894,0.4850638665878648,0.36131920675925855,0.9444824264688734,0.02076411967593117,0.18844226681924425,0.20241783689565196,0.05288806741843288,-3.728101193368616,-0.26383582111479953,0.0,0.8630259285753006,2.010970250322952,-0.16338659408923206,0.46170071522988465,1.306437270384908,0.5865683436540259,0.8943482739826258,3.5368234647812358,2.105868745431927,2.3739201622571926,0.0,0.2090988604256161,0.4977385841551829,0.38854060044979377,0.949224023294537,1.1804028835895153,0.18499800917979314,0.9112241353991912,0.0,0.06525786684816737,1.0582297778011673,-6.656209651991585,4.115976438461025,0.04190996420474491,-1.900415414729528,-1.0682227953348689
204.29,206.36,344.69,148.16,243.22,166.87,130.65,198.13,116.21,156.72,211.26,270.56,243.5,2012-07-01,207.0,193.85,324.75,345.76,145.23,155.66,288.48,173.86,204.35,251.63,183.97,164.49,131.53,176.07,199.97,171.78,96.34,159.41,178.03,132.32,228.09,242.4,262.27,51.62,125.47,65.51,167.56,222.61,208.69,231.25,260.08,247.04,232.54,210.11,168.34,267.33,246.08,170.95,426.68,234.0,210.94,332.94,260.71,204.29,211.36,185.13,180.84,196.27,198.3,197.71,5.0,61.88232375,1.80488636,166.5134512363088,-0.2298008589820988,0.36410458459386064,0.0,-4.480971333588801,-0.6148316289793954,-0.4723053050899928,0.02296474921106295,0.36912539067861516,0.5868662739855424,-0.6233720332707193,1.0803198464856223,0.5447989014620624,0.44451834802785584,0.3678254074491072,0.3099976649406422,0.003079339174050233,0.0,-4.384983729021652,-4.797609355740917,0.49693428413615237,0.28800204228147663,-4.572115580342739,-0.3807866248809688,-2.0604865936470595,-0.5456543185635709,0.27407706536335397,0.23313347493818526,0.17017021123493237,0.2973329693801041,0.010380443254298655,0.037645878220970985,0.0,-0.05288806741843288,-0.07012315666230506,1.634573794202776,5.268495449288935,3.108650869175733,0.3193105610793445,-2.6511569293728776,0.23900584991194407,0.3239597883912815,0.043135470006738785,-0.5347836957199092,1.3120144857102112,2.1191220479281903,1.3900238964581035,0.0,0.46442477045962605,0.5513995853285714,0.44801117577399907,0.9344489258700683,-0.8564513338201074,0.5785937067043889,3.3698867084900996,8.108197321926358,0.04603875009383529,-0.61779817518679,3.4278955590907323,4.1252345775207955,0.3628367797867682,-1.6466139916805953,-2.3826770994845154
205.43,209.37,344.68,141.35,244.88,168.06,130.32,201.29,116.05,157.68,213.27,272.23,244.69,2012-08-01,210.2,194.67,324.65,345.76,138.92,147.19,290.21,174.52,204.32,254.14,186.68,164.54,131.61,176.25,199.97,173.47,95.54,159.52,178.11,132.23,238.2,242.81,262.27,50.47,125.57,65.7,169.12,223.88,209.56,234.77,260.91,248.79,236.95,210.11,168.86,269.1,246.51,171.77,428.91,236.24,216.24,332.94,260.8,205.43,213.04,184.88,180.33,196.88,199.46,199.08,5.0,61.00329689,1.78584,171.3649975807179,0.5564790304858569,1.4480805320721046,-0.002901199646210273,-4.705368675826982,0.6801911084303391,0.7105992341260858,-0.25290276728320293,1.582327340677292,-0.13777665143361872,0.6106889208179034,0.9469366214485575,0.6153412072698927,0.48751607239490014,1.5340665177482116,0.42211531842486494,-0.03079765962130665,0.0,-4.442046474383954,-5.594987232674686,0.597903939517952,0.3788970604490238,-0.01468177260575132,0.9925541674312477,1.462322024392293,0.030392365671794153,0.060804136554537536,0.102179845402528,0.0,0.9790085435239071,-0.8338593240258874,0.0689806567972795,0.044926153392221835,-0.0680400706649209,4.337036901274427,0.16899903035074715,0.0,-2.253009393829686,0.07966858292638435,0.2896122746779639,0.9267026043093374,0.5688832560921675,0.4160197273279209,1.5106935084881812,0.31862442741337205,0.7058900294810044,1.8786895173135143,0.0,0.30842254579237505,0.6599207440121546,0.1745874293926697,0.4785256563623719,0.5212788951900471,0.95271220779658,2.4815169119723812,0.0,0.03451515824952622,-1.0608738579146015,2.871967613068094,4.1109279100898535,-1.6632359809809039,-1.6071641776955483,-1.1945139533456002
207.55,213.86,345.67,137.64,246.9,168.47,130.39,204.61,117.84,157.82,210.73,276.25,250.22,2012-09-01,215.02,195.31,340.29,345.76,133.66,148.98,291.6,175.04,204.26,257.69,186.97,164.69,130.75,177.1,200.77,175.4,95.57,159.66,178.15,131.31,248.47,246.12,262.27,52.08,127.3,65.52,174.72,227.33,213.52,232.59,254.34,253.07,238.65,186.8,170.53,273.01,250.75,173.05,457.16,242.86,231.52,332.94,260.99,207.55,215.27,185.4,180.54,198.31,201.6,201.73,5.0,62.38490724,1.79563,172.994156361944,1.0266931194627738,2.121857363134083,0.2868112344899032,-2.6597503210320284,0.8215101713976658,0.24366338980401636,0.05369951415907792,1.6359073865527485,1.5306639433928737,0.08874802484246658,-1.1981275400380298,1.4658955608992663,2.2348427642660873,2.267158861423102,0.3282222547613678,4.705051628456491,0.0,-3.859896579294908,1.2087799543634148,0.47782012843162747,0.2975170978207764,-0.029370013427598707,1.3872015817208094,0.15522550955680003,0.0911217145332266,-0.6555900901200395,0.48111030964097523,0.3992618968576167,1.1064406164765117,0.03139553162725406,0.08772480041248087,0.022455510115104715,-0.6981890697818294,4.221145698163742,1.353997737362267,0.0,3.140189754814271,1.3683133562488514,-0.2743485945750912,3.2576170434612806,1.5292512288096027,1.87204105562504,-0.9329064578439628,-2.5503565677182927,1.7056963169387096,0.7148895038308289,-11.75926773062157,0.984126508346872,1.4425366817865992,1.7053866230838821,0.7424197432419177,6.378633232021436,2.7636908190005194,6.82773609149816,0.0,0.07282623599431659,0.5467042518332632,0.9462045178574741,4.133323374965991,-0.010281710716597559,-0.3212748056734377,-0.3923870870355098
211.62,217.42,347.32,147.02,255.07,169.31,130.44,208.82,119.37,157.5,211.31,278.11,252.16,2012-10-01,218.76,196.82,366.22,345.76,142.77,159.12,293.54,175.76,205.34,274.2,188.82,165.17,130.71,178.04,202.38,176.27,95.6,159.72,178.22,131.36,260.55,248.24,262.27,51.47,129.29,64.49,178.88,228.76,217.52,232.78,247.02,254.59,239.11,186.94,171.3,274.84,252.42,174.03,463.3,245.55,239.8,332.94,261.09,211.62,218.29,187.79,182.84,202.32,205.72,205.45,5.0,62.46423153,1.79414,171.2279474380693,1.9419938976967366,1.6509371447343213,0.4761982475979032,6.59270510166623,3.255462094029138,0.4973661742027957,0.03833914857382936,2.0366908683496554,1.2900140952572414,-0.202968482720145,0.27485563697142723,0.6710466049859143,0.772327578026033,1.724419142149003,0.7701565622038942,7.34360504745073,0.0,6.5935681718205075,6.5846565797587076,0.6630916048549373,0.41049088427387304,0.5273449720865742,6.210045503461714,0.9846004127187946,0.2910327646882038,-0.03059741475714972,0.5293699358865922,0.7987144036126104,0.49478304937800033,0.03138567792673186,0.037572797736817876,0.039285013272927216,0.03807058332050417,4.747266745238665,0.8576798267835528,0.0,-1.178188423565052,1.5511437703100484,-1.5845266522528156,2.3530497410193973,0.6270712735860329,1.8560295227946,0.08165546148530822,-2.920264958273222,0.5988277753602667,0.19256536426048854,0.07491839596953653,0.4505171005251718,0.6680685612148629,0.6637939988439534,0.5647128064729223,1.3341353393205857,1.101544685958089,3.5138979710239937,0.0,0.038308305709033874,-0.08301367973806428,-1.0262120906648242,4.134594097398768,-0.4615396543628414,-0.8964772274804864,-0.5539651169364574
212.42,217.16,347.36,156.25,256.49,169.66,130.38,206.79,119.49,157.0,211.46,279.96,252.26,2012-11-01,218.29,198.92,366.82,345.76,152.47,166.53,295.21,176.41,207.41,275.46,190.13,165.29,130.75,178.56,203.93,175.97,95.39,159.83,178.3,130.25,256.16,248.13,262.27,50.42,129.7,63.84,180.63,230.01,214.57,237.82,243.46,254.68,239.13,186.94,171.99,276.9,251.99,174.82,456.2,247.2,254.86,332.94,261.2,212.42,218.47,189.52,184.44,203.67,206.53,206.25,5.0,61.60726401,1.78545,169.0882036690338,0.3773233417378563,-0.11965577386039428,0.011516093753716206,6.088865667056975,0.5551660204635489,0.20650802394479584,-0.046008742472558595,-0.9768851296294123,0.10047727547153329,-0.31796529173799826,0.0709605725544904,0.6630016939517702,0.03964949895323144,-0.21507844923007724,1.0613128375698722,0.16370188093182136,0.0,6.573291158268635,4.551683882446245,0.5673051308262345,0.3691403231959711,1.003036876996788,0.4584660360971604,0.6913868417123936,0.0726260396263001,0.03059741475714972,0.2916435045292154,0.7629679402642253,-0.17033844681924037,-0.21990689002393538,0.06884681855412467,0.04487826845211984,-0.8485965070642365,-1.699253210681917,-0.04432177681996663,0.0,-2.061119190488947,0.3166148055936624,-1.0130219880732483,0.9735550177731866,0.544936719179745,-1.3654774867225328,2.14202834956021,-1.4516647028417928,0.03534470946133794,0.008364001343075245,0.0,0.40199302583268093,0.7467320014041157,-0.17049626461167477,0.4529175006259045,-1.544348257231487,0.6697133098281682,6.090913219071936,0.0,0.04212219327444089,-0.4855314196068994,-1.2575200791885344,4.120779785827453,-2.413590023884016,-1.5236419413588942,-2.0012419196640643
213.23,220.53,347.38,153.91,257.11,170.02,130.43,206.24,120.96,156.73,211.5,281.06,252.51,2012-12-01,221.92,199.37,367.21,345.76,149.51,166.42,296.29,177.1,207.98,275.82,190.37,165.45,130.82,179.29,204.07,176.74,95.39,159.89,178.48,129.92,255.03,248.11,262.27,51.71,131.13,63.76,181.56,231.07,216.34,233.27,243.14,254.74,239.15,186.94,172.13,278.04,252.45,175.85,450.71,247.48,260.6,332.94,261.24,213.23,218.9,189.91,184.48,203.98,207.36,207.19,5.0,62.4765012,1.77909048,169.9579224174215,0.38059484447483527,1.5399331016856088,0.005757549588469857,-1.5089272624648764,0.24143313908284725,0.21196428096246223,0.03834208857984578,-0.26632463747926494,1.2227226569560656,-0.1721225682331351,0.01891431819522893,0.392143385125987,0.09905502325473492,1.6492502580249813,0.22596610081979662,0.10626269681033307,0.0,-1.9604575157979198,-0.0660759897895602,0.36517369405446587,0.39037134804731366,0.27444105912994843,0.13060515570062492,0.12614981962029148,0.09675274383598165,0.05352295880340918,0.40799274143896724,0.06862745367381962,0.4366200126188602,0.0,0.03753284167666848,0.10090252551817613,-0.25368042201083796,-0.4421063951027371,-0.008060615835425722,0.0,2.5263264648356376,1.0965106220934828,-0.12539186595939,0.5135437443798629,0.45979086815020054,0.8215218745153408,-1.9317504048967926,-0.13152488538024087,0.023556201278829292,0.008363301836489256,0.0,0.0813669695013175,0.4108558055369471,0.18238051205567984,0.5874485767649595,-1.2107192691819257,0.11320450792524639,2.2272289906611675,0.0,0.015312763218044978,-0.3568216875764252,0.513039724759512,4.134790505243854,-1.575945324625394,-1.9134284802491963,-1.595920028328316
216.74,229.35,396.91,143.22,258.91,171.86,131.08,207.28,120.93,157.1,211.72,283.73,256.83,2013-01-01,231.4,200.48,374.94,398.1,138.63,156.63,297.54,177.94,216.98,275.68,194.07,166.16,132.67,179.48,203.4,177.51,95.5,161.36,178.43,130.62,255.57,250.25,296.32,50.97,131.29,62.95,182.88,231.86,218.73,236.64,242.71,254.64,239.62,186.94,172.25,280.44,256.91,176.82,443.45,248.16,268.25,332.94,292.3,216.74,221.99,189.83,184.17,204.07,209.38,208.97,4.75,62.76570349,1.76385909,174.0164190795242,1.6327083156706834,3.921548098907479,13.329027310904884,-7.198610641306846,0.6976502076397217,1.076411469586347,0.49711394484219795,0.5029997062976577,-0.024804663403887872,0.23579655955989764,0.10396485034540603,0.9454912057361042,1.6963535530909901,4.183085819305532,0.5552096293022224,2.0832121678055593,14.095833724769502,-7.555476667555183,-6.0628377381712895,0.42099652972380497,0.47318700278333736,4.2363262162218085,-0.05077062665721499,1.9249371806306037,0.4282145200235732,1.404250939575924,0.10591745004466802,-0.3288588626534583,0.43472192668536636,0.11524963295679314,0.9151814848627815,-0.028018268093976673,0.537346806114325,0.2115159425481572,0.8588221981758792,12.206544398156982,-1.441396205617984,0.1219419402685773,-1.2785273991603674,0.72440224582353,0.3413046321840696,1.0986848284304962,1.434341800202521,-0.17700941124800806,-0.03926341877757977,0.1963365085447144,0.0,0.06969046103533216,0.8594810106481887,1.7512619705334131,0.5500907057666815,-1.6239061336007055,0.27439287654411615,2.8932716820063042,0.0,11.2341147082744,-0.859819398253181,2.3598766066983856,4.139408801524096,-1.6707023630821993,-1.5123542912710721,0.6623371375789168
217.39,231.38,400.2,134.11,259.55,173.6,131.64,210.65,121.15,156.11,212.43,285.13,256.38,2013-02-01,233.57,200.96,375.72,401.55,130.09,145.67,298.62,179.53,218.74,275.36,197.47,166.08,134.11,180.65,204.46,178.53,95.46,162.52,179.59,133.56,259.47,251.58,296.32,50.82,131.6,62.61,183.65,232.66,217.14,232.95,242.06,254.73,240.7,186.94,173.16,281.86,257.93,177.44,436.44,249.37,270.89,332.94,292.61,217.39,223.58,189.83,184.02,204.27,209.94,209.53,4.5,64.14551896,1.769925,175.532526665383,0.2994496974238814,0.881215955756165,0.8254867414717815,-6.572155085594478,0.24688513099517806,1.0073610341173378,0.4263100244525475,1.612745217117162,0.1817581465350493,-0.6321658293000354,0.3347875342004869,0.4922134889182139,-0.17536685385151074,0.9334003289809267,0.23913921320755094,0.2078171957269781,0.8628828628199692,-6.35819949368166,-7.254254662971427,0.3623192369420103,0.8895910066116564,0.8078626512775244,-0.11614403163902054,1.7367755345214952,-0.04815795903336806,1.0795516794023463,0.6497676485866855,0.5197873714408274,0.572970896815761,-0.04189359089341593,0.7163177473569426,0.6480107587307771,2.2258470600942992,1.5144744263671406,0.5300612215396683,0.0,-0.29472464599322734,0.23584019451980964,-0.5415750733137159,0.4201572219176164,0.344441914636473,-0.7295785682742029,-1.5716160699684067,-0.2681685704709835,0.03533777055446663,0.4497009577272948,0.0,0.5269112680012178,0.5050695424597684,0.39624012685601784,0.35002576243989836,-1.593414703556384,0.48640378895790093,0.9793452908501088,0.0,0.10599922347909185,0.34330993650605324,0.8674705569139185,4.161154236088718,-0.0461469506608303,-1.7562841958053286,-1.3401209163839725
218.83,236.09,400.18,135.26,260.14,173.76,132.27,210.55,121.17,156.62,212.62,286.89,257.12,2013-03-01,238.59,202.03,375.48,401.55,130.55,149.24,299.99,180.99,219.67,275.1,197.6,166.29,134.24,181.6,205.1,178.47,95.44,163.88,180.42,133.85,257.51,252.77,296.32,50.81,131.63,62.62,184.64,233.32,218.8,234.26,241.68,253.28,242.26,186.94,173.34,283.7,258.58,178.46,434.37,250.56,274.69,332.94,293.73,218.83,224.35,190.65,184.72,204.89,211.41,211.15,4.5,63.96474757,1.80719524,171.2027849200918,0.6602197197181248,2.0151707659379348,-0.004997626128577792,0.8538493423944971,0.22705853623561367,0.09212345193203575,0.4774363962816608,-0.047483381708879335,0.01650709808966866,0.3261602354216464,0.08940125286676093,0.6153650410419154,0.2882183105213265,2.126477958776807,0.5310317945617093,-0.06389776575241868,0.0,0.35297765316704144,2.4211958892101038,0.45772786687825473,0.8099456238042535,0.4242610319014517,-0.09446645327004788,0.06581112445491755,0.12636521222990638,0.09688839960473317,0.5245008573544041,0.31253077494675097,-0.03361344569459135,-0.020953378809007717,0.833338155914376,0.46109911978478024,0.21689548909078482,-0.7582534685339759,0.4718953933953607,0.0,-0.019679228637725643,0.022793754609917727,0.015970614104077185,0.5376211054058722,0.283274149681656,0.7615763744119874,0.5607771378922877,-0.15710922320417708,-0.5708564546679895,0.6460184799630397,0.0,0.10389611324184145,0.6506848051440528,0.2516893547587884,0.5731962869948148,-0.4754203325457951,0.4760675484630106,1.393035467019299,0.0,0.3820313682098231,2.0838879452752535,-2.4975632225860522,4.1583321123842865,-0.8718746751672057,-1.7169889576680974,-1.4651289485100543
219.75,233.02,400.16,152.5,260.56,174.53,132.7,209.22,121.36,157.73,213.91,289.15,254.84,2013-04-01,235.25,202.05,375.14,401.55,148.12,164.96,301.5,181.51,220.62,274.63,199.71,167.15,134.51,182.61,206.07,178.31,95.4,164.95,180.6,134.0,251.29,253.95,296.32,50.21,132.03,61.63,185.24,235.9,219.76,241.18,246.94,255.21,243.95,186.94,173.0,286.03,259.89,179.21,415.33,250.55,275.35,332.94,293.77,219.75,224.64,193.37,187.91,206.76,212.36,212.16,4.0,64.48635994,1.79647143,167.7996388350047,0.41953638990168685,-1.3088801468327027,-0.004997875903800519,11.996574390067227,0.16132133323836229,0.44216098911746826,0.32456533002065413,-0.6336824692322551,0.15668167968456714,0.7062221176591166,0.604883095325448,0.7846717574666151,-0.8907004740914992,-1.4097819171664305,0.009899029903159828,-0.09059178365955489,0.0,12.626646090027371,10.01472719156924,0.5020875399940117,0.2868967485105678,0.43153443151418003,-0.17099307460677338,1.062152896695423,0.5158360766285064,0.2009303001593743,0.5546265006749707,0.47182518155644004,-0.08969113219690072,-0.041919933541922916,0.6507944995920667,0.0997174754392205,0.11200299845492978,-2.445090361941382,0.4657412902574265,0.0,-1.1878975559026728,0.30342130537936995,-1.5935950924108155,0.3244298292816694,1.0997084528192147,0.43779712391920356,2.9111933033718174,2.153085506118124,0.7591139523200674,0.6951756673189813,0.0,-0.19633892084192084,0.817935860883523,0.5053340743751633,0.419381608329239,-4.4823320496540475,-0.003991139670400656,0.2399826618988854,0.0,0.013617021297651632,-0.5951627959402628,-2.007808895512131,4.16645372763954,-0.5968785415406686,-2.1558561188513847,-1.5770850817115545
220.07,227.94,400.17,165.99,260.46,174.15,132.88,209.5,121.84,158.45,217.61,291.31,253.89,2013-05-01,229.64,203.13,375.36,401.55,162.69,174.38,302.87,182.05,221.05,273.24,198.57,167.63,132.6,182.92,206.8,180.06,95.4,165.28,181.08,134.7,249.06,256.02,296.32,49.32,132.89,61.26,185.0,237.58,221.46,239.31,254.59,260.01,251.31,186.94,174.06,288.23,261.31,180.23,404.1,251.15,273.78,332.94,293.72,220.07,225.27,195.87,190.68,208.64,212.68,212.51,3.5,64.61858208,1.82277727,166.7622852057175,0.14551409961578443,-2.2041850364205473,0.002498969175324106,8.476294953066166,-0.038386242842047835,-0.21796498247343976,0.13555239668772145,0.13374094465774533,0.3947373546629329,0.45543756375474587,1.7149103994487547,0.744240764251991,-0.3734794898162974,-2.4135913166053236,0.5330976641181095,0.058627583291581686,0.0,9.382379347566694,5.553380573101929,0.453365437259734,0.2970626015556199,0.19471557310160037,-0.507420732081254,-0.5724631481780484,0.2867556777078839,-1.4301467968728332,0.16961676159112926,0.3536225740374377,0.9766520134375511,0.0,0.19986076967377642,0.26542815848733525,0.5210283465407528,-0.8913819388773447,0.8118169180709067,0.0,-1.7884531750470334,0.6492548852306435,-0.6021663569522495,-0.1296456534227275,0.7096422447764539,0.7705944482943927,-0.7783760084298486,3.050901591461397,1.8633356158460401,2.972395057198174,0.0,0.610847286358851,0.7662072103240547,0.5448977411647071,0.5675510449416166,-2.7411012880471652,0.23918687903199398,-0.5718151541124428,0.0,-0.01702156636564922,1.4536886203225352,-0.6201285197810158,4.16850201772293,-0.9229271438968567,-1.9414446783258006,-2.0153460852694387
221.75,232.09,400.14,163.1,261.19,174.51,133.07,212.63,121.92,160.75,221.93,293.13,254.01,2013-06-01,234.09,203.82,374.88,401.55,159.35,173.16,304.75,182.56,222.08,273.24,199.09,167.9,132.54,183.94,207.0,180.63,95.25,165.74,181.9,134.85,258.49,258.68,296.32,48.17,133.32,60.91,184.47,240.46,221.97,244.23,270.95,266.99,257.05,186.94,175.72,290.07,262.53,180.98,401.43,252.04,270.38,332.94,293.76,221.75,226.58,196.71,191.47,209.59,214.41,214.46,3.5,66.64267095,1.89451,164.0410886338214,0.7604943628244598,1.8042791047413687,-0.007497094879216348,-1.7564035951160406,0.27988132906315855,0.20650497787695343,0.14288402506119624,1.4829826656417744,0.06563833514299233,1.4411276980799137,1.9657547026436184,0.622820437761451,0.04725339721716182,1.9192791497343542,0.3391083234884462,-0.1279590705625111,0.0,-2.0743508657733223,-0.7020803425889177,0.6188097821543614,0.27975114923233235,0.46487570461879457,0.0,0.2615300992763636,0.16093944403090532,-0.04525910916814979,0.5560718684697541,0.09666506310948009,0.31606114641355987,-0.15735644474306199,0.2779290049567784,0.4518162956318683,0.11129661694200266,3.7163177187672147,1.0336210150429181,0.0,-2.35932576540141,0.32305350961223667,-0.5729736556236098,-0.2868976444836413,1.20493466853695,0.2300251335607406,2.0350621662847956,6.227989395791145,2.649111270097748,2.258338166768592,0.0,0.9491751746210753,0.6363500636684449,0.46579192340434616,0.41527149182734036,-0.6629200099420807,0.35374348778010045,-1.2496487231106634,0.0,0.013617484871630836,3.85989193969688,-1.6452419584703115,4.199345077337507,1.6367682570075814,-1.7448420149544444,-1.1820954444067775
222.44,232.61,399.8,155.46,262.35,174.76,133.67,217.48,123.07,161.18,223.73,294.84,253.16,2013-07-01,234.64,203.95,380.27,400.82,151.72,165.61,306.3,183.58,223.1,274.27,201.2,167.88,131.41,184.53,208.36,180.55,96.04,166.17,182.15,138.11,266.83,260.43,296.32,48.19,134.7,61.1,184.25,241.18,222.31,242.4,275.17,270.55,259.91,186.94,176.28,292.07,261.46,181.0,394.52,254.13,275.3,332.94,293.84,222.44,228.23,197.15,191.86,210.36,215.13,215.25,3.5,66.2437176,1.93048261,165.9862252184961,0.3106781129674552,0.22380039468128388,-0.08500638059700805,-4.79750458248942,0.4431378302531819,0.1431557492455049,0.4498770427730392,2.2553326259109774,0.9388207245908831,0.2671389778636346,0.8077950850347015,0.5816639696726078,-0.3351936415191048,0.23467678724156116,0.06376143630193454,1.4275551972417588,-0.181960990918828,-4.906632404264766,-4.458039597238006,0.507324547734811,0.5571653677179711,0.4582424120046724,0.37624927949684306,1.0542454433879023,-0.01191256181058975,-0.856228000453374,0.32024344138346095,0.6548559611622373,-0.04429924209992109,0.8259757346242402,0.2591065292225636,0.13734379304954913,2.388741950409834,3.1754743017576637,0.6742334493433866,0.0,0.041511001011196313,1.0297829976780193,0.31145013291569157,-0.11933175640423954,0.29897871286834743,0.153056660833073,-0.7521150058837023,1.5454786476959192,1.3245719573403925,1.106479874278854,0.0,0.3181820866207552,0.687122640242066,-0.40840530821348864,0.011050334283879693,-1.7363335899213794,0.8258142037714578,1.8033035212302373,0.0,0.027229407928608396,1.8809798752403517,1.1787867407680785,4.193340631690563,0.5180235430024993,-1.8816821732421507,-1.2711053013600386
222.21,230.82,399.86,149.84,263.24,174.74,134.18,219.01,122.98,161.89,226.4,297.09,256.3,2013-08-01,232.65,204.46,381.23,400.82,146.12,160.04,308.02,184.51,223.84,274.68,201.59,168.04,131.19,185.33,207.81,180.12,96.6,166.68,182.34,139.2,268.81,261.74,296.32,47.84,134.7,60.54,184.42,243.21,223.57,238.64,287.08,272.79,264.42,186.94,179.3,294.42,262.41,181.15,413.76,254.8,278.83,332.94,293.93,222.21,229.65,197.43,191.82,210.85,214.89,214.9,3.5,64.40417663,1.95470526,168.5747434791647,-0.10345216260549961,-0.7725045429556765,0.015006377738657761,-3.6820405666240674,0.33866734551972755,-0.011444921328696012,0.3808106151359958,0.7010498596756065,-0.0731558658921827,0.4395339357048833,1.1863378644043188,0.7602286880232789,1.232693346292102,-0.8517246378537457,0.2497491565300436,0.2521340797302152,0.0,-3.7608514893616274,-3.421184261236565,0.5599702091590331,0.5053122762845419,0.33114094786848014,0.1493761093859014,0.19364935667480765,0.09526078357913192,-0.16755525626077628,0.43259679208329516,-0.26431521743681685,-0.23844522900962062,0.5813969865419821,0.30644458411313025,0.10425527021844516,0.7861278810482375,0.7393058839704203,0.5017533555508713,0.0,-0.7289421009865293,0.0,-0.9207562583976703,0.09222340415497854,0.8381724992278627,0.5651759908267273,-1.5633113988665848,4.237183407278877,0.824534431718682,1.7203330837648245,0.0,1.698674063730099,0.8013819763880825,0.3626857966159136,0.08283860752600347,4.761625949769943,0.26329765864385735,1.2740864966126253,0.0,0.030624224000330713,1.2469391270663044,1.5474428615966929,4.1651784855104514,-2.810251116438156,-1.9592378717533658,-1.5297744979316379
223.91,232.52,399.92,146.43,265.05,176.08,134.39,223.36,123.08,162.46,232.1,301.48,258.72,2013-09-01,234.37,205.92,382.15,400.82,140.89,163.12,309.94,185.98,223.87,277.17,202.54,169.87,133.29,186.13,210.1,180.69,96.82,166.8,182.84,142.3,274.24,265.49,296.32,47.07,135.05,61.51,187.4,245.75,228.43,236.9,276.49,280.98,267.95,199.18,184.03,298.35,269.91,181.61,426.21,263.88,275.01,332.94,294.18,223.91,231.9,198.91,193.1,212.69,216.62,216.76,3.5,68.14270696,2.01714762,167.9413497117656,0.762130470993938,0.733805684089095,0.015004126162843079,-2.3020559568666776,0.6852323845897068,0.7639282348257836,0.15638384242313563,1.9667428699531975,0.08128099285178436,0.35147253693939007,2.486496695136342,1.46685557739481,0.9397762458770664,0.7365884873125061,0.7115386518949052,0.24103341596877215,0.0,-3.644875786189594,1.9062342277165634,0.6214014428869596,0.7935478496260195,0.013401532261880789,0.9024252598287319,0.47014661118067735,1.083139233003827,1.5880551522987396,0.4307334501022275,1.0959407148331657,0.31595602903689013,0.2274843293075257,0.07196833703932981,0.273837730678661,2.202575719548694,1.9998825071459336,1.422553056189546,0.0,-1.622625422932522,0.2594996822305795,1.5895459626704245,1.602960469332615,1.0389491359550362,2.1505253545610614,-0.7318029041753604,-3.758626861878067,2.958122401757368,1.326164785890871,6.342122874905609,2.6038407186016244,1.3259974638224037,2.818040399726396,0.25361133893211374,2.9646086968602603,3.5015530656662186,-1.3794816472894489,0.0,0.08501811397820802,3.144502427356022,-0.3764423325922195,4.221604137889299,2.3263879106798946,-0.6608158985766215,-0.42478653184309195
227.94,241.62,396.99,160.43,266.0,178.86,134.66,224.11,123.08,163.47,232.74,304.32,257.65,2013-10-01,244.15,207.06,386.49,397.4,155.66,174.13,311.75,187.21,224.82,277.51,208.14,174.04,135.03,187.69,211.24,181.61,97.18,166.88,183.45,144.18,270.85,267.28,266.75,46.7,135.18,61.86,188.01,248.52,229.12,248.85,265.33,282.73,268.12,199.18,184.67,301.33,270.97,182.03,416.48,265.15,275.87,332.94,294.33,227.94,233.06,202.08,196.53,215.24,220.85,221.59,3.5,67.4214817,1.99031667,165.3812684635345,1.7838251024342,3.839000125826786,-0.7353435652246887,9.131021179581822,0.35778213478838694,1.5664939699829183,0.2007062558162076,0.3352183173489287,0.0,0.6197669640308767,0.2753637399539599,0.9376100381756736,-0.4144321054563527,4.088172734388618,0.5520862490150158,1.1292792782649386,-0.856911860756604,9.969469746605686,6.53160204250911,0.5822854200956407,0.6591840370125723,0.42345557938610057,0.12259322224794644,2.7273532305573944,2.4251719221259904,1.2969770357024402,0.8346311357916747,0.5411319987778107,0.5078675006667588,0.3711344466209354,0.04795013278160454,0.3330697337747601,1.3125013880626035,-1.243847330550718,0.6719622859270302,-10.512806127595198,-0.7891690738199397,0.09621434335835843,0.5674004036646529,0.3249783100372383,1.1208566168217082,0.301606610450289,4.921219413982314,-4.120031965979987,0.6208886207129893,0.06342455488974608,0.0,0.34716606606775,0.9938715747889404,0.3919543547732829,0.23099779273998422,-2.3093741305840076,0.4801249228468585,0.3122279620431989,0.0,0.05097619522116403,-1.339068746706884,-1.536128333387321,4.2109636867225335,0.762639293008327,-1.0704718432354112,-0.8051275497078793
227.96,238.38,394.43,165.68,267.16,179.79,135.69,223.92,122.57,164.53,232.74,306.28,258.18,2013-11-01,240.52,208.29,386.39,394.68,161.03,178.82,313.86,188.19,226.74,277.87,208.98,174.7,135.5,189.46,212.06,182.97,97.23,167.77,190.08,143.45,272.48,266.66,296.32,44.53,135.18,62.68,188.25,251.3,229.03,259.86,254.29,282.71,268.36,199.18,184.97,303.68,269.25,183.42,412.94,266.02,275.18,332.94,294.36,227.96,233.87,203.32,197.76,216.38,220.95,221.57,3.5,67.82739535,2.02174762,163.5633849940379,0.008773853920907015,-1.3500205036855562,-0.6469406708654368,3.2200506724344713,0.43514210757358285,0.5186126220168674,0.7619789040726133,-0.08481575402985442,-0.41522551007675546,0.646343713544173,0.0,0.6419936887897215,0.2054941304330704,-1.4979544336300776,0.5922733095324872,-0.025877238525495727,-0.6868020128750985,3.391654149866241,2.6577566615880954,0.6745442050428707,0.5221109356584819,0.8503904555801078,0.12964098470247265,0.4027623396251734,0.3785059287531922,0.3474664346804879,0.938625477922983,0.3874325658919098,0.7460674246067001,0.05143768438085061,0.5319002529846628,3.550288537298929,-0.5075976549058225,0.6000054810470168,-0.23223593611882976,10.512806127595198,-4.7581045341240635,0.0,1.3168650230896084,0.12757137753087733,1.112411935405344,-0.039288443155172104,4.329271915002764,-4.249898626191406,-0.007074136958262756,0.08947212049301712,0.0,0.16232013086767694,0.776850570558274,-0.636779760837225,0.7607096472990627,-0.8536137289521406,0.32757903420108647,-0.25043112625553476,0.0,0.0101921214989531,1.5668539065401665,-1.1052935243190731,4.216966174545042,0.86933460842884,-1.89172321219418,-0.925267544960921
229.01,241.85,383.94,161.41,269.55,180.13,136.75,226.39,122.41,164.85,232.76,308.77,258.16,2013-12-01,244.14,210.01,386.2,383.48,156.01,177.29,315.56,188.49,227.13,282.04,208.75,175.7,135.36,190.72,213.18,183.94,97.28,168.49,197.76,143.25,282.75,265.98,281.14,43.92,135.18,63.49,189.18,256.52,232.45,250.64,252.72,282.71,268.23,199.18,185.05,306.42,269.1,184.58,407.0,266.88,273.51,332.94,294.51,229.01,235.47,203.41,197.54,217.28,222.36,223.19,3.5,67.52014249,2.05784091,167.1546121000013,0.4595495756286816,1.4451660214430007,-2.6955394364989615,-2.611050530214065,0.8906172040243021,0.188930929726272,0.7781569144229117,1.0970330535015727,-0.130622926565227,0.1943045119181086,0.008592910853799651,0.8096946927238946,-0.007746833485722249,1.4938585070285448,0.8223809198044663,-0.04918520918737457,-2.8787841780169465,-3.167057527074668,-0.859290339688279,0.5401811616314589,0.15928643062039782,0.1718554193872457,1.4895526430572126,-0.11011898749995197,0.5707778053039902,-0.10337444618420122,0.6628463429596998,0.5267625763338835,0.5287412498077515,0.05141123962912886,0.42824070679845505,3.960913809504518,-0.13951868325250416,3.6997898081851943,-0.2553320702295636,-5.258718555419506,-1.379332213233564,0.0,1.2839995694538864,0.49280761050214394,2.05591897311157,1.4822148795864187,-3.612537781065406,-0.6193191527546382,0.0,-0.048454127935038116,0.0,0.04324090657075175,0.8982194466044646,-0.0557258303637731,0.6304368706633312,-1.4489118514139143,0.3227625245232346,-0.6087244734748865,0.0,0.05094503141407358,1.7695035421684269,2.171861405198783,4.212425960623152,-0.07221585309489242,-1.7130776495100253,-1.325534319063332
233.54,254.32,412.55,149.16,270.87,182.93,139.3,232.06,121.68,166.92,232.89,314.1,264.44,2014-01-01,257.57,211.27,416.54,411.95,144.03,164.32,317.12,190.59,228.87,282.76,212.85,177.01,138.58,191.74,213.74,185.62,97.44,171.88,207.4,151.68,287.34,266.04,296.33,42.91,134.62,63.47,189.94,258.37,234.57,257.56,261.45,282.7,268.58,199.18,185.02,311.3,276.64,186.2,429.36,267.42,271.63,332.94,311.52,233.54,240.77,204.45,198.15,218.6,226.07,227.27,8.0,69.95363292,2.21683636,165.5440404223137,1.9587697924483116,5.027561733355501,7.1871120170928116,-7.8928156474568745,0.4885099089819711,1.542475356774009,1.8475439483669476,2.4736783177185195,-0.5981418136383532,1.24786862056121,0.055835929723002664,1.7114743372439456,2.4034834721670784,5.354969657926656,0.5981787680807038,7.562712541645578,7.161451455280243,-7.9898496548199915,-7.597106373004081,0.4931412914734423,1.1079568863586076,0.7631615986922746,0.2549576451913893,1.9450328543196171,0.7428232960013936,2.35098803413214,0.53339037718656,0.26234438357599643,0.9091955692695386,0.16433857437299082,1.9920158056501158,4.759512152610146,5.7181682911862985,1.6103068586343028,0.022555543120361676,5.262093228498355,-2.3264898197842054,-0.4151229089640829,-0.03150598639800606,0.4009290029782342,0.718603181655908,0.9078902667939204,2.7235056026046145,3.3960904140309722,-0.0035372561507429623,0.13039997376926848,0.0,-0.016213148899257845,1.580036755995451,2.763396420212061,0.873839100553564,5.348254242597861,0.20213370161377142,-0.6897338126500507,0.0,5.615058325135003,7.442378523623705,-0.9681940378793108,4.247832635717118,2.9867609773345016,-1.1889204802049493,1.7562532931026396
234.54,254.64,412.65,141.61,272.11,185.36,140.36,237.37,121.91,167.97,233.39,318.55,267.45,2014-02-01,257.79,212.79,418.08,411.95,136.96,155.23,318.48,194.51,231.45,282.46,215.2,179.62,140.92,194.08,217.01,187.88,97.8,173.34,210.07,161.1,287.97,268.25,281.14,43.31,134.77,64.62,193.1,264.27,233.76,256.22,261.77,282.93,269.51,199.18,184.79,316.14,277.53,188.06,441.11,268.27,270.36,332.94,312.0,234.54,243.59,206.22,199.54,220.23,227.1,228.35,8.0,69.35886046,2.21276,169.3297135449495,0.42727803853503943,0.12574663712898726,0.02423654883410009,-5.194275507565216,0.45673953208078544,1.3196314120913932,0.7580669929254213,2.262414627346132,0.1888419626016713,0.627073630555941,0.2144634947431001,1.4068042017895799,1.1318250511881622,0.08537721723209657,0.7168827569961955,0.369030636143286,0.0,-5.0332698817526556,-5.690785814189692,0.42794275504380863,2.035905167204888,1.1209710707031917,-0.10615336618355897,1.0980136013468034,1.4637280089738525,1.6744577273802186,1.2130157546889286,1.518311233123093,1.2101887991547322,0.3687773079184886,0.845842479940373,1.2791512712161612,6.025225167621695,0.21901244609825454,0.8272708094587244,-5.262093228498355,0.92786562231022,0.11136271985003887,1.795660707797353,1.6499956619662193,2.2578641692592605,-0.34591028021431214,-0.5216252241694974,0.12231949845142864,0.08132525243587096,0.34566742590129707,0.0,-0.1243882153838527,1.542807600168672,0.3212013516356471,0.9939696005964116,2.6998549581583653,0.31734798609663883,-0.46864419062675466,0.0,0.1539646185593213,-0.18405113330535183,2.2610517290665655,4.239293902983229,1.6568544232080207,-0.6906678097733863,-0.328574871665508
237.18,259.98,412.57,145.13,272.73,187.03,141.56,239.47,122.24,169.11,233.84,322.79,270.66,2014-03-01,263.46,214.18,416.81,411.95,139.27,163.05,319.67,197.0,232.24,282.0,215.27,181.2,143.05,196.37,218.8,190.38,97.8,175.6,212.4,166.94,285.0,269.29,296.33,43.88,134.98,65.1,196.94,272.31,235.12,253.3,264.6,282.63,270.11,199.18,185.22,320.36,281.13,189.72,452.72,268.84,277.29,332.94,313.64,237.18,245.43,208.8,201.93,222.32,229.81,231.43,8.0,69.44828928,2.21779524,168.6204550970078,1.1193197503730268,2.0753922006035985,-0.019388769116268634,2.4553092247304065,0.22758984935711268,0.8969151670788378,0.8513104762248425,0.8808042851965681,0.27032578411558816,0.6763998732681742,0.192624676986064,1.3222508419115542,1.1930787671101228,2.175625380843993,0.6511019090623904,-0.30423192985002956,0.0,1.6725582671568873,4.9149014196976815,0.3729534997576778,1.2720153119388122,0.3407452239095221,-0.16298767028040118,0.032522591872652384,0.8757885366075691,1.50018660230824,1.173018956639904,0.8214635119844438,1.321861366436483,0.0,1.2953697494817895,1.103048086019509,3.5609176239661977,-1.0367127774904894,0.3869484308709481,5.262093228498355,1.307508018049397,0.15569975341929165,0.7400588818171627,1.9690924385187714,2.996981541683219,0.5801074108272353,-1.1461893420658065,1.0752996062201703,-0.10608954952173733,0.22237880258755283,0.0,0.2324262552789058,1.3260210006232676,1.288816035250484,0.8788240160449767,2.5979555384111563,0.2122471054279096,2.5309485712642577,0.0,0.5242643553238224,0.22729621435984004,-0.4197420537597196,4.240582436499562,1.31494348623864,-0.7185867703623339,-0.4841301133316374
240.37,263.67,412.67,164.14,273.39,189.96,142.87,238.17,122.4,169.26,236.1,325.23,270.4,2014-04-01,267.36,215.42,418.41,411.95,158.45,181.01,321.13,198.18,233.79,281.57,222.34,186.04,143.37,198.45,219.97,191.54,98.27,176.37,219.35,167.83,278.82,270.7,296.33,44.38,135.01,64.02,198.15,277.96,238.56,256.55,258.96,288.32,271.8,199.18,185.49,323.11,280.87,191.74,436.58,269.89,278.07,332.94,313.84,240.37,246.35,212.81,206.21,225.35,233.08,235.11,8.0,68.84842269,2.12747143,170.1001526449949,1.3360056323921121,1.409361626479022,0.024235374070435967,12.308982971929439,0.24170523742688133,1.5544491886012146,0.9211470399804078,-0.5443443639694401,0.13080446600151063,0.08866034803665102,0.961832328847656,0.7530667359697318,-0.09610764795509041,1.469451104540287,0.5772827949894754,0.38313305649104734,0.0,12.902459107192943,10.449537612313353,0.45568118799961255,0.5971979892764878,0.6651956807204762,-0.15259864202947782,3.2314687599113157,2.6360310747016946,0.22344817620565394,1.0536544466935638,0.5333102869806261,0.6074589270314235,0.4794215333563834,0.43753798812566913,3.21973382444396,0.5317095897496849,-2.192276794370862,0.5222330800738639,0.0,1.1330282097418376,0.022223045389413443,-1.6729014672806741,0.6125205816787549,2.053609523948108,1.4524828905766896,1.2749020380343978,-2.1545642062866577,1.993235269128668,0.6237218279125933,0.0,0.14566644964641995,0.8547459066249985,-0.09252669699257865,1.0590986639470223,-3.6302198288051812,0.3898061476256487,0.28089906110553287,0.0,0.06374705385763235,-4.157941479554028,0.8737035344038802,4.231907315544048,-0.018567371210220784,-0.9942129095046549,-0.8610044084165361
241.32,260.11,412.05,179.22,274.37,189.66,144.27,236.97,122.26,169.61,238.43,328.83,271.73,2014-05-01,263.4,216.55,417.0,411.39,175.48,188.74,323.04,199.89,238.27,280.28,222.16,186.74,141.3,200.56,221.33,192.39,99.74,177.33,222.26,166.66,275.55,272.7,303.75,43.85,135.01,62.94,197.73,280.31,237.63,263.64,263.58,292.18,274.93,199.18,186.87,326.92,282.31,194.07,432.81,271.02,273.48,332.94,313.87,241.32,246.65,215.78,209.31,227.67,234.07,236.09,8.0,67.90697764,2.090805,168.0839116804455,0.394445071199101,-1.3593702777865424,-0.15035408788426352,8.789437925450727,0.35782132526209764,-0.15805282253396058,0.9751418080614194,-0.5051153560694743,-0.11444454776459168,0.20656896417881043,0.9820322108848423,1.1008275554432068,0.49065820679956573,-1.492227553790304,0.5231856738011409,-0.33755912399113797,-0.13603130817259057,10.208599016108355,4.181812823472519,0.5930128994893202,0.8591506611802302,1.8981207922978527,-0.45919810154861906,-0.08098988069251689,0.3755570699883748,-1.4543411567694342,1.0576274620963666,0.6163627036321451,0.44278977354075266,1.4848007743641034,0.5428342422114874,1.317924014527705,-0.6995753366027202,-1.1797311995697335,0.7361093231287086,2.4731296466154795,-1.201419868625564,0.0,-1.7013642905456372,-0.21218559037059492,0.8418915149603023,-0.3906008872130329,2.726095879654533,1.7683317597754211,1.329907628439475,1.145001809278945,0.0,0.7412215695576485,1.1722670126196988,0.5113829106673684,1.2078631075152835,-0.8672801920425854,0.41781503165463363,-1.6644387510257985,0.0,0.009558554116662066,-1.7384993185167175,-1.1924067789412796,4.218138792760546,-1.8572476657024772,-1.496886648636645,-1.6612277390070171
242.07,261.04,411.81,176.98,275.02,190.54,145.69,238.16,122.36,170.28,242.53,331.87,273.63,2014-06-01,264.17,219.26,416.71,411.16,172.76,188.26,325.48,200.86,239.08,279.51,223.76,187.64,141.4,202.1,221.93,193.26,102.06,177.94,223.04,164.96,278.96,276.51,303.75,44.22,135.01,61.03,198.4,283.07,238.0,267.41,280.72,298.28,281.77,199.18,188.11,330.23,282.92,196.17,434.5,271.85,272.12,332.94,314.0,242.07,248.11,216.71,209.95,228.65,234.85,236.74,8.0,69.2823463,2.11572381,168.350187460071,0.31030869559636187,0.3569033818267009,-0.058262327771441136,-1.257736961686895,0.2366261866032282,0.46291508230513756,0.9794532708223613,0.5009165863083531,0.08175946821227242,0.3942457076203887,1.7049647865811757,0.920242607359878,0.6967902623371991,0.2919045991064628,1.243677258575815,-0.06956855781892202,-0.05592365351514417,-1.5621728205513108,-0.25464204741130203,0.7524861263928706,0.48409327226375254,0.3393739509495397,-0.27510333718892,0.717620589516077,0.48079584044771195,0.07074637719908239,0.7649170559536955,0.2707216380684052,0.4511870742281765,2.29940755178486,0.34340113122333094,0.3503259814658932,-1.0252788685410685,1.229930203815055,1.3874696822139931,0.0,0.8402456611107834,0.0,-3.0816345079856866,0.33827311180347763,0.9798083284905168,0.15558315271766432,1.4198524941884116,6.300080405921626,2.066259197122644,2.4574615506447905,0.0,0.6613710170765508,1.007388873898396,0.21584142271997564,1.0762711517291024,0.389711207965604,0.3057824697362044,-0.4985347568733367,0.0,0.04140984657894364,1.1847821619421772,0.15829301245364746,4.238190130597568,-0.3103646439359231,-1.1230683959652252,-1.552116097410061
243.17,261.82,420.02,171.18,276.55,190.99,146.13,239.85,124.69,175.34,243.97,335.34,275.35,2014-07-01,264.79,221.82,425.72,419.31,166.92,182.74,327.65,201.75,243.07,279.85,222.26,188.02,142.93,203.77,223.73,193.93,102.35,178.18,224.89,164.87,281.88,279.75,320.18,43.71,138.03,61.73,198.84,285.06,238.87,272.99,323.07,300.52,283.95,199.18,188.25,333.92,284.16,197.23,442.16,272.87,267.54,332.94,314.13,243.17,250.33,217.63,210.56,229.76,235.71,237.3,7.5,70.97526728,2.118675,164.8115299496384,0.45338466914426334,0.2983592466887508,1.974025125960388,-3.3321097385740295,0.5547814145888452,0.23589243764305934,0.30155598206569323,0.7071011240552316,1.8863137725792178,2.928280520048787,0.5919852848331075,1.0401616540320902,0.6266186848313815,0.2344223699063619,1.1608001930201617,2.1391316952231065,1.9628070020203836,-3.4388692369148544,-2.975960854859938,0.6644949657049537,0.44211591848650755,1.6551243745118072,0.12156752069252263,-0.6726181136204268,0.20231066901477135,1.0762246458551061,0.82292824032697,0.8077950850347015,0.34608366369868193,0.2837436471473609,0.13478604758763169,0.8260266198234945,-0.05457356955629322,1.0413046091426459,1.1649360518351415,5.26783429951907,-1.1600266554076644,2.212220306633217,1.140448984940079,0.22152863756987884,0.7005467546250088,0.3648797220393796,2.065210335103096,14.051128673393976,0.7481664825365719,0.7707031007160303,0.0,0.07439685750734171,1.1112061941977558,0.43732876360156325,0.5388930174117235,1.7475862819560817,0.3745047702148341,-1.6974057609419724,0.0,0.04139270592276034,0.13939123876925974,-2.1243680805702603,4.262331468184984,1.6486310910593716,-1.6097175794405283,-0.2958789187007241
243.4,264.14,418.09,162.76,277.42,191.58,146.37,239.7,124.86,176.38,245.79,340.85,277.15,2014-08-01,267.08,224.44,435.12,416.63,158.47,174.64,329.92,202.54,244.81,279.44,221.04,188.26,144.29,205.42,224.18,195.32,102.5,178.44,225.44,164.79,279.5,282.72,320.18,43.36,138.36,60.96,199.69,286.33,240.26,276.0,333.97,302.55,286.05,200.4,190.13,339.64,287.25,198.97,445.54,275.41,263.62,332.94,314.11,243.4,251.55,217.89,210.38,229.85,236.0,237.5,7.5,67.51890134,2.15827143,159.263969436772,0.09453933334597764,0.882202086370576,-0.46056088378287896,-5.04389113199748,0.3140966894457087,0.3084405299682125,0.16410260092944995,-0.06255865077342548,0.1362452625103927,0.59138122995952,0.7432245907374124,1.6297555299132682,0.6515860157323417,0.8611179990358764,1.174216870617606,2.1840001941861864,-0.6411965408915421,-5.194935476863538,-4.533766532878669,0.6904235343089482,0.39080907540807175,0.713293177587726,-0.14661448387922604,-0.5504187142339134,0.1275645968669359,0.9470163388140662,0.8064756924813565,0.20093329079644562,0.7141969985309693,0.14644864711641503,0.14581349675664157,0.24426543799762612,-0.04853485504483501,-0.8479155863668097,1.0560661379352076,0.0,-0.8039551743832529,0.2387931233481133,-1.2552125027413652,0.4265682828828332,0.4445307377959118,0.5802199401360397,1.0965701239715742,3.3182150574429414,0.6732245567370398,0.736845439109679,0.6106430707215615,0.9937182041491965,1.698478980227236,1.0815456925059586,0.8783499175744502,0.7615222111720499,0.9265405161878348,-1.476041558312069,0.0,-0.006366993507800345,1.8516744135097962,-3.4239567541499483,4.212407578532095,-3.7962261227033167,-1.306569385964461,-1.3766716511208743
243.74,264.95,413.42,158.79,278.79,192.36,146.98,239.97,124.8,176.5,250.17,344.98,279.14,2014-09-01,267.82,226.02,435.04,411.65,152.7,177.23,332.79,203.36,245.19,280.37,221.34,188.79,145.0,206.88,225.9,196.46,102.64,179.35,226.98,164.83,276.78,287.71,320.18,43.13,138.36,60.6,203.99,291.79,244.8,275.22,324.06,305.96,289.03,215.35,191.07,344.04,288.69,200.93,446.14,284.95,260.59,332.94,314.31,243.74,252.57,218.71,210.97,230.48,236.51,237.9,7.5,70.64620758,2.20357727,154.1944715778606,0.1395902841928809,0.30618633231123127,-1.12326949823629,-2.469414859548369,0.4926206902213792,0.4063140454716674,0.41588606048694743,0.11257740885017853,-0.048065369827110516,0.06801179133164581,1.7663173945170918,1.2043946527688476,0.7154572214684407,0.276687407775178,0.7015080049233013,-0.018387423054466723,-1.2025064011575104,-3.7090088730129978,1.4721611825359915,0.8661459590082465,0.40404095370050186,0.15510207190994052,0.3322558923753327,0.1356300221478257,0.2811300087877555,0.490857911140985,0.7082251285888574,0.7643122881008324,0.5819609053264507,0.13649217289177784,0.5086793718227511,0.6807859722622212,0.024270372062584755,-0.9779325797369509,1.7496019810974595,0.0,-0.5318546471638985,0.0,-0.5923018303121808,2.1304808979572876,1.8889373648631747,1.8719880344941764,-0.2830087880013821,-3.0122484750473966,1.1207821385334604,1.036386823877411,7.194924228940991,0.4931804329889822,1.2871696552116063,0.500053130755429,0.9802529105304991,0.1345774471907646,3.405282982505131,-1.1560381315255164,0.0,0.06365170005802057,2.0774434198933878,-3.234840257032978,4.257684428708877,0.28110297058665523,-0.9197848217801773,-1.34736330978893
248.37,271.97,413.41,174.59,286.99,192.75,148.01,239.53,124.68,176.55,251.47,347.96,281.21,2014-10-01,275.22,228.54,434.9,411.65,168.61,192.3,335.33,204.35,248.81,296.71,222.37,185.75,145.08,208.94,227.52,197.17,102.75,180.27,232.38,164.74,273.73,290.44,320.18,42.14,138.55,60.62,207.6,294.8,248.4,276.12,311.9,307.21,290.52,215.35,194.89,347.19,289.83,202.51,452.03,286.07,260.9,332.94,314.36,248.37,254.68,221.94,214.29,234.3,241.25,242.12,7.5,69.79926707,2.25831,145.7527532228023,1.8817486423468033,2.61506371567366,-0.0024188769155664147,9.485779345867762,2.8988561709649474,0.20253960339768895,0.6983315948372315,-0.18352455620354036,-0.09620010361910403,0.0283246001044013,0.5183011363618206,0.8601086302856942,0.7388273101369691,2.725566476971597,1.1087758786563207,-0.03218612805682142,0.0,9.911314356530276,8.160832852768607,0.7603461165638592,0.48564025691426593,1.4656132787207454,5.664507138467023,0.46426803547010564,-1.6233602609083242,0.055157199412736446,0.9908214385815128,0.7145723140918214,0.36074525314528927,0.1071133068963448,0.5116523035654907,2.3512054881723365,-0.054616623016201515,-1.1080747696769144,0.9443986129684667,0.0,-2.3221402283708947,0.13722872400192543,0.03299785543875444,1.7542178256860552,1.0262794861705338,1.459879942115272,0.32647759981392355,-3.8246060219097266,0.40771783733779543,0.514193178465483,0.0,1.9795443782547828,0.9114250844817207,0.3941096161108604,0.7832679346895688,1.3115745202508577,0.39228098359211927,0.11889011736183619,0.0,0.015906596499171144,2.453467431692269,-5.630289311430037,4.245623509283398,-1.3735263966367484,-1.0291575755623648,-1.1521272303495955
248.82,272.63,413.42,181.76,287.58,194.41,148.35,235.25,124.52,174.22,252.09,350.15,280.94,2014-11-01,275.79,230.26,435.12,411.65,176.06,198.25,336.95,205.25,251.87,295.52,224.21,185.74,146.84,210.35,229.04,199.02,102.67,180.66,234.25,163.84,264.88,286.65,320.18,41.55,138.55,60.55,210.0,296.68,248.7,275.7,283.04,307.63,291.81,215.35,195.5,350.0,287.3,203.88,440.5,287.1,260.88,332.94,314.43,248.82,254.54,223.43,215.61,235.0,241.72,242.52,7.5,70.34011969,2.233575,139.1177341798243,0.181017366752112,0.24237984690183012,0.0024188769155664147,4.024676753610379,0.20537104525875094,0.8575318589109315,0.2294507687733649,-1.8029891501315731,-0.1284109325728977,-1.3285253983648992,0.24624684776144434,0.6274103462186709,-0.09605977791045106,0.20689287066373296,0.7497855526950481,0.05057355111128814,0.0,4.323649024287057,3.047220792022376,0.48194298079096143,0.4394538322251229,1.2223528403930928,-0.4018714356070596,0.824045148503938,-0.005383725000562833,1.2058244213932312,0.6725680627167385,0.6658514174984198,0.9339021408839798,-0.0778892065470771,0.21610847077511153,0.8014958363815161,-0.5478131661959651,-3.286532586202462,-1.3135055157653674,0.0,-1.4099887074585649,0.0,-0.1155401630555275,1.1494379425735168,0.6356956553176474,0.12070007500355473,-0.15222358055240193,-9.709439320228253,0.13662093075552662,0.4430484811491553,0.0,0.31250825914881375,0.8060973955362982,-0.8767578212284022,0.6742317428483524,-2.5838103934909817,0.3594051010089139,-0.0076660661618710435,0.0,0.022264985222086864,-1.1013305111089333,-4.659113197919318,4.253342328636655,-1.0486767316864487,-1.757603373818707,-1.9727281406530572
247.72,272.64,413.37,175.02,287.95,194.64,148.54,231.07,124.38,174.21,252.11,351.95,283.15,2014-12-01,275.74,230.8,434.26,411.65,168.65,194.09,338.72,205.99,251.27,295.19,224.92,185.26,146.61,211.69,230.52,199.11,102.68,180.95,234.88,162.89,253.79,286.62,320.18,41.04,138.55,60.54,211.71,299.22,246.07,281.56,278.88,307.84,291.99,215.35,194.89,352.53,283.58,204.88,451.46,287.81,261.27,332.94,314.52,247.72,254.38,222.84,214.79,233.87,240.59,241.18,7.5,70.25162184,2.28766522,125.9428063754755,-0.44306674164849014,0.0036679076425016888,-0.0120949697168804,-3.778688242510153,0.12857715530865121,0.11823674427189346,0.12799355043187077,-1.7928083545074358,-0.1124949897664429,-0.005740033867773775,0.007933359782086313,0.512748595261403,0.7835669157050695,-0.018131380029018374,0.2342429388426659,-0.1978422049079498,0.0,-4.299928452510038,-2.1206891502322023,0.5239255994329284,0.35988755894393876,-0.23850231920210518,-0.1117299637147795,0.31616707476214145,-0.2587602521981758,-0.1567558678460479,0.6350130332958948,0.6440965778605978,0.04521136389268321,0.009739469206593299,0.1603938288053719,0.26858243076191,-0.581521548162911,-4.276973983817811,-0.010466272446674196,0.0,-1.2350320438943019,0.0,-0.016516640552843853,0.8109882963379889,0.8524971917728941,-1.063130250895039,2.1032250710179667,-1.480664863976422,0.06824053427436638,0.061664955705342805,0.0,-0.31250825914881375,0.7202570530500552,-1.303269567583154,0.4892856419429492,2.4576329979197453,0.246995307424136,0.1493823891693502,0.0,0.02861912731200178,2.3928302051808403,-9.949269686465634,4.252083394637753,-1.6203152092868933,-2.087328560808756,-2.0979871459635957
250.45,282.23,430.69,162.8,291.19,198.56,150.76,229.77,125.55,177.07,252.16,355.13,290.28,2015-01-01,286.11,231.65,466.86,427.89,156.76,180.94,340.63,207.38,268.81,294.24,230.75,188.47,151.22,212.23,230.93,200.83,102.92,184.35,241.38,166.79,243.92,286.42,320.18,40.43,140.33,62.37,212.42,300.94,254.85,283.03,270.64,307.8,291.97,215.35,195.32,355.81,285.51,206.51,466.31,289.47,265.81,335.53,343.47,250.45,257.28,223.58,215.26,234.33,242.87,243.11,7.5,69.96031297,2.32834286,114.0347523290681,1.0960223733765595,3.4570097710786563,4.104549809941993,-7.237779953924495,1.1189121120854573,1.993962298102936,1.4834886157784943,-0.5641886330803203,0.9362689927851164,1.6283666566057065,0.019830646345742053,0.8994799570549716,2.4869181850121436,3.6917959515448295,0.3676077228712771,7.238599379126764,3.8692679459005674,-7.3109588176229146,-7.015648441504041,0.5623036822301586,0.6725235208154601,6.747675214269044,-0.3223455957770405,2.5590089958960505,1.7178599202654965,3.095973017995046,0.25476518780607194,0.17770077273375762,0.860134322264372,0.23346314106040822,1.8615374670401863,2.7297709763601574,2.3660409719568065,-3.966685072081333,-0.0698031579368319,0.0,-1.497511720983491,1.2765520454057544,2.978008694445844,0.3348033212545509,0.5731820544645494,3.505908848564143,0.5207330352092754,-2.99920572992578,-0.012994607256278101,-0.006849784234486123,0.0,0.22039423595270335,0.9261155500165152,0.6782784442949108,0.7924395487430402,3.236387365029625,0.5751124499142612,1.7227412471072512,0.7749077626193923,8.805210448051515,1.762505277567894,-9.932463931418933,4.247928123696713,-2.4804453252983194,-1.2901890049380793,1.8380722414165327
252.24,289.53,428.79,152.09,292.52,199.02,151.99,233.84,126.73,178.1,251.97,358.89,292.0,2015-02-01,293.83,234.19,468.68,425.72,146.69,168.15,342.26,208.96,271.88,294.58,230.53,188.76,151.79,213.83,232.02,201.56,103.86,185.39,244.66,170.74,249.45,287.34,320.18,40.41,141.85,61.91,214.62,302.07,256.02,287.39,278.33,307.71,291.61,215.35,195.33,359.73,287.53,206.5,478.23,290.69,268.07,338.27,343.55,252.24,259.75,223.62,214.96,234.86,244.75,245.11,7.25,69.98220642,2.455225,117.1959239517698,0.7121715433179965,2.553657723541747,-0.44212851842075906,-6.805000268416261,0.4557065329214183,0.23140007307196342,0.8125560809435051,1.755831221337889,0.935475349037862,0.5800055677490867,-0.07537738638694336,1.053201522623226,0.5907827858345982,2.662501654704741,1.090513984110153,0.38908059430617925,-0.50843000305969,-6.639445683175893,-7.330904641131664,0.4773837940448722,0.7589986957934336,1.1355982140481835,0.11548522053859145,-0.0953867571457323,0.15375238296506666,0.3762256508643702,0.7510714553994546,0.4708940551457097,0.36283247638104754,0.9091851002628992,0.5625589564347777,1.3497036429018117,2.340639549307877,2.2418191627047612,0.32069185320162674,0.0,-0.04948045622970021,1.0773369491815288,-0.7402673006891014,1.030357560558759,0.3747869264900672,0.4580429641912964,1.5287279236346762,2.8017935590675336,-0.029244041734965975,-0.12337641648620945,0.0,0.005119672342068782,1.0956869545326597,0.7050147867275314,-0.004842497761270437,2.5241139307937033,0.4205742547941149,0.8466372591655613,0.8133021974860988,0.023288987325464916,5.3061611084053055,2.7343851039079325,4.248241015736588,-2.8926497023878284,-1.4442238578024813,-0.6991633350911102
255.23,296.69,428.76,153.7,294.63,200.15,153.49,235.96,126.69,180.28,252.48,363.99,293.51,2015-03-01,301.47,235.84,468.26,425.72,147.25,173.61,343.69,210.83,273.34,297.45,232.43,190.61,151.39,216.13,233.49,203.23,104.84,186.61,249.56,171.23,255.39,286.9,320.18,40.62,141.69,62.79,215.78,304.67,256.05,290.06,289.87,309.01,291.89,215.35,195.7,364.54,293.64,207.27,483.2,290.81,268.45,338.27,345.3,255.23,262.06,224.98,216.27,236.69,247.8,248.51,7.25,72.82197603,2.58384091,113.2923909381559,1.1784084183732446,2.4428904063432455,-0.006996676581483285,1.0530199660272466,0.7187291435042376,0.5661763251565866,0.9820689116947001,0.9025178331883765,-0.031568148001070995,1.216600752683128,0.202200485186399,1.4110459880969373,0.5157907969702613,2.566913992299824,0.7020857297212579,-0.08965355906083161,0.0,0.38103060320242577,3.195496606757864,0.41694061420995965,0.8909275443835796,0.5355649058216727,0.9695530572517264,0.8208098614831627,0.9753088882795247,-0.26386980149801786,1.0698771694283238,0.6315674792145565,0.8251238789817705,0.9391540039032975,0.6559163300879689,1.9829875623815774,0.28657504187190597,2.353329425702899,-0.153246059525447,0.0,0.5183277061856284,-0.11285886787248955,1.411410759487719,0.539034762421231,0.8570445049593367,0.0117171480596312,0.9247619803733897,4.062508654966113,0.4215857846210369,0.09597258662950026,0.0,0.1892438485150194,1.3282534737336427,2.1027324622943766,0.37218787677257836,1.0338858306940146,0.04127257152317654,0.14165364330924746,0.0,0.5080942918861631,5.105860994613954,-3.387509072436856,4.2880177781934545,0.6427820412271856,-1.2164526246460807,-0.5971774131053799
259.39,301.53,428.83,172.6,295.84,202.85,153.94,236.94,126.34,182.39,254.71,368.6,297.16,2015-04-01,306.65,236.96,469.34,425.72,166.14,192.09,345.63,212.54,275.45,297.64,235.28,194.73,154.13,218.88,233.24,205.09,105.05,187.38,249.89,171.46,257.33,287.91,320.18,40.01,141.54,62.93,217.46,304.57,258.09,292.61,305.81,314.22,295.47,215.35,196.25,369.37,295.97,209.09,497.31,292.23,275.2,338.27,345.73,259.39,264.33,228.99,220.65,240.41,252.05,253.29,7.25,73.10918024,2.64814286,114.5751655026642,1.6167621217559436,1.6181691054170777,0.01632481725657442,11.597412810477703,0.40984358010218713,1.3399704213873598,0.2927497780854438,0.4144645391738422,-0.2766472143407306,1.1636053753458775,0.879360543389307,1.258565050383087,1.2359004045621624,1.7036523343016086,0.47377415185172467,0.23037552851024046,0.0,12.069898387922962,10.115260794496361,0.5628750426666329,0.8078084412646902,0.7689682382070906,0.06385588951456356,1.2187189819403699,2.138452797250512,1.7937113534840954,1.2643555938358197,-0.1071283285450697,0.9110564583425962,0.20010488358037648,0.4117762977661421,0.13214537912569213,0.1342321249730105,0.7567519340819118,0.3514208310327227,0.0,-1.513113328309501,-0.10592099284965073,0.2227172412824885,0.7755555446409268,-0.03282778573243661,0.7935623392806512,0.8752866219887245,5.353144745934113,1.6719738685812224,1.219028988412063,0.0,0.28064822604871864,1.3162566892939154,0.7903570593733811,0.8742490114518553,2.878292748427924,0.48710304873988974,2.4833429190610268,0.0,0.12445192118999415,2.4581570083014315,1.1259067640847498,4.29195394354916,0.5957436703578622,-0.831047506628484,-0.939589863228921
260.85,293.44,428.86,189.96,297.19,204.51,154.31,241.11,126.14,184.36,255.87,373.02,298.32,2015-05-01,297.52,240.39,469.73,425.72,185.07,203.19,347.76,214.09,278.51,297.72,237.36,195.72,155.66,221.6,236.44,205.99,105.04,187.91,251.28,173.65,264.36,291.14,320.18,39.49,141.54,63.74,218.24,309.04,258.88,296.79,310.36,317.06,297.49,215.35,196.21,374.18,297.02,209.78,498.6,293.23,284.44,338.27,346.11,260.85,266.01,232.85,224.97,244.2,253.53,254.9,7.25,73.12178461,2.64613684,118.124995095008,0.5612808830304239,-2.7196324636658,0.006995534520015667,9.5836745031594,0.4552897263199185,0.81500843903477,0.24006499769422263,1.7446316366124037,-0.15842842350499708,1.0743116276401565,0.4543859907725434,1.191999227357865,0.38960215869590087,-3.0225582455178035,1.4371253938599615,0.08306090545371347,0.0,10.790332547873138,5.617748969610137,0.6143747962465085,0.726628141408181,1.1047841446714557,0.02687449626499472,0.8801681736826161,0.5071082707435615,0.9877739372614158,1.2350320438943463,1.3626509602213233,0.43787167363360524,-0.00951972964688963,0.2824484278018957,0.5547034196548672,1.2691775939472905,2.695250269735716,1.115631983886889,0.0,-1.3081947570585672,0.0,1.2789311450347896,0.3580449085494486,1.456977257012415,0.30562725687603987,1.4184153651249254,1.4768919953618287,0.8997652895629926,0.681330212564113,0.0,-0.020384243050752815,1.293811336754569,0.35413787664850815,0.32945812501257166,0.2590596984572535,0.3416120563282554,3.3024228956128887,0.0,0.10985199994610895,-0.0757806617583845,3.0512269404078474,4.292126333439962,0.1742132276147501,-1.2706039807174663,-0.7354622627695999
259.51,285.26,428.83,187.45,298.09,204.32,155.13,241.08,126.19,189.23,257.66,377.07,300.69,2015-06-01,288.49,241.71,469.27,425.72,182.3,201.7,349.78,215.26,280.02,297.53,235.79,196.71,154.77,224.18,238.15,207.07,106.24,188.42,251.72,174.15,262.4,292.8,288.16,39.64,141.54,62.73,218.76,310.29,262.08,297.45,369.87,321.41,299.58,215.35,197.16,378.28,299.99,211.6,505.45,293.88,284.33,338.27,346.28,259.51,266.72,233.65,225.72,244.87,252.16,253.19,7.25,73.82395273,2.70115909,115.7011192505264,-0.5150291959465925,-2.8272143972823294,-0.006995534520015667,-1.3301380499000537,0.3023789429335899,-0.09294817585745463,0.5299908993126046,-0.012443227789393774,0.03963064293142082,2.6072838563650613,0.6971383364251516,1.0798809095554418,0.7913097834319593,-3.082102631446393,0.5476055999126039,-0.09797657865773246,0.0,-1.5080450205039675,-0.7360056934755832,0.5791798740508725,0.5450112477521252,0.5407063824339531,-0.06383872539359459,-0.6636397599609545,0.5045496522715354,-0.5733997606574448,1.157534571982044,0.7206251290700294,0.5229276429956187,1.135945573358299,0.27103888194606185,0.1749503428341015,0.28752176219279946,-0.7441753532318351,0.5685530950641393,-10.536745622230281,0.3791234163229351,0.0,-1.5972506880538972,0.23798638234744374,0.4036625699796126,1.2285166794578473,0.22213256306740092,17.541867852282245,1.3626536281092783,0.7000882765210825,0.0,0.483006760516691,1.089769709003896,0.9949664164500938,0.8638337450686429,1.36449505106091,0.22142367378199523,-0.03867995898918508,0.0,0.049105274026484125,2.0580193330195895,-2.0733036407622585,4.301683241684463,0.6932746027541903,-1.5983916634114992,-1.5887573396642432
259.74,286.05,433.8,178.13,299.08,207.59,155.62,242.06,126.18,188.88,258.97,381.63,300.98,2015-07-01,289.15,243.84,484.45,429.98,173.05,192.38,352.5,216.64,279.91,297.68,242.1,199.01,157.69,225.47,239.26,207.96,106.38,189.27,252.36,176.27,261.3,293.92,320.18,39.36,141.65,61.68,220.73,308.77,262.74,298.29,374.87,323.52,300.72,217.32,198.24,383.64,298.53,213.0,493.51,294.6,303.2,338.27,346.44,259.74,268.73,234.16,225.96,245.05,252.25,253.21,7.25,73.34279628,2.69460455,109.3380254179787,0.08858931730078012,0.27655756192617176,1.1523028396889679,-5.099852237752689,0.33156418003654764,1.587758829047381,0.31536631125446135,0.40568006956149816,-0.007924872215525625,-0.18513136387010576,0.5071338511502432,1.2020706231373524,0.09639836536878832,0.22851613018763928,0.8773612041067302,3.1835931068604495,0.995684280515885,-5.2073111603263555,-4.730886223569719,0.7746236831278175,0.6390389887758197,-0.0392906261193815,0.05040238005928899,2.6409285561056706,1.16245117745839,1.8690936492827603,0.5737811805471615,0.4650099495888682,0.42888531635814076,0.13169035860478573,0.4501053430306712,0.2539280843876668,1.2099913619851854,-0.4200884543366534,0.38178393796597376,10.536745622230281,-0.7088637277734566,0.0776863628886737,-1.6880072853576955,0.8964996674547976,-0.491068088566049,0.25151493766566446,0.28200240261773146,1.3427706652393567,0.6543369135932231,0.3798105515349981,0.9106310183202737,0.5462836043655273,1.4069950712438661,-0.48787104721199626,0.6594465725281218,-2.390599950731165,0.24469832764530963,6.425711834279113,0.0,0.04619471152711441,-0.24295145826795927,-5.6566073679005235,4.295144289541102,-0.39486766862397715,-0.9701072734125932,-1.245672574039908
260.78,289.79,435.34,170.44,300.13,208.06,156.2,241.13,127.4,192.59,262.61,389.47,304.61,2015-08-01,292.84,247.9,488.26,431.36,165.29,185.14,355.12,217.69,280.81,297.74,242.92,199.78,158.04,227.74,240.56,207.4,106.82,189.8,253.75,176.9,256.74,295.1,355.48,40.15,142.81,62.95,222.16,312.07,268.75,299.97,387.48,327.61,302.29,227.16,201.53,391.31,306.05,214.04,509.09,297.36,319.28,338.27,346.56,260.78,270.33,234.96,226.5,245.56,253.27,254.2,7.25,75.46127322,2.84555714,102.3333970549256,0.3996009313381954,1.2989902020433597,0.3543736593917046,-4.4130292172682495,0.35046179960449564,0.22615190680461694,0.3720099216801387,-0.3849422166844363,0.9622284195399011,1.9451684158863003,1.395781699991172,2.033528768539128,1.1988452504504643,1.2680800174214468,1.6513166542862834,0.7833824026839409,0.32043123058853595,-4.587906315209178,-3.8360287085404288,0.7405138273456124,0.4835042688934976,0.321016112457162,0.020153841054426636,0.3381307085361662,0.38616863857816597,0.22170851256939628,1.0017514984038023,0.5418711937515752,-0.26964577200878637,0.4127585597452743,0.2796319124999336,0.5492890853387777,0.35676907338775266,-1.7605272869786859,0.4006660482078317,10.458565122032581,1.9872368208718072,0.8155849188316466,2.0381031235281455,0.6457607845423929,1.0630858446968539,2.261662940051057,0.5616301995775785,3.308493535721979,1.2562940711453585,0.5207222260213307,4.4283693325909645,1.6459835798565692,1.9795471869580972,2.487805700189849,0.4870747733678016,3.1081696116235236,0.9325021960466806,5.167580697226182,0.0,0.03463203497817702,5.450742078830939,-6.620815259807333,4.323619587174101,2.020991695588936,-0.7397003087717612,-0.2231251104473546
263.11,293.38,436.87,165.74,301.88,210.48,157.89,245.78,128.32,194.82,264.93,393.24,310.49,2015-09-01,296.37,252.14,488.65,432.97,158.76,187.29,358.09,219.86,282.02,298.72,243.4,201.04,163.56,230.91,242.94,207.52,109.46,190.57,254.91,183.8,258.81,296.92,355.48,40.76,143.69,63.65,225.75,313.82,270.48,308.39,390.66,333.26,303.29,228.22,203.3,394.94,310.06,215.42,534.36,311.74,338.82,338.27,346.91,263.11,272.79,236.78,228.34,247.49,255.61,256.59,7.25,75.5376384,3.002715,101.883407742469,0.8895055690461895,1.2312174324645042,0.3508333014573317,-2.796303321081517,0.58138732889077,1.1564137089288273,1.0761350628211375,1.9100619712837386,0.719540098014182,1.151247840668912,0.879559827402776,0.9633271977103064,1.9119424872665824,1.19822889460508,1.6959049761978484,0.07984359269919139,0.3725433253685573,-4.0307879014397585,1.1545922102697226,0.8328590928122992,0.9918947737872941,0.42997063559271353,0.32860573445008256,0.19740095240523559,0.6287132131332918,3.433172995325151,1.3823396831877055,0.9844960591851581,0.057842477270675374,2.4414010804147956,0.40486949644567005,0.4561011327562703,3.8263608755846334,0.8030302099816922,0.6148460300452463,0.0,1.5078767961753226,0.6143125776273628,1.1058564513059643,1.603034929855074,0.5592051511792206,0.6416578957758823,2.7682746086060916,0.8173381918640921,1.7099089566917414,0.33026219787393174,0.46554609973021854,0.8744466954903274,0.9233769899832822,1.3017339841137066,0.6426697479520627,4.8444950912621465,4.722598107190823,5.940053217232233,0.0,0.10094164988210252,5.375799971371054,-0.4406983462422964,4.324631053888547,1.693266312953945,-0.05454397499522326,0.08760025426040709
267.2,295.6,436.83,184.69,304.33,213.41,158.54,249.21,128.64,195.73,267.65,395.88,313.76,2015-10-01,298.65,253.61,488.16,432.97,177.93,204.95,360.65,221.89,283.98,301.42,247.73,204.81,166.45,233.25,245.44,208.37,109.56,191.41,257.29,187.45,260.93,300.78,319.93,40.49,144.24,64.71,230.03,320.58,271.95,314.97,372.95,336.6,306.48,229.52,206.69,398.82,304.12,217.01,540.11,316.11,364.88,338.27,347.43,267.2,274.86,241.34,233.4,251.76,259.78,261.27,7.25,73.73191042,2.92957619,102.0353465489185,1.5425245976702584,0.7538492014429465,-0.009156461034187657,10.825844846692423,0.8083051547687958,1.3824561393842139,0.41083393752128217,1.3859087662638991,0.24906613124517918,0.4660103171622687,1.0214516690568942,0.6691022529766499,1.0476667712293164,0.7663645453821921,0.5813165159175959,-0.10032658164851327,0.0,11.399658660388123,9.010782920858418,0.7123607495779005,0.9190783427606597,0.6925822737127163,0.8997961198118354,1.7633262859257925,1.8578826862961861,1.7515068524592614,1.0082815513117183,1.0238018906766122,0.40876250139749715,0.09131586791051305,0.4398143117733788,0.9293311710898422,1.9663933260334332,0.8157970360533895,1.2916358254120297,-10.536676700577363,-0.6646178310454331,0.3820377653946494,1.6516424065758706,1.8781542902832626,2.131228206681257,0.5420067469338541,2.111218045303076,-4.639325407565309,0.9972315646227692,1.0463056897518364,0.5680095666575902,1.653736558944363,0.9776332652381647,-1.9343466777979934,0.7353824505357487,1.070305339563049,1.3920747218641338,7.409953949064452,0.0,0.14978255529491946,-2.4659111886837337,0.14901899052359724,4.300435682692593,-1.1522631753066115,-0.19596227438377561,-0.7018468954450188
268.98,298.57,436.85,194.6,305.97,214.82,158.96,247.27,129.09,194.67,268.11,397.2,312.89,2015-11-01,301.8,254.54,488.41,432.97,188.12,213.59,363.26,223.21,285.83,302.43,250.21,206.76,166.84,234.86,248.31,209.37,109.62,191.68,259.76,186.92,257.41,298.5,355.48,40.92,144.59,65.01,231.18,319.07,273.91,316.46,351.69,337.1,306.66,229.52,207.75,401.02,299.49,218.58,517.21,316.2,388.38,338.27,347.63,268.98,275.07,243.41,235.48,253.3,261.59,263.27,7.25,75.36672807,2.87128571,96.04245317311728,0.6639585732912678,0.9997222129054961,0.0045783353180617326,5.226742586408406,0.5374418966180627,0.6585270044021208,0.26456708345516944,-0.7815057500006439,0.34920300879619504,-0.5430341213245704,0.17171872220203,0.3328797142527762,-0.2776671376263806,1.0492227155434186,0.366034060160203,0.05119960790542777,0.0,5.568984255810161,4.129224256036679,0.7210872371615551,0.5931268792596534,0.6493415350194098,0.33452047424296083,0.9961121847005039,0.9475980229540326,0.23403053077108993,0.6878752209481753,1.1625447386522936,0.4787676115061146,0.05474952230937191,0.14095906690663185,0.9554274400132456,-0.28314253496954933,-1.3582027670898,-0.7609167670810102,10.536676700577363,1.0563911039356277,0.24235721449725744,0.46253551472030807,0.49868926661940094,-0.4721340748712777,0.7181359408664711,0.4719455095878011,-5.8694256649325816,0.14843404833095875,0.05871416158491627,0.0,0.5115347511813084,0.5501114093012127,-1.5341332343792757,0.7208644820545729,-4.3323840926332124,0.02846704958257007,6.241570938202834,0.0,0.05754899016485737,-2.0097855479987325,-6.0528973777826955,4.322365905343479,0.617610158999593,-1.2258715499219033,-1.6743146567491336
269.54,302.27,436.87,190.75,307.28,215.96,159.18,245.87,128.81,194.34,268.22,398.51,314.29,2015-12-01,305.74,255.53,488.72,432.97,183.31,213.34,364.9,224.72,288.43,302.92,249.68,207.5,168.33,236.32,251.59,211.73,109.56,192.21,260.07,185.87,254.74,298.58,355.48,40.18,144.59,64.8,232.12,319.08,272.49,317.03,352.3,337.44,306.67,229.52,207.78,402.68,298.25,219.76,517.05,316.41,400.97,338.27,347.68,269.54,275.69,243.5,235.21,253.32,262.16,263.85,7.25,75.96849344,2.91723478,90.53613778017652,0.2079774945610069,1.2316246491388405,0.004578125716125925,-1.9982499587338332,0.42723261071131446,0.5292737180185192,0.1383039134141839,-0.5677916052979626,-0.21713851106213156,-0.16966148898935884,0.04101952213844129,0.3292659847286217,0.44644354899840977,1.297052123913911,0.38818250167871327,0.06345112940975284,0.0,-2.5901348345573894,-0.1171152313376389,0.4504512121104476,0.6742150425067095,0.9055193695856723,0.16188985116620813,-0.21204672971659733,0.3572639342914741,0.8891069102245908,0.6197226846134996,1.3122812843011644,1.1208856370674702,-0.05474952230937191,0.2761209391955788,0.11926977540683836,-0.5633213211963195,-1.0426727284619908,0.026797079278750857,0.0,-1.8249581696637485,0.0,-0.3235500858148832,0.4057851456286343,0.0031340593906747927,-0.5197669095402091,0.1799555332598679,0.1732979595345796,0.10080944904498068,0.0032608872877482042,0.0,0.014439390682774444,0.4130900486664757,-0.414896703841805,0.5383961538490745,-0.03093999599252939,0.06639161812609373,3.190236975488503,0.0,0.01438207420747517,1.5876262412513942,-5.90412307804451,4.330318694332578,0.9926273357543813,-1.4593641846068595,-1.9769106397506429
274.44,315.22,478.81,177.96,312.53,219.9,163.03,246.71,128.87,198.4,268.44,402.81,322.82,2016-01-01,319.69,257.54,541.07,474.17,170.6,200.65,367.72,226.47,293.32,311.04,258.56,209.54,170.7,237.02,252.18,213.47,109.97,198.74,268.66,188.76,252.83,299.77,355.48,40.32,144.59,66.49,233.21,322.3,278.45,321.24,360.85,337.43,306.72,229.52,208.96,406.6,304.03,221.99,533.53,318.04,423.08,361.58,376.68,274.44,280.59,244.53,235.99,254.67,265.86,267.2,7.25,75.40022028,3.00695,85.27145839420656,1.8015855481676724,4.195015005290514,9.16681910116548,-6.940486422672532,1.6941080531101882,1.8079692210629439,2.389859557385954,0.3410616810513467,0.04656938923028875,2.0675992439479707,0.08198860072443637,1.0732394734422002,2.6778765783377345,4.461670867933343,0.7835228264949201,10.175893215328813,9.089746564707113,-7.185707367369432,-6.132504048441145,0.7698435553152194,0.7757303023654849,1.6811741033336602,2.645277702645199,3.4947677370205987,0.9783312254065812,1.3981291369404403,0.29577069772326325,0.2342339836654439,0.8184429505163848,0.37352569279658354,3.340891348417685,3.2495814086208163,1.5428862237924612,-0.7526091043667194,0.39776103249051786,0.0,0.34782643763247023,0.0,2.574595705613536,0.4684855881193606,1.004093377846349,2.163659385344552,1.3192100696825193,2.3979274171090026,-0.002963533717892375,0.01630284162139617,0.0,0.5663018445680734,0.9687699333023936,1.9194319769756163,1.0096294025657926,3.137571995720645,0.513832007665016,5.367467491949363,6.663892408694849,8.011350413374352,3.029010155163636,-5.9909287631377595,4.322810196495054,-0.1755960803762946,-0.7785137506460097,2.0832934566512176
274.38,315.1,483.58,167.0,313.65,220.99,165.97,248.61,128.33,198.14,268.74,405.97,327.04,2016-02-01,319.31,260.1,546.36,478.9,160.4,187.11,369.7,228.15,296.39,310.65,260.21,209.59,171.46,237.82,254.25,214.62,113.23,201.02,273.1,194.28,249.61,302.59,355.48,39.14,144.59,66.85,235.43,320.2,278.55,328.48,346.61,338.08,308.87,229.52,207.07,410.31,303.23,222.99,554.44,319.38,438.77,386.86,376.82,274.38,282.21,244.85,235.86,254.88,265.65,266.62,7.25,76.23613953,2.9406619,86.98851528608424,-0.021865092467088232,-0.03807589841660075,0.991290237954523,-6.356499352108536,0.35772499740005514,0.4944554064498341,1.7872816181064621,0.7671845752443396,-0.41990730439298574,-0.13113433058888901,0.11169441572249639,0.7814278493269988,1.298759523015125,-0.11893585126605544,0.9891124608968127,0.9729438639891619,0.9925900163919366,-6.165093962516455,-6.986541750678388,0.5370086947031893,0.7390821553768134,1.041199143555449,-0.12546447623718038,0.6361221982588816,0.023858946024901684,0.44423734502148093,0.336955924912985,0.817491668358894,0.5372714925973021,2.921354700310541,1.140696779337702,1.639138884479241,2.8824050619357777,-1.2817626322654263,0.9363239931208689,0.0,-2.9702661795182994,0.0,0.5399743133588153,0.947429415325729,-0.6536988258778464,0.0359066431147248,2.228744595036236,-4.0262130950728725,0.19244724744602593,0.6985197102189034,0.0,-0.908594573613275,0.9083070367323032,-0.26347872832284125,0.4494591592635544,3.844329375696187,0.42044553794378103,3.6414071326886344,6.7579553220083355,0.037159920799201274,-2.2291583934146653,1.9936305876179006,4.3338356223084045,0.5123929070534494,-1.3556326958971576,-1.0181805724126403
274.27,310.29,483.59,167.58,314.16,222.35,167.97,250.57,128.2,197.58,270.01,408.61,329.88,2016-03-01,313.71,263.76,546.57,478.9,159.72,192.48,371.46,229.56,296.72,310.11,262.26,209.61,173.09,239.93,253.31,215.06,116.73,201.85,273.38,194.79,254.05,302.97,355.48,38.86,144.59,66.42,237.13,324.23,280.11,329.4,336.63,340.95,312.28,229.52,205.83,413.29,303.37,223.91,565.61,320.78,449.65,386.86,378.18,274.27,283.11,245.95,236.83,256.18,265.54,266.3,7.25,75.44351994,2.89173913,93.56518231359726,-0.040098423940193584,-1.5382704705406702,0.002067888789003547,0.3467036768385334,0.1624695727002745,0.6135265331491446,1.1978342896283856,0.7852919077226517,-0.1013526769800599,-0.2830285928555831,0.47146259022934345,0.6481890651066635,0.8646464389869379,-1.7693425460953982,1.3973426308869996,0.038428811101187677,0.0,-0.42484132373932226,2.829557302022767,0.47493208166100587,0.6161125866750439,0.11127785201816565,-0.17398032611994907,0.7847380787959324,0.009541984740124576,0.9461687187697798,0.8833129122897354,-0.3703999821509818,0.20480364633987946,3.04424273386239,0.4120441702355926,0.10247402448477771,0.2621637710960911,1.7631398244449592,0.1255036825017264,0.0,-0.7179518018636255,0.0,-0.645308759935137,0.7194884601159579,1.2507339929750394,0.5584806697119582,0.2796864472916383,-2.921582422266944,0.8453285098915408,1.097974485256703,0.0,-0.6006314981024552,0.7236554163764453,0.04615891938204442,0.41172579979358304,1.994619942037712,0.43739134965106174,2.4494144573785626,0.0,0.3602652903219372,-1.6776595848866815,7.288222871650518,4.323384296038411,-0.944529132510219,-1.6917904286996297,-1.2657732583460544
276.42,305.7,483.88,188.69,315.33,223.91,168.68,252.13,128.57,199.09,272.37,410.45,330.59,2016-04-01,308.42,266.71,551.15,478.9,180.76,213.21,374.64,231.54,297.71,309.75,264.71,211.78,174.38,242.08,255.81,215.22,117.47,202.53,274.21,194.82,256.27,306.09,355.48,39.32,144.79,66.1,238.87,327.41,285.6,337.36,332.76,345.66,317.49,229.52,205.8,415.36,303.54,225.13,558.73,320.94,464.23,386.86,378.26,276.42,284.54,250.09,241.42,259.85,267.73,268.81,7.25,75.59487991,2.8347381,96.92617196337171,0.7808425517263906,-1.4903115161033043,0.05995018112932016,11.864460761448203,0.37172992336182986,0.6991468446542193,0.42180368494477705,0.6206504904269217,0.28819586095876204,0.7613418175377085,0.8702440702218261,0.4492962897212571,0.2149984930410298,-1.7006501849095912,1.1122327034646773,0.834461716362167,0.0,12.374790234805744,10.228534328054462,0.8524378116090858,0.8588211537420953,0.3330925139520602,-0.1161552739251448,0.9298509033485836,1.0299338769838684,0.7425135561361706,0.8921035907715869,0.9820946314908596,0.07437018098661596,0.6319406171222397,0.33631764229387073,0.3031467468826321,0.015400015430433456,0.8700478147717128,1.0245385648747884,0.0,1.1767851329671952,0.13822657532953642,-0.4829469090959826,0.7310956933850754,0.976006765568016,1.940984730148454,2.387779169476456,-1.1562894929197043,1.3719794005685237,1.6546100521652285,0.0,-0.014576197095994559,0.4996088350337047,0.056021487352619914,0.5433827729635077,-1.2238443661823695,0.049865986198227574,3.19106167073695,0.0,0.021151710723454897,-1.990854425687516,3.5291244478252715,4.325388554833773,-1.1532199241695906,-1.264275134191281,-0.8510571836011136
278.02,300.69,483.73,203.87,316.53,223.29,169.1,254.9,129.75,200.9,275.21,412.54,333.72,2016-05-01,302.8,268.18,548.74,478.9,197.63,221.48,377.52,233.28,298.97,309.65,263.69,212.39,172.64,243.38,257.61,215.59,117.74,202.89,275.57,195.09,262.95,306.85,355.48,39.22,146.41,65.47,240.09,327.42,284.17,333.37,369.59,350.26,323.84,229.52,207.28,417.84,302.88,225.62,579.21,320.09,467.61,386.86,378.36,278.02,285.96,253.09,244.71,263.0,269.37,270.63,7.25,76.83576128,2.92659524,100.8536855155762,0.5771605373065647,-1.6524395191904517,-0.031004227157982456,7.737707900942503,0.3798314318737006,-0.2772810363318001,0.2486827026175753,1.092648387151307,0.9136018949840619,0.905028802918384,1.0373006556534392,0.5079051976172977,0.9423381138309317,-1.8389968866217465,0.549647105337403,-0.4382263420612986,0.0,8.922641110926488,3.8054696447852976,0.7657982542845332,0.7486804042710737,0.42233755878324786,-0.03228931251815226,-0.386071637750085,0.2876207277846987,-1.002832448984492,0.5355757868608535,0.7011831930435086,0.17176949976693834,0.2295821764320749,0.1775936533069178,0.49474436104670616,0.13849352063601827,2.573232384789481,0.24798524797828847,0.0,-0.2546474510765506,1.1126488412060986,-0.957672440464119,0.5094382155196087,0.0030542278151024504,-0.5019579839386168,-1.189762517383386,10.497277370875757,1.322010287217168,1.9803244885303606,0.0,0.7165712853905326,0.5952970052372386,-0.21767100708869336,0.21741550438916235,3.599875501212857,-0.2651983520808976,0.7254496101175789,0.0,0.026433348466081696,3.189016125417554,3.972123333020239,4.341670173442854,0.06847215924006278,-1.8275667437782943,-1.6571814848024529
279.33,304.18,483.72,201.16,318.01,224.24,170.35,256.62,130.06,200.52,277.82,414.58,334.75,2016-06-01,306.54,269.01,548.59,478.9,195.03,218.44,380.66,234.72,301.67,309.58,265.11,213.27,172.69,245.57,258.76,216.87,120.0,203.26,275.92,197.42,264.19,307.85,411.61,38.42,147.28,65.02,240.67,324.16,280.86,338.29,374.82,355.15,330.72,229.52,206.31,421.08,297.31,226.96,579.59,323.07,462.42,386.86,378.44,279.33,287.1,253.65,245.3,263.67,270.7,272.06,7.25,76.47974377,2.91698636,103.5054746934114,0.4700825019601673,1.1539797739338553,-0.0020672902993013054,-1.3381924505283749,0.4664805004515493,0.4245531816603254,0.7364888202440412,0.6725080084803103,0.23863603950085022,-0.18932794255865915,0.9438979360933075,0.4932788800917187,0.30816665374082675,1.2275731007468593,0.3090156780569231,-0.027339086862543382,0.0,-1.3243202767855955,-1.38209146708137,0.8283040841505773,0.6153865574377804,0.8990470785837701,-0.02260872383388346,0.5370663438759138,0.4134761329346759,0.028957808675400543,0.8958031066300443,0.4454177823281391,0.5919639910399788,1.9012939181930477,0.18219874546625547,0.1269288824785164,1.1872448440572114,0.470464122298786,0.325362252211292,14.66073102269494,-2.0608663427789775,0.5924631719431694,-0.6897107577240824,0.24128474972480163,-1.0006529365877093,-1.17163260860087,1.4650531522780952,1.4051627609088513,1.3864499599300473,2.102252927441217,0.0,-0.4690644253999565,0.7724255255080692,-1.8561321964786437,0.5921622323821651,0.06558509037306592,0.926681175849442,-1.1161046151112686,0.0,0.02114164912736527,-0.3288698376499699,2.595369863525132,4.337025918449877,-0.7997219868136618,-1.5160141699490735,-1.8351547221322428
282.58,313.76,517.8,192.84,319.08,224.63,172.09,256.9,131.85,202.69,279.41,419.63,339.14,2016-07-01,316.84,270.65,563.86,514.22,187.33,207.99,383.45,235.55,302.37,309.73,267.9,213.14,170.07,247.38,259.75,218.53,123.22,203.76,276.3,197.36,262.23,312.27,411.61,38.63,149.5,65.66,241.21,322.1,282.85,336.87,392.26,357.88,333.46,229.52,207.89,426.59,298.63,228.12,603.58,325.28,469.28,401.51,378.51,282.58,289.98,254.21,245.61,264.16,272.97,274.54,7.25,71.81937658,2.95755556,102.8002572504015,1.1567817769113198,3.100873100381296,6.808284040036217,-4.223978176634269,0.33590262163034623,0.17376973205465163,1.0162451669843975,0.10905126489655359,1.366903035828937,1.0763725854570971,0.5706815193809334,1.2107411058501327,1.3029016907698754,3.30486620253172,0.6077919610921079,2.7454643614209573,7.1159382098271,-4.028162541152014,-4.902137566144393,0.7302645951230424,0.35298907513787725,0.2317728340370806,0.04844100787435579,1.0468942352540367,-0.06097418166914892,-1.5287962592256399,0.7343576971909016,0.38186388035521546,0.7625209201745697,2.6479632804378817,0.2456882961580753,0.13762633007852187,-0.030396676864086203,-0.7446559997834612,1.4255546838267463,0.0,0.545101933777925,1.496085590591889,0.9794997197687394,0.2241222819119315,-0.6375164723165128,0.7060397249130546,-0.4206416534694668,4.547897449983207,0.7657499235576459,0.8250822198854202,0.0,0.7629201659168139,1.3000525216695813,0.4429983416861738,0.509801578774205,4.055763479899177,0.6817331871137533,1.4726036211183846,3.7169569202949226,0.018495277151675538,1.381208799326017,-0.6836651441271435,4.274154308448372,-7.487901020942811,-1.0314551603183497,-0.8224038904850864
281.76,307.73,535.59,183.8,320.59,225.22,172.75,257.38,131.99,203.43,286.71,423.08,340.68,2016-08-01,310.23,271.02,567.26,532.95,177.92,200.65,386.79,236.76,305.36,309.59,268.1,212.97,170.89,248.46,260.6,219.3,123.32,204.69,278.38,199.71,260.16,313.2,411.61,38.93,149.5,65.36,241.61,329.61,285.9,340.0,387.68,361.38,335.33,245.56,211.57,430.16,300.74,228.88,610.13,329.43,467.48,401.51,378.54,281.76,291.77,254.25,245.55,264.16,271.57,272.72,7.25,77.16211604,2.96286364,103.1487313239129,-0.2906051589765646,-1.940558731005737,3.3779875675542748,-4.801261961583503,0.472119313015007,0.262309809180028,0.38278668709601504,0.1866687949680923,0.10612493415678159,0.36442471139874755,2.579101478314527,0.818791582998557,0.4530618793898711,-2.108295673108529,0.13661456515814407,0.60117586816828,3.577642168831119,-5.153775641074976,-3.592790490958375,0.8672675879987324,0.5123764676474352,0.9839975402077705,-0.04521087721522932,0.07462686913513039,-0.07979160734059576,0.48099576544951006,0.43562508386676413,0.3267034711408101,0.3517350541780928,0.08112274315248413,0.4553808824240946,0.7499854869883471,1.1836842059620878,-0.7925154901060161,0.29737659211610534,0.0,0.773598494417449,0.0,-0.45794615216987467,0.1656932569131797,2.3048081043746116,1.0725377539101189,0.9248518357650504,-1.1744628165149429,0.9732301604289617,0.559220345200373,6.755114488618563,1.7546819336203612,0.833386790160251,0.7040755181086489,0.3326042453516642,1.0793457397174855,1.2677538397694477,-0.384303816418452,0.0,0.007925500301286803,0.17931437768070602,0.338408465596185,4.3459086117154095,-0.7106330971565988,-1.929359259653087,-0.7134691277198064
282.27,305.58,535.63,177.39,321.92,225.48,173.12,264.32,132.32,202.55,292.4,425.9,341.64,2016-09-01,307.86,271.19,567.95,532.95,170.08,199.89,390.14,237.76,305.55,310.16,267.79,213.26,170.81,249.59,260.63,220.56,123.5,204.74,280.88,200.23,272.97,321.63,411.61,39.21,149.77,64.96,246.42,329.46,289.29,343.89,368.11,377.93,336.79,247.27,213.89,433.19,301.76,229.67,608.31,343.68,465.64,401.51,378.88,282.27,293.4,254.67,245.89,265.34,272.08,273.01,7.25,74.99373415,2.9601,103.1743166249251,0.18084149388881698,-0.701116501341037,0.007468120464260153,-3.5497511420738093,0.41400192982408157,0.11537609444944863,0.21395330103368693,2.6606898267093726,0.24970691345176377,-0.43351957151616105,1.9651475929425288,0.6643290469315666,0.28139308050665335,-0.766882368306554,0.06270633354983346,0.12156342614515481,0.0,-4.506509646857992,-0.379488147036966,0.8623738975931161,0.42147917068700025,0.06220229039506364,0.18394519103512863,-0.11569539815230456,0.13607678706293314,-0.04682470088477331,0.4537704804589815,0.011511233057603931,0.5729111291699063,0.14585530500825783,0.024424199618255926,0.8940445060922286,0.2600391523835732,4.806507267726268,2.655985241961023,0.0,0.716665468187605,0.18043911735627916,-0.6138754698325144,1.9712541263958272,-0.04551868620632504,1.1787545862136817,1.1376221184820068,-5.179845052141019,4.477895700182355,0.43444691316611994,0.6939540459788063,1.0905951182140328,0.7019198333118482,0.33858953509184886,0.34456472864690113,-0.2987428767250222,4.234710360271432,-0.394376368491578,0.0,0.08977846448132709,-0.09331950586008997,0.024801205098246015,4.317404565379594,-3.9557194911844284,-1.1356879389751784,-1.1387740352757616
286.33,310.96,535.6,195.9,321.16,226.82,173.43,269.61,132.24,200.46,293.3,428.88,343.07,2016-10-01,313.71,271.48,567.51,532.95,188.98,216.37,393.52,238.7,305.77,305.77,268.75,214.43,172.63,251.26,259.43,221.64,123.55,205.14,281.95,202.96,283.05,323.16,411.61,39.02,149.77,64.47,251.65,327.5,289.07,345.62,347.81,378.82,338.04,247.69,215.29,435.94,305.58,231.05,609.24,346.68,467.08,401.51,379.06,286.33,294.78,258.26,249.84,268.8,276.24,278.23,7.25,78.26817023,3.06794286,106.7431108666256,1.4280932118060363,1.7452676419399182,-0.005601038060554231,9.925362644964686,-0.2363626154836318,0.592528817381055,0.17890641043782907,1.981598000577911,-0.06047777626116968,-1.0372044051979223,0.30732481077819784,0.6972582590114129,0.41769568988234695,1.8823858096678414,0.10687896054912827,-0.07750163317483683,0.0,10.537227476084254,7.922268995678294,0.8626243420297719,0.3945771815390131,0.07197540060763785,-1.4255108015672313,0.35784881814810987,0.5471266191105606,1.0598748178487938,0.6668687986151056,-0.46148603226274787,0.48846772836075303,0.04047763665866455,0.19517913876399007,0.38022183930142006,1.3542209486468337,3.626166144595988,0.4745740075249749,0.0,-0.4857481109274975,0.0,-0.7571696530893846,2.100183602584682,-0.5966895443529907,-0.07607718743027903,0.5018066830817958,-5.67254528835468,0.23521649430868763,0.37046409603043173,0.1697107244246432,0.6524092295870254,0.6328188365825937,1.257961067947555,0.5990641287952236,0.15276582988219545,0.8691172385698387,0.3087745827473398,0.0,0.0474971642567823,3.578420727139564,3.4005162658303334,4.360141009876434,-0.07260179854409188,-1.5449058240105806,-1.305838471162719
287.81,309.17,535.64,203.53,323.94,226.54,173.52,270.94,133.08,202.97,293.59,430.96,347.05,2016-11-01,311.61,272.95,568.14,532.95,196.95,222.46,395.93,240.28,308.18,309.32,267.63,216.21,171.41,252.57,264.32,222.07,123.47,205.32,282.49,206.1,284.85,320.03,411.61,39.19,150.78,65.12,254.13,326.18,292.41,345.57,363.67,378.84,338.04,247.69,216.91,438.6,303.71,233.28,627.06,347.4,464.04,416.73,379.22,287.81,296.51,260.17,251.93,270.99,277.76,279.81,7.25,77.71771545,3.26745,105.5525599382046,0.5155548396415632,-0.5772999117449551,0.007467981034814386,3.8209089214293,0.8618872141767042,-0.1235221614616755,0.051880675612459015,0.492092381419873,0.6331997637507136,1.2443459272815538,0.0988260231398641,0.48381188529962316,1.1534353808823283,-0.6716586370776767,0.5400156392209254,0.11094968777820569,0.0,4.130870006243459,2.775740496454482,0.6105535465381173,0.6597376637175856,0.7850842506705646,1.1543154393833355,-0.4176149848070132,0.8266812823319647,-0.7092228309491411,0.5200178441410408,1.8673573633919638,0.193820348701923,-0.06477208549666713,0.087706481283778,0.19134014766839513,1.5352572605387138,0.6339165443735695,-0.9732815211991763,0.0,0.4347277016574669,0.6721036779251399,1.0031722371756757,0.9806713889200402,-0.4038678846534971,1.148805370112882,-0.014467801932038782,4.459050936253739,0.005279412930470073,0.0,0.0,0.7496564492307733,0.6083216783420831,-0.6138311384134454,0.9605311504017777,2.8829951087163685,0.20746895408603194,-0.6529793800307715,3.720609040050693,0.04220077079040152,6.30026053598487,-1.1216087496131344,4.35308322945549,-1.1638025306063504,-1.5961522771340093,-1.2733961445787867
292.54,319.35,574.89,198.34,327.01,229.43,174.67,276.27,132.9,205.86,293.62,432.87,349.12,2016-12-01,322.36,276.86,608.49,572.08,191.27,219.29,398.85,245.33,309.75,312.35,269.29,220.24,175.53,255.42,266.82,223.85,125.16,205.88,283.67,209.43,296.31,318.39,411.61,38.78,150.78,66.17,257.23,326.43,295.45,346.26,378.45,379.1,337.7,247.69,217.11,440.92,302.82,236.16,623.98,348.47,466.28,437.19,379.32,292.54,301.76,261.24,252.81,272.83,281.37,283.88,7.25,77.23046249,3.48892727,111.47053582968212,1.6300869257682926,3.239639258107996,7.071642452114801,-2.5830684406809468,0.9432438011168109,1.2676442309502711,0.6605612921681825,1.9481254248794322,-0.13534854310766065,1.4138141228877465,0.01021780965109187,0.44221736049960825,0.594684085911279,3.3916527548480957,1.422333503182216,6.861261121534223,7.0851230604994875,-2.9263847014472155,-1.4352255414938675,0.734797840467305,2.0799333029980716,0.5081492655544473,0.9748014198744492,0.6183436225715155,1.8467703229893218,2.375162094928829,1.122081105043371,0.9413783418047217,0.7983537200806801,1.3594707221029623,0.272373709245155,0.41684389876648353,1.6028066754006254,3.9443477661740722,-0.513769495767491,0.0,-1.051696239703448,0.0,1.5995466329682628,1.2124679196392485,0.07661544022594668,1.0342690774455043,0.19947103444053482,3.983710072937985,0.068607016438893,-0.10063042847603398,0.0,0.09216165806016363,0.5275617111327513,-0.29347291602075387,1.227009259181422,-0.49239132607441505,0.30752894744283665,0.4815556644425456,4.792935313630764,0.026366440946912206,6.558445229255416,5.455127600783705,4.346793971039222,-2.1720928896599823,-0.5555692194984212,-0.04230135141716103
299.74,339.7,588.45,184.48,332.97,233.45,182.81,285.22,133.05,210.77,293.76,437.38,363.95,2017-01-01,344.22,280.27,610.03,586.43,177.38,206.09,402.21,251.2,323.34,317.1,273.99,226.05,177.66,259.68,271.61,228.56,126.41,220.23,297.98,213.34,311.14,325.2,411.61,39.03,150.78,69.61,260.71,327.5,298.1,353.6,385.58,379.39,338.16,247.69,216.89,445.69,305.08,240.28,675.23,350.54,472.08,454.99,401.03,299.74,307.7,262.97,254.26,276.28,288.31,291.01,7.25,77.82012303,3.73488636,115.691938169752,2.431402275790706,6.177519515894048,2.331324317515815,-7.244167323722994,1.806164436257962,1.7369949334876011,4.554888267869295,3.188216390723575,0.11280317044981558,2.357116545054261,0.04766931208113334,1.0364930482902324,4.160079291956098,6.561205438552342,1.2241460999139697,0.25276578471071787,2.4774467141700285,-7.539171845413595,-6.208208816552752,0.8388933924440956,2.364519158210232,4.293888066420859,1.5092827604722636,1.7302743552179756,2.603835290626222,1.206164287330047,1.6540854698164686,1.7792940107336008,2.0822573235542485,0.9937673706784445,6.737898000624565,4.921477944165353,1.8497582546917357,4.883676807083059,2.116333123181491,0.0,0.6425931378017946,0.0,5.068104715660748,1.3438052162040748,0.3272524444275504,0.8929382892342019,2.09763928125577,1.8664730416146469,0.07646772248310896,0.13612288670126205,0.0,-0.10138249716309389,1.0760189989132307,0.743546771581105,1.7295368569852698,7.893505700060466,0.5922679363597361,1.2362150697281749,3.9907557473736865,5.5656061460272355,6.812307594620615,3.7170649700996705,4.35440004851121,-1.7837565622619067,0.7066386773517948,2.1674572107922976
302.17,342.57,588.6,178.3,336.91,231.88,186.77,293.25,133.92,212.65,293.81,441.13,368.96,2017-02-01,346.94,284.63,612.47,586.43,171.6,198.53,404.44,258.53,328.55,320.49,262.26,230.79,177.61,265.34,276.14,232.84,131.96,223.09,299.95,223.43,318.09,328.99,411.61,39.8,151.31,72.11,270.98,333.44,299.37,361.22,363.43,379.7,337.77,247.69,217.29,450.33,303.6,244.99,683.35,351.96,474.91,469.02,401.24,302.17,311.36,265.09,256.05,278.85,290.79,293.53,7.25,79.05375226,3.67236,116.3439359218554,0.8074340688703607,0.8413141215127595,0.02548744757007171,-3.407353165165361,1.1763436538332783,-0.6747924945414319,2.143055120652182,2.7764675224964286,0.6517609317467254,0.8880130150687116,0.017019248811411813,0.8537234126730908,1.367174151642736,0.787086649142843,1.5436666944966149,0.3991825341592481,0.0,-3.3128136894444715,-3.7372744374430056,0.55290539416184,2.876230677928504,1.5984632170416901,1.0633893081603674,-4.375523126841863,2.075199239833836,-0.028147606231865296,2.156191872248936,1.6540769630010388,1.8552764481017725,4.296825385291481,1.2902822693758864,0.6589423939908912,4.621102869405824,2.209138994684068,1.1586977492996198,0.0,1.9536331097868231,0.35088916799237424,3.5284495748093114,3.8636338948282223,1.7974884049641204,0.42512658803053327,2.132086023202895,-5.91619879567391,0.08167674906367495,-0.11539657753854016,0.0,0.18425543008291356,1.0357004255946656,-0.48629917745621754,1.9412483403226766,1.1953799836481593,0.40427101323299297,0.5976849649111493,3.036997077284198,0.05235145394850704,-1.688288525069792,0.5619816079065032,4.370128029448633,-0.5749510258251433,0.7725373514872576,-0.5389017975077773
305.24,349.18,588.59,181.85,338.37,234.2,190.28,294.89,133.93,215.95,296.58,444.22,371.14,2017-03-01,353.91,287.11,612.32,586.43,174.84,203.17,406.37,262.75,330.61,320.39,263.96,232.59,179.51,269.18,275.86,236.34,137.22,224.79,303.38,232.01,311.4,330.85,411.61,39.83,151.31,71.9,284.33,337.37,302.01,367.64,388.21,385.36,343.48,247.69,217.68,453.59,305.19,247.49,684.33,355.0,472.51,469.02,402.91,305.24,313.65,268.26,259.24,281.15,293.93,296.71,7.25,80.0977995,3.66594348,110.8229013433607,1.0108579515878624,1.911153217496242,-0.0016989610853279657,1.9714646563903315,0.43241389496042615,0.9955454692084587,1.8618758238565292,0.5576917912763157,0.00746686578656508,1.5399277707067505,0.9383696626683147,0.6980318623455162,0.5891112835498369,1.9890789188598212,0.8675326386049953,-0.0244939950113654,0.0,1.8705082941251838,2.3102844800531486,0.4760680418687713,1.6191268383732194,0.6250399619462499,-0.03120709050419279,0.6461198411942704,0.7769040760024382,1.0640781403743027,1.43682783167991,-0.10144928406328191,1.4919923807334534,3.9086630902364305,0.7591355559770641,1.1370351064424078,3.768230829426411,-2.125610220591856,0.5637745291416252,0.0,0.07534849031611834,0.0,-0.29164662016674114,4.809051800714048,1.1717311799583463,0.8779862845110564,1.7617007494391324,6.595972410611406,1.4796495084208772,1.6763695321134975,0.0,0.17932275996459524,0.7213058974955722,0.5223487952290995,1.015278376688844,0.14330840075471585,0.8600256698056086,-0.5066401667018106,0.0,0.4153459928608605,-0.17487752183444893,-4.861732533062746,4.383248381786841,0.38268015003808387,-0.19066951168835913,-0.7639130500083272
309.23,353.47,588.65,198.45,339.09,236.41,191.14,297.37,133.9,217.45,298.63,448.49,375.83,2017-04-01,358.03,293.12,613.26,586.43,191.32,219.64,408.55,265.55,332.45,318.93,266.06,234.77,180.49,273.81,280.05,239.43,137.99,225.8,304.11,236.01,309.34,337.93,411.61,39.9,151.21,71.78,293.38,339.61,302.91,370.93,399.52,389.34,348.25,247.69,217.46,458.22,306.8,250.93,701.29,354.81,442.45,469.02,403.17,309.23,316.22,272.91,264.15,285.01,298.0,301.37,7.25,82.29089602,3.653835,111.101114790091,1.298698416481514,1.221106754928769,0.010193333568686569,8.73550077960763,0.21255875508137123,0.9392134658090079,0.4509472273952042,0.8374749248114988,-0.022402270190369222,0.6922039636936717,0.6888352366164696,0.9566449495880924,1.2557563573598607,1.1574138250590948,2.0716663896020115,0.1533967891647947,0.0,9.007614881698256,7.794677540115291,0.5350231188830712,1.060013711134733,0.5550039885124036,-0.45673607522402904,0.7924270740538475,0.9329064578439628,0.5444457893178267,1.7054134391326414,1.5074668008467462,1.2989652345157587,0.5595741500718177,0.4483018671233019,0.2403332898891719,1.7093702823602008,-0.6637263789904146,2.1173672984945213,0.0,0.1755926702264876,-0.0661113338901842,-0.16703790075398572,3.133316163419142,0.6617649486662991,0.2975602274897682,0.8909167070076052,2.8717396210765855,1.027503553916631,1.3791726855631126,0.0,-0.10111689053875494,1.0155711813197854,0.5261536019334656,1.380383862205381,2.448123878999109,-0.05353545442803309,-6.573144701764733,0.0,0.06450972831890667,-0.3308431007235324,0.25072869293403244,4.4102604821231735,2.7404241890692127,-0.5321901933922862,-1.1179108508454905
310.61,351.53,588.66,210.3,340.46,238.24,191.58,295.21,134.58,222.71,301.31,452.46,372.42,2017-05-01,355.38,298.94,613.39,586.43,203.81,228.41,411.66,267.67,334.84,318.42,268.31,236.49,180.13,276.89,276.91,244.07,138.38,226.4,304.21,235.32,303.75,339.41,411.61,39.44,152.54,71.52,295.83,342.23,304.81,373.23,457.98,394.65,353.77,247.69,218.05,462.57,307.99,252.36,681.37,355.45,413.05,469.02,403.21,310.61,317.66,276.34,267.67,287.31,299.41,302.9,7.25,81.26464265,3.5638619,108.9070977630408,0.4452769360228537,-0.5503559990772011,0.001698787914872213,5.799790347957945,0.4032085515675021,0.771098311399232,0.22993321167126268,-0.7290187203148335,0.5065565063045341,2.3901537669111406,0.89342861845223,0.8812976736367162,-0.9114663836174763,-0.7429142255523047,1.9660802871903194,0.021195940241547362,0.0,6.324076848619153,3.915241724987073,0.7583460100137884,0.7951731632826586,0.716333294339222,-0.1600376900764644,0.842118119201718,0.7299612262509747,-0.19965621406905498,1.1185880207268184,-1.1275615010402973,1.919397083937291,0.28223053072018445,0.26536946134658734,0.032877433226197184,-0.29278870130058365,-1.823600095523581,0.4370042682640296,0.0,-1.1595794161383122,0.8757257611515357,-0.3628754854202221,0.8316267952730882,0.7685125234673684,0.6252899988917981,0.6181486034525285,13.656168850697092,1.354629829327969,1.572637180184433,0.0,0.27094687191722144,0.9448478723022902,0.38712454209246516,0.5682623728479719,-2.881601895392727,0.18021574443567445,-6.875881270484463,0.0,0.009920880982416946,-2.4932540682085946,-1.9945526007052905,4.397711022203442,1.1542732548461387,-1.7068858463152805,-1.5327907035563855
309.78,347.81,588.7,207.68,341.51,239.39,191.91,292.73,134.05,222.4,304.47,457.12,374.37,2017-06-01,351.16,300.81,614.04,586.43,201.02,226.61,414.2,269.55,335.75,318.2,268.87,238.0,181.28,278.52,279.99,245.38,138.32,226.83,305.84,231.73,300.03,342.14,308.71,38.52,152.61,71.41,298.64,342.02,294.8,380.57,471.83,398.22,360.59,247.69,222.3,468.06,307.55,254.57,683.21,358.8,409.71,471.68,403.26,309.78,318.46,276.66,267.86,287.34,298.56,301.88,7.25,81.72621353,3.51899,105.672051914219,-0.2675737826862701,-1.0638702451885251,0.0067948630861458525,-1.2536649192928628,0.3079316772561569,0.4815452221334837,0.17210361754100845,-0.8436285024445489,-0.3945953078203779,-0.13929143363311525,1.0432925031226503,1.0246577039851879,0.5222363534256758,-1.1945679458921,0.6235951846275789,0.10591236335448784,0.0,-1.3783781701693698,-0.7911781413708852,0.6151183030629781,0.6999023396443427,0.2714029611491142,-0.06911501641724271,0.20849629653501012,0.6364749931548452,0.636398484422962,0.5869554670182353,1.1061344600326706,0.5352959967636295,-0.04336826956299333,0.18974919092604736,0.5343836993477069,-1.5373389166465579,-1.2322524998223727,0.8011193898491697,-28.767397420383656,-2.360294280450992,0.04587907666904201,-0.15392153042403933,0.9453869593980535,-0.061381076096012066,-3.3391471358076075,1.9475277249657807,2.9793236178986326,0.9005320231477043,1.9094594364417183,0.0,1.9303426681375413,1.1798595976905801,-0.14296392596477858,0.871920778480817,0.26968021151621,0.9380537809148493,-0.811905865007212,0.5655378100622777,0.012399717302358226,-1.267074364172105,-3.0154756304018093,4.403374801444661,1.4028399708317707,-1.2072678569501858,-2.462006365949708
310.24,345.34,591.0,200.39,343.02,240.89,192.55,296.04,134.22,225.43,307.66,465.12,375.11,2017-07-01,348.07,305.08,651.02,586.43,193.5,220.53,417.84,271.87,337.06,318.03,270.1,240.38,182.77,280.42,282.86,246.44,138.33,228.2,306.47,234.39,302.11,348.34,576.25,38.74,152.61,71.97,300.43,340.51,295.7,383.5,499.09,404.17,366.05,247.69,225.26,476.25,312.92,257.02,677.38,360.73,407.73,483.49,403.41,310.24,320.81,278.27,269.18,288.73,298.96,302.13,7.25,81.56111329,3.55986667,108.2060105684868,0.14838233747287433,-0.712691467897475,0.38993013718826575,-3.573296574967344,0.4411793344949011,0.6246376601771075,0.3329348130762355,1.1243897862396324,0.12673800481248776,1.3532127089614043,1.0422716998768067,1.7349498328103508,0.1974703102059827,-0.8838351086079221,1.409520109209339,5.8480291097864345,0.0,-3.8126893126757544,-2.7196738192727388,0.8749635166559244,0.8570108971560408,0.3894120644527099,-0.05343979505703089,0.4564269385443076,0.9950330853167877,0.8185734486654717,0.6798609218638951,1.0198187346588838,0.4310526783333657,0.007229351168902554,0.602159918968681,0.2057781915401513,1.141349384697321,0.6908719810224895,1.7959004279493485,62.4139269417471,0.5695071048925193,0.0,0.7811449958694539,0.5975947141497961,-0.44247211509649276,0.30482665432503,0.7669491963143038,5.616768899250157,1.4830965146310326,1.5028357266475112,0.0,1.3227469649399914,1.7346433612634549,1.7309891162502034,0.9578055591577872,-0.8569864074857492,0.5364625877042783,-0.48444017230773184,2.4729842595277773,0.03718992939587551,1.1549075296381606,2.369646701164818,4.401352595564051,0.8972544326439014,-0.8944018303493925,-0.12436291937846379
311.85,344.57,591.27,194.19,345.46,244.89,192.89,302.11,134.33,226.19,316.25,469.91,377.78,2017-08-01,346.91,308.53,655.32,586.43,187.28,214.64,421.01,274.5,337.77,320.57,279.26,243.01,184.58,282.89,280.53,248.16,138.55,228.6,307.06,239.66,311.07,349.42,576.25,39.16,152.4,71.56,304.19,341.19,298.4,386.37,502.04,407.36,369.4,266.76,226.85,480.6,318.88,257.71,688.25,363.9,408.89,517.3,403.44,311.85,324.18,279.99,270.5,291.19,300.6,303.87,7.25,84.1163138,3.50936957,111.04189359087728,0.517611147779018,-0.22321761380972305,0.04567484664139698,-3.1428406540523923,0.7088107761203943,1.6468732372569406,0.17642179752304088,2.0296609137493427,0.0819214344828012,0.3365664573848903,2.753776291412535,1.024575019540741,0.7092699313740347,-0.33382286604819456,1.124504605401988,0.658330224919812,0.0,-3.2672689287180923,-2.707153393673778,0.7558002241362161,0.9627250080346705,0.21042344352748543,0.7954943296242689,3.3350986715478648,1.0881590232548533,0.9854442071079994,0.8769650210205704,-0.827140447688901,0.6955143281858867,0.15891364222628823,0.1751313932735421,0.19232969271945066,2.2234857577607237,2.922677777153737,0.30956227426592875,0.0,1.0783159683459775,-0.13770042502372348,-0.5713106879194463,1.2437724427237562,0.19950131305206398,0.9089441471173743,0.7455838765378253,0.5893357582323233,0.7861733836842966,0.9110131672487753,7.417141350077561,0.703371549042231,0.9092396861457352,1.8867289647604757,0.2681018838234017,1.5919728727991966,0.8749348556430725,0.2840980579004615,6.7592344853274255,0.00743632645816561,-1.4286680255981787,2.5870634435002593,4.432200529142055,3.694084202780523,-1.4269804431199522,-0.4235095588319499
313.88,343.79,591.32,195.75,348.08,245.97,193.72,306.87,134.68,226.55,322.84,474.68,382.85,2017-09-01,345.84,310.98,656.15,586.43,188.96,215.69,425.59,277.24,338.9,322.37,279.17,244.66,186.13,284.35,285.41,249.21,139.03,229.1,310.7,241.58,317.26,356.49,576.25,38.58,153.38,72.04,310.2,345.16,303.49,393.5,476.0,423.48,371.59,271.29,230.85,484.03,329.42,260.67,701.56,378.79,407.65,517.3,403.56,313.88,326.45,282.4,272.89,293.93,302.68,305.91,7.25,85.15799721,3.46547143,114.0862743814701,0.648844428714046,-0.22662569987650372,0.008456016037694525,0.8001273645384721,0.7555476147286022,0.4400447144822017,0.4293739298879551,1.5633015670266204,0.26021352179519397,0.15903170732567418,2.062380441444134,1.0099705790964641,1.3331251955459145,-0.30891399520704965,0.790951807961271,0.1265755390232215,0.0,0.893052926639637,0.48799855169141537,1.0819855141386725,0.9932296100198634,0.33398881298571936,0.5599292944317824,-0.03223322557142083,0.6766896861578608,0.8362380472810571,0.5147744249617503,1.724607185583249,0.422221509086107,0.34584658724643447,0.21848380987394833,1.1784648168248424,0.7979428922761933,1.9703659742012825,2.003155192374617,0.0,-1.4921810184726603,0.6409859084167024,0.6685261667236375,1.956474456737478,1.1568570775643217,1.691379269796034,1.8285608284768884,-5.326194356082503,3.880897210613732,0.5911028155825448,1.6838981656393415,1.7479142843025208,0.7111564964441541,3.251867589004487,1.1420317801995594,1.9154282867219763,4.010285719011808,-0.3037208105450162,0.0,0.0297397771708674,-1.2587733438111481,2.7047405146068293,4.444508321782545,4.653194036746644,-0.39570003444450397,-0.39322813645869265
320.4,350.57,591.32,218.28,351.34,253.24,194.61,314.89,134.67,222.59,324.03,478.02,386.41,2017-10-01,352.82,315.4,656.16,586.43,211.22,238.41,429.14,281.23,340.22,325.93,296.21,246.85,190.91,287.48,291.55,249.92,139.06,230.43,313.64,250.09,326.0,360.3,576.25,38.57,153.38,71.77,316.7,346.94,304.85,396.79,420.1,424.32,372.54,271.29,235.59,487.82,329.85,261.58,716.99,380.27,409.51,517.3,403.59,320.4,330.04,288.7,279.37,300.29,309.34,313.26,7.25,85.51706698,3.66225909,115.5575211876223,2.055946793493124,1.9529395380193826,0.0,10.894030744711802,0.9322077172812193,2.912807839972942,0.4583738358046041,2.579916635266599,-0.007425283092299395,-1.7634156910627752,0.36792596423209645,0.7011679823391681,0.9255714361535716,1.9981771508883917,1.4113073099268014,0.0015240301453722793,0.0,11.136489186927623,10.014968898591547,0.8306764506142983,1.4289282829220262,0.38873885684305165,1.098268019016757,5.924774697779167,0.8911373086101904,2.535675849632657,1.0947418847433887,2.128477469686807,0.28449521322313487,0.02157574894203762,0.5788539219250488,0.9418014963719301,3.4620171900662022,2.717575438639841,1.0630828784003121,0.0,-0.02592352574466439,0.0,-0.37549588657741495,2.073770280215559,0.5143776693156354,0.4471191326259394,0.8326105622790791,-12.492507605608427,0.1981600082263668,0.25533186838915256,0.0,2.03248571018948,0.7799597084519938,0.13044733143505738,0.3484924541781176,2.1755466611028673,0.38995649236710506,0.4552359910460879,0.0,0.007433562538228244,5.5231516484048,1.2813469940905264,4.4487159698237,4.819219829852717,-0.4766040324642238,-0.2247657843162461
325.18,357.95,591.4,226.52,355.72,255.64,195.01,321.23,135.0,223.06,324.3,480.22,393.53,2017-11-01,360.87,315.19,657.37,586.43,219.66,245.52,432.79,287.89,343.81,330.29,298.02,248.33,194.32,290.53,297.54,251.01,139.17,231.23,313.85,256.56,337.33,355.73,576.25,38.89,153.56,72.87,318.68,351.75,304.97,400.09,405.32,424.39,372.78,271.29,236.78,490.43,329.5,262.77,750.66,380.56,413.27,517.3,403.87,325.18,333.59,291.84,282.36,304.45,314.22,318.8,7.25,86.04794783,3.87905,120.4837146242583,1.4808659973205351,2.0832910614577926,0.01352813854875734,3.705459892757368,1.2389488946202398,0.9432549106155541,0.20532834070747796,1.9934005972364055,0.24474369764790893,0.2109279363871508,0.08329092147798534,0.45917596123006277,1.825832191258403,2.2559770805830937,-0.06660429368157139,0.18423642280867014,0.0,3.9180652041871156,2.9386529691282526,0.8469415887960352,2.3405622853140073,1.049671202260427,1.3288422047472714,0.609193611118819,0.5977642097699132,1.7704171887348963,1.055354858347357,2.033715206093234,0.4351912324295881,0.07907127608897113,0.34657574871754804,0.06693334008200935,2.5541702307105396,3.4164298340846777,-1.2765001619542637,0.0,0.8262375947519551,0.11728677958835476,1.521047024021005,0.6232510967571159,1.3768841661235598,0.0393558760122481,0.8282348319029964,-3.5815899595219136,0.01649562280610084,0.0644018698801041,0.0,0.503843392859693,0.5336071950972077,-0.10616517263182246,0.45389607821011424,4.589092605639777,0.07623253921229534,0.9139809364867801,0.0,0.06935328343766756,5.751008358948839,4.1746170518917936,4.454904673796758,5.20059475824004,-1.165320871485813,-0.44873874009476383
327.41,363.38,591.36,221.1,358.47,258.65,195.46,326.65,134.77,223.11,324.39,482.5,393.72,2017-12-01,366.83,314.72,656.8,586.43,213.91,241.67,435.6,294.38,344.48,332.47,297.93,249.64,201.71,292.66,300.79,251.79,138.75,232.32,315.49,265.56,339.64,358.07,576.25,38.52,153.56,72.77,320.0,354.38,306.75,402.4,397.33,424.44,372.77,271.29,237.3,493.28,328.49,266.01,739.11,380.87,412.22,517.3,403.99,327.41,336.0,293.33,283.9,305.86,316.5,321.35,7.25,88.29286057,3.84770476,121.9934570257262,0.6834332980635516,1.5055806832100949,-0.006763840511236907,-2.421815338220412,0.770106999833331,1.1705591667442228,0.2304915610540803,1.6731883824704141,-0.17051566573620391,0.022412981692809808,0.027748231228308384,0.47365885464101254,0.048269292775859896,1.6380742804293469,-0.1492276951373661,-0.08674677336175662,0.0,-2.652553054648532,-1.5805251116590924,0.647176915390979,2.2292987032296985,0.19468544120124776,0.6578574030111639,-0.03020387639374178,0.5261373263270919,3.7324737619324644,0.7304684480564205,1.0863677113119863,0.31026277872285846,-0.3022454805218011,0.4702845470554884,0.5211820994329486,3.447824846605929,0.6824553423608215,0.6556481878811304,0.0,-0.9559561237731273,0.0,-0.13732493231959353,0.41335312816066505,0.744908773542452,0.5819672477072935,0.5757096986251042,-1.9909708919866986,0.01178092198852454,-0.002682583327917598,0.0,0.21937234582276588,0.5794406835538446,-0.3069957881550067,1.2254777216917923,-1.550605988917031,0.08142574291207794,-0.2543944969096934,0.0,0.02970811796174644,-0.811347400666107,1.2452816907450703,4.480659250094148,7.5557789161257105,-1.3640978970449475,-1.0270443955874895
330.75,369.45,593.67,207.78,366.86,264.95,200.19,330.9,133.44,225.92,325.12,487.35,405.36,2018-01-01,373.07,318.65,694.48,586.43,200.5,229.19,439.17,302.07,349.16,346.06,312.3,253.17,204.24,296.17,302.8,255.2,139.4,239.13,329.26,268.55,345.99,360.13,748.38,38.6,151.55,72.79,321.54,357.25,314.59,409.83,399.67,424.81,373.97,271.29,239.57,498.83,329.19,269.28,755.22,383.96,443.35,530.76,453.98,330.75,340.93,295.34,285.23,308.87,319.84,323.92,7.25,86.60977076,3.7723087,128.4351751275419,1.0149594847020715,1.656629456036196,0.38986404156569066,-6.213526022101501,2.313532935643181,2.4065332489247027,2.3911160672935416,1.2926953640806538,-0.9917683170630909,1.2516030921558396,0.22478493245072784,1.000163000417853,2.9135564406643333,1.6867544118398747,1.240996711955411,5.578380594533439,0.0,-6.4741119067090125,-5.302180532357426,0.8162190792624813,2.5787328831191836,1.3494236251095693,4.006253996707354,4.710570470565578,1.4041319772142735,1.2464750619987086,1.1922088123009544,0.666017472107594,1.3452144707788882,0.4673745699879994,2.889160547151004,4.272072646200531,1.1196312500509897,1.8523639774794098,0.573657936302574,26.136927605481475,0.20746895408603194,-1.3175766628784835,0.027480077117125745,0.48009569410423225,0.8066033080053714,2.523712013253565,1.8295820781975891,0.5872036947944359,0.08713571349092675,0.3213972823103539,0.0,0.9520486279180673,1.1188392205873754,0.21286956098061083,1.2217828382470763,2.156233786327544,0.8080270942189216,7.280233841086492,2.568696465876652,11.666301902800047,-1.978960299291943,5.1456890971575575,4.461412635531922,5.427683287675311,0.048303263800634,1.4777333266800268
333.17,377.74,593.86,199.29,368.78,268.2,205.33,331.92,133.74,230.18,325.77,492.0,408.69,2018-02-01,381.34,326.99,697.53,586.43,192.08,220.7,441.59,308.66,351.22,345.9,318.27,255.31,205.52,301.27,304.02,257.69,146.24,241.9,337.92,273.28,341.87,361.69,748.38,38.4,152.18,73.14,323.75,355.85,316.68,414.81,442.85,424.78,375.41,271.29,241.49,503.77,331.49,272.17,760.58,387.18,445.73,553.14,454.48,333.17,344.01,297.59,286.63,310.55,322.3,326.33,7.25,86.04437923,3.77802,126.3611096663866,0.7290067229731356,2.2190715033043595,0.03199919187242273,-4.17187772971257,0.5219956390813962,1.2191841908807177,2.535152538378238,0.307776109704605,0.2245678015396102,1.8680657235467635,0.19972659468558973,0.9496165709088622,0.8181361278425392,2.1925296039515096,2.583626762958602,0.43821594397206454,0.0,-4.290229483362573,-3.774704060862444,0.5495267927519087,2.1581568877052426,0.5882537880559369,-0.046245448537884926,1.8935814850257415,0.8417293246731461,0.6247579868399633,1.7073258855347717,0.4020967152579935,0.9709760622961916,4.790160937941668,1.1517080508040678,2.596146885796635,1.7459794248735783,-1.197932506518029,0.4322413978064432,0.0,-0.5194816877104103,0.41484272445648784,0.479682959106853,0.6849660278932745,-0.3926523064696319,0.6621596579677202,1.2078144501130872,10.25919056473974,-0.007062230019805327,0.3843181756665537,0.0,0.7982414646905411,0.9854458362316798,0.6962551587580634,1.0675140622343982,0.7072202586731358,0.8351320680467289,0.5353861710962526,4.130119237032215,0.11007640413156494,0.15128615762944886,-1.628054564937731,4.454863200710055,4.5852375285774905,-0.17425471123987327,-0.6282690590898748
336.48,385.4,593.87,201.38,370.39,270.3,209.23,334.43,133.87,231.36,328.83,496.07,411.49,2018-03-01,389.24,331.76,697.76,586.43,194.18,222.69,444.25,311.93,353.77,345.77,318.91,256.66,207.79,306.75,307.49,260.23,153.76,242.92,339.46,277.24,343.11,362.3,748.38,38.34,152.42,72.97,328.25,360.04,317.8,417.75,449.14,431.86,380.45,271.29,242.58,507.06,338.15,272.35,773.02,389.72,450.87,570.75,457.06,336.48,347.23,300.32,288.89,313.15,325.67,329.83,7.25,86.09304776,3.88087727,126.09625394120792,0.9885841729593281,2.007562771256577,0.0016838843845512486,1.043262014220936,0.43562442903848364,0.7799482434823979,1.8815684383752362,0.7533614080631246,0.09715631719737772,0.5113327430055215,0.9349288998823369,0.8238329307112657,0.6827796039189593,2.0504754317490104,1.4482226548237165,0.03296805711832107,0.0,1.0873612029000945,0.8976356534874164,0.6005617255811835,1.0538456190197998,0.7234176714050911,-0.03759018073088427,0.20088521774885848,0.5273758731599187,1.0984601510160452,1.8026210948383081,1.1349077676698904,0.9808543264954395,5.014383751614204,0.42077534133930783,0.4546938655543009,1.438664644957921,0.3620547620458936,0.16851065466250148,0.0,-0.1563721976182375,0.1575837489594889,-0.23270149437060184,1.3803900169158112,1.1705842643603859,0.3530453799382549,0.7062583406867162,1.4103530894803207,1.6530073806585222,1.3336000572384599,0.0,0.4503488512931142,0.6509525078414846,1.9891940762550853,0.06611327648435861,1.6223621355732298,0.653883138133704,1.1465662077133842,3.13401513713476,0.5660765055866435,2.686116572222441,-0.20982221992946748,4.455428662064367,4.468928955654583,-0.47255996743603423,-0.8753570379780857
342.78,384.6,593.92,222.32,375.15,276.01,210.19,346.28,133.82,235.23,331.06,501.78,421.03,2018-04-01,388.35,332.05,698.48,586.43,216.22,238.54,447.53,317.77,358.12,351.35,332.22,259.84,209.94,310.68,310.05,262.89,154.39,243.9,341.89,289.99,356.78,364.98,748.38,38.28,152.42,72.91,330.54,369.82,319.06,423.61,480.77,436.97,384.06,271.29,243.6,512.22,345.06,277.61,806.15,391.52,450.13,585.6,456.99,342.78,352.93,307.13,296.48,320.63,332.09,336.81,7.25,87.15538613,4.0530381,128.0849939119876,1.8550130010035915,-0.2077922825586498,0.008418996629000475,9.892411494677944,1.2769441424334893,2.0904643662447597,0.45777582207282563,3.482010624232945,-0.037356644313568665,1.6588819940539956,0.6758727936277964,1.144473082206865,2.2919371565680358,-0.22891250881320602,0.08737440485964143,0.10313414080957983,0.0,10.751084392262644,6.875634135295794,0.735610753927407,1.8549046990789186,1.222114130419616,1.6009063502392173,4.088846874615282,1.231380515699776,1.0293821295862315,1.2730359960426263,0.8291008403315203,1.0169838377318108,0.40889234318530754,0.402613419249942,0.7132928165908936,4.496288257757097,3.9068249861886173,0.7369959659637715,0.0,-0.1566171032745256,0.0,-0.08225939591897102,0.6952167529775011,2.6801264389956003,0.3956918770235518,1.3930053149684873,6.8054342117235045,1.1763081206809467,0.9444027759434981,0.0,0.4195982955007338,1.0124880465824049,2.022873093276889,1.9129247208906186,4.196490793581642,0.4608067137220395,-0.16426196812187044,2.568567723719628,-0.015316448801883098,4.34055194523264,1.5648523015345361,4.467692573039666,5.535510167355007,-0.7860805643879124,0.3517593720513394
348.34,390.19,594.83,233.91,378.73,278.42,210.91,354.31,134.28,238.15,334.48,509.07,429.7,2018-05-01,394.19,334.67,713.37,586.43,227.24,251.99,450.71,325.46,362.1,353.57,332.05,262.53,213.83,314.64,314.5,265.23,154.78,244.91,342.91,296.08,367.32,370.59,748.38,37.73,153.65,73.67,333.1,370.61,319.09,425.28,508.84,442.84,391.02,271.29,245.47,519.41,351.16,280.09,845.52,393.4,453.44,585.6,457.09,348.34,357.96,311.64,301.51,325.69,337.73,343.14,7.25,85.86450981,4.39787391,132.8524903043191,1.6090172339213282,1.442996682279496,0.15310202780316473,5.081864055537011,0.9497604157065354,0.8693668015571809,0.34196186256352235,2.2924539793905296,0.34315587571631667,1.2336968335929122,1.0277459216290197,1.4423755031355512,2.038320072999955,1.49260316976072,0.785941170660287,2.109367439336385,0.0,4.971031982430052,5.485239303384493,0.708054258443358,2.3911715578795345,1.1052291005640313,0.6298607897067932,-0.05118400762089692,1.029930424253589,1.8359531193892664,1.2665684572107594,1.4250501344608146,0.8861680349953716,0.25228851884779857,0.4132490895662144,0.2978974165637638,2.0783248450546132,2.911405742220019,1.5253772656162568,0.0,-1.4472032608534136,0.8037420338522061,1.0369856876383032,0.7715064486953693,0.21338959787495781,0.009402178178241627,0.39345548996925217,5.674464002037993,1.3343988137770602,1.7959919190377427,0.0,0.7647204339186864,1.393933177725426,1.752364510428972,0.8893729054991972,4.768199329134326,0.4790306260597177,0.7326526569421787,0.0,0.021879923069967333,8.165447382554646,3.6545358767354763,4.45277058657425,3.8946333691876944,-0.38551902372347824,-0.38714779677826
357.44,413.51,594.96,231.23,382.64,284.66,212.69,363.74,140.67,243.29,337.33,517.92,437.23,2018-06-01,419.13,339.15,715.38,586.43,224.64,249.08,454.04,335.04,366.33,355.71,336.4,270.73,222.45,321.35,317.33,268.88,157.0,246.23,345.02,307.72,373.29,378.55,748.38,38.25,162.27,75.97,336.58,365.7,320.54,426.82,551.75,445.82,399.81,271.29,244.5,528.78,355.73,284.23,869.56,397.7,459.51,591.05,457.57,357.44,365.85,317.01,306.98,331.02,346.99,353.58,16.25,83.42943182,4.62822,131.6419417075388,2.578850157719703,5.80478979907042,0.021852595923199658,-1.1523539823742546,1.0271049223238293,2.2164720682058103,0.8404204328930298,2.62670905573934,4.648954965777019,2.135342017716102,0.8484592659244505,1.723525852508967,1.737208164853854,6.134810776724198,1.3297515698763362,0.28136501501796474,0.0,-1.1507606851480112,-1.1615274180116764,0.7361182728669924,2.901036144970437,1.1614149741444812,0.6034306602814787,1.3015368112070824,3.075665305407771,3.952105045050658,2.110174369374107,0.8958165725910128,1.3667809331027847,1.4241051505994307,0.5375262362167454,0.6134364300666384,3.856059051283278,1.6122194710328053,2.1251834332483455,0.0,1.3688026296325706,5.458432597495211,3.074286482040822,1.0393117085293113,-1.3336971602254444,0.45338789107951527,0.36146031609440854,8.096141984883598,0.6706752121520054,2.223072468740117,0.0,-0.39594312600019776,1.7878914312100314,1.293005607649711,1.4672789463576308,2.8035513887886054,1.0871046258686512,1.3297747842256236,0.9263653549284712,0.10495704284956275,5.105112306287585,-0.9153743164409534,4.424001146630695,0.8778454586607864,0.8154666084510538,0.7272870248649241
359.41,412.35,599.46,224.14,386.86,289.85,215.24,367.71,140.51,247.22,340.92,529.6,439.78,2018-07-01,417.28,345.69,788.8,586.43,217.32,243.16,459.33,341.6,371.72,357.87,341.01,278.34,225.29,327.51,321.83,276.54,157.72,248.3,357.21,312.05,376.72,381.55,748.38,39.51,160.75,76.39,340.16,372.1,323.03,432.7,578.74,452.22,407.84,271.29,244.78,540.26,365.75,288.32,864.54,399.6,466.59,609.29,457.85,359.41,369.61,320.04,309.82,333.88,348.87,355.45,16.25,85.45026962,4.74800909,129.8286188969794,0.5496282232901883,-0.2809194688814465,0.7535073577937368,-3.114202954199463,1.0968271101909899,1.8068062143262509,1.191797809476558,1.0855257322312184,-0.11380611513551742,1.6024481035646687,1.0586165946542714,2.2301214444864215,0.5815229441137326,-0.4423675032271923,1.9099932301943845,9.769893324232992,0.0,-3.3128199154123905,-2.4054467123729495,1.1583606097974375,1.9390534232242906,1.460631617609831,0.6053999823874889,1.361087426793528,2.7721373721780296,1.268610393700076,1.8987717142992189,1.4081213952606753,2.8090292543621054,0.4575503661119029,0.8371634034417319,3.472145776559543,1.39731527893181,0.914660847964921,0.7893739186327409,0.0,3.241024415075433,-0.9411251433716572,0.5513272038138339,1.0580232868655948,1.7349310197241508,0.7738124601182506,1.3682268545013976,4.775828149660999,1.4253503970647508,1.9885506368059858,0.0,0.11445390392657018,2.147803882516186,2.7778023765728577,1.4287204862815095,-0.5789763016079696,0.4766094560753942,1.5290223380006296,3.0393728646997076,0.061174107782679954,2.5553046301375115,-1.3870409564342268,4.447934564852116,3.1376096406859233,0.46926700715723974,0.6372175016380531
367.66,412.61,602.0,220.58,401.77,303.08,217.13,384.08,144.2,253.68,343.62,539.58,465.52,2018-08-01,417.28,348.91,799.34,588.44,213.49,240.74,464.09,357.88,375.77,383.95,363.45,292.05,233.96,336.96,331.81,284.67,159.03,250.95,358.79,330.34,394.14,386.36,561.28,40.9,164.64,79.64,350.09,382.64,327.87,444.63,588.58,455.45,411.83,271.29,251.23,547.64,385.14,294.48,986.99,402.25,478.04,609.29,458.35,367.66,380.74,327.44,317.09,343.96,357.21,363.54,16.25,85.19034891,5.73019444,127.5126804438963,2.2694799940987664,0.06303336128024029,0.4228195335838514,-1.6010415745880913,3.7816915107439897,4.463324927743084,0.8742567884461039,4.355628020150082,2.5922564232599754,2.5795001770415382,0.7888549979723436,1.8669054531680551,5.688045847778955,0.0,0.9271589595558183,1.3273583879714224,0.3421658500170288,-1.77809285190893,-1.0002149928932447,1.0309592949504953,4.655727276498034,1.0836371407019207,7.034254381458815,6.372993356391632,4.808163249461117,3.7761699385773895,2.8445639985323012,3.053906012090568,2.8975138693304814,0.8271554658398017,1.0616023586821122,0.4413414985008579,5.695899571289242,4.520397019713762,1.2527673575452702,-28.769098062190945,3.4576258625456546,2.391090896801007,4.1664681642727075,2.8774169131461136,2.793196401946485,1.4871990190080453,2.7197828406094082,1.6859529655557814,0.7117154107385559,0.9735702210880604,0.0,2.6009006260636625,1.3567631600769126,5.165686465150809,2.1140114650792796,13.246233409699837,0.6609739098093925,2.4243483274101862,0.0,0.10914648540438776,18.802407259738672,-1.799945042010176,4.444888151714868,2.703028042008171,2.2065353329262525,2.758536535943631
390.84,439.01,602.41,229.34,424.11,337.67,222.13,419.21,145.8,270.47,357.3,565.3,500.05,2018-09-01,444.58,364.56,806.07,588.44,222.3,249.01,468.29,408.66,378.01,417.14,400.0,336.9,270.94,367.82,364.35,306.21,162.61,256.78,367.2,375.35,418.92,407.01,561.28,43.13,164.64,92.32,407.08,412.36,332.64,490.71,565.4,468.5,413.66,296.86,259.07,573.58,404.25,318.22,1075.8,427.44,499.7,609.29,461.09,390.84,404.13,349.37,338.52,366.79,380.81,388.96,22.5,82.48476044,6.36687,131.713928708743,6.113967102141693,6.201935496684641,0.06808313046846592,3.8945177732157887,5.411306996565912,10.807229013698816,2.276654356385066,8.752112346145502,1.1034594723708935,6.408755617581985,3.903936939554331,4.656550452676633,7.155303307411032,6.337255696452981,4.387713766603607,0.8384200202599779,0.0,4.043782780591787,3.3775543349271686,0.9009263193869188,13.268577980188656,0.5943396199956652,8.290956109193637,9.582281117733693,14.286112992618882,14.674723357776553,8.762945912522468,9.355242817637333,7.2940526429739805,2.226183216980626,2.2965971061995383,2.3169399630133647,12.773649692606703,6.097379477250797,5.206817785423112,0.0,5.308874761099602,0.0,14.774432356379386,15.081946203868668,7.480215485614217,1.4443635753011108,9.861084630161088,-4.017941102952349,2.8250160487657716,0.4433737532491655,9.007228777611953,3.0729441238548816,4.627928440848272,4.842659390547421,7.753187840894515,8.615994216924605,6.074014177702303,4.431350735147888,0.0,0.5960167300130159,10.535851921398143,3.2416549928232286,4.4126135543380425,-0.6535814359120984,12.718258248640911,7.260265687784879
401.27,453.16,603.51,258.56,441.7,349.28,225.41,415.66,148.79,276.06,357.32,573.91,508.11,2018-10-01,458.98,375.5,823.97,588.44,252.34,274.03,472.13,430.03,383.8,447.97,398.24,352.05,286.22,388.64,393.27,321.68,165.08,260.17,373.93,364.56,424.66,404.3,561.28,43.24,168.81,94.45,434.62,433.76,338.97,509.13,550.39,469.36,413.72,296.86,257.78,586.24,392.91,337.41,1032.55,432.75,525.54,609.29,461.97,401.27,411.84,359.05,347.37,376.93,391.41,399.28,22.5,80.78822279,5.85937273,132.8267485623901,2.6336248362660797,3.172307214627512,0.18243337950849536,11.992215672257167,4.063806305543061,3.3804805601472587,1.4658170124337566,-0.8504369293212299,2.030009626504814,2.0457046989520222,0.005597380427424525,1.5116025919702736,1.5989866148615306,3.187661986370216,2.9567324248562343,2.196353410896279,0.0,12.674956352944466,9.574453314481524,0.8166609263729363,5.097145921455137,1.520093327748473,7.13043690185744,-0.4409708488699593,4.398706055263535,5.486335173013934,5.505977718302724,7.638145476153646,4.9286121505502045,1.5075509046750035,1.311557634217042,1.8161955375095573,-2.916777706338447,1.3608877848702683,-0.6680578518601266,0.0,0.2547182111255708,2.501255002755798,2.280979118772919,6.546235976785919,5.05946315221717,1.885078377956173,3.685006475273944,-2.6906327410058495,0.18339629391279644,0.014503613842542507,0.0,-0.4991787476744669,2.1831840871672448,-2.8452920447795016,5.855584060432939,-4.103310002634153,1.2346266406803252,5.0418387052893365,0.0,0.19067022005163636,-8.30654278499383,0.8413272614206768,4.391831197353881,-2.863210850580078,5.2124538850315,0.4106839496212433
395.48,449.8,604.56,264.7,443.79,339.32,226.7,388.79,147.9,270.31,357.38,576.29,503.21,2018-11-01,455.31,375.66,841.11,588.44,258.36,280.42,475.07,434.86,386.49,448.24,367.71,353.28,275.88,396.15,405.73,327.36,166.54,261.14,376.04,316.8,417.51,398.47,561.28,41.94,168.88,88.51,442.87,439.29,343.19,511.55,517.19,469.35,413.66,296.86,258.29,590.88,384.7,344.87,971.17,433.84,520.74,609.29,462.44,395.48,405.54,353.75,340.87,371.45,385.48,392.3,22.5,80.64791257,5.37349091,121.4560298540955,-1.453430040987147,-0.7442224480072923,0.17383103038737246,2.3469333900325573,0.4720558969773414,-2.893027786209945,0.5706591319614596,-6.6828266300021255,-0.5999546122851918,-2.104878486691497,0.01679026168766029,0.41384166175504333,-0.9690381568380424,-0.8028130486401608,0.0426007781085147,2.0588326610737617,0.0,2.3576576664676274,2.3050889847309186,0.6207790205817965,1.1169166511079354,0.6984410897943327,0.06025373699660719,-7.9760254598098435,0.34877326835331957,-3.6794757319639437,1.9139462157387932,3.1191514866397263,1.7503220174243772,0.8805315923292589,0.37213984747843654,0.5626906588918956,-14.042048701535581,-1.6980352653775732,-1.4524963558968373,0.0,-3.052596729723378,0.04145814267682013,-6.495505396673273,1.880418716297072,1.2668401484919656,1.2372621770898817,0.47419456336657007,-6.221680601877377,-0.0021305834604135043,-0.014503613842542507,0.0,0.19764767028682684,0.7883689058542309,-2.111676825117126,2.1868726341788935,-6.128521960574851,0.2515608476485909,-0.9175428518844342,0.0,0.10168648986894624,-8.656478153456515,-8.949333358146738,4.390092921657213,-3.173665245642354,-0.6890265017378454,-4.815967578745276
393.88,454.64,605.52,253.89,443.54,339.77,228.1,378.82,147.74,269.64,357.45,578.07,507.12,2018-12-01,460.64,374.92,856.77,588.44,246.28,275.0,477.48,436.82,384.72,445.91,367.01,352.02,275.16,400.84,406.23,330.32,168.07,261.89,379.76,313.82,394.28,399.96,523.86,41.72,168.88,89.05,445.27,435.27,342.29,507.35,514.06,469.77,413.74,296.86,258.02,593.14,383.98,347.64,982.16,433.92,520.01,609.29,462.73,393.88,404.12,352.44,339.34,368.51,383.82,390.41,22.5,79.32883321,5.30612381,115.8940992555142,-0.4053922649331021,1.0702857463650517,0.15866722884476658,-4.169600688293151,-0.05634882323715118,0.13253031729698606,0.6156571776859465,-2.5978193862310484,-0.10823976161624671,-0.24817125432790021,0.019585076234562848,0.30839623874223676,0.774008397315118,1.1638321223801817,-0.19718091069886867,1.8447056424491848,0.0,-4.788486112126211,-1.9517381626413588,0.5060112628803459,0.4497070721352081,-0.4590197502135851,-0.5211665322030434,-0.19054883814293433,-0.35729514828517495,-0.26132419052773415,1.1769417778877411,0.12315879186175493,0.9001398814572958,0.9145038480801837,0.28679062923933074,0.9843953532712391,-0.9451086809348475,-5.7247179302633455,0.37323290198916226,-6.899541669299225,-0.5259395341202122,0.0,0.6082469754884912,0.5404566491465701,-0.91932590395718,-0.26258986904084125,-0.8244231599856988,-0.6070321670576639,0.08944544424611678,0.019337684372544572,0.0,-0.10458833825115477,0.38175077188729034,-0.18733418602403518,0.7999927143430341,1.1252697665532274,0.018438277917098844,-0.1402834724412827,0.0,0.06269118313344535,-1.2616184257897123,-4.687546640341722,4.373601659150787,-4.967441729866984,-1.8727355375642925,-2.323015126309622
398.07,483.87,609.26,233.7,429.81,341.98,236.21,379.59,148.84,278.22,357.71,584.28,525.48,2019-01-01,492.36,375.64,919.72,588.44,224.46,261.54,483.82,438.43,365.41,414.79,368.01,351.56,277.64,403.61,403.5,334.74,169.03,273.06,405.57,311.52,398.01,403.35,561.28,41.41,170.86,89.53,454.62,440.21,347.4,510.18,606.51,469.59,412.62,296.86,262.55,599.32,388.91,351.95,1006.04,436.18,538.78,658.86,561.95,398.07,405.93,353.09,339.48,366.96,387.98,396.89,22.5,80.70445519,5.36939091,117.0180204454038,1.0581574836853846,6.231037860833499,0.6157512993008929,-8.286286080531191,-3.1444738766492897,0.6483337707942738,3.4937110579273956,0.20305646406866273,0.74179313778302,3.1324431646186035,0.07271100493735361,1.0685351376689134,3.5564468625396195,6.659332937822882,0.19185680581275122,7.089977137886816,0.0,-9.277158245489936,-5.018386218821558,1.3190662491084026,0.36789530212049115,-5.14957861312304,-7.2344769874086445,0.27210160730160027,-0.13075984693795561,0.8972563813570034,0.6886719989318557,-0.674301395283905,1.3292229507657183,0.5695654673610662,4.176698298431969,6.5754010801360785,-0.7356031507033123,0.9415813799696693,0.8440129275334662,6.899541669299225,-0.7458232575095813,1.1656104183407123,0.537575491039366,2.0781065425310885,1.128535758547411,1.4818522837249049,0.5562503900663707,16.53812261342633,-0.03832396572205354,-0.2710684655102824,0.0,1.7404438786877918,1.036522035181786,1.2757486484145986,1.232165848488087,2.4022883428046704,0.5194816877104103,3.545928216259675,7.821672399429325,19.426914732582024,1.1852888101845371,0.9651107165941752,4.390793780567429,-3.4034731355943926,-0.7618915549678555,1.2468422384439748
398.71,488.24,609.94,222.45,429.84,342.2,242.06,382.29,148.34,277.2,363.56,589.39,523.44,2019-02-01,497.04,376.45,931.2,588.44,211.52,257.03,486.57,438.95,358.65,415.13,368.93,351.54,277.79,404.66,409.34,333.38,178.98,275.93,408.21,311.41,406.83,401.3,523.86,40.46,171.25,88.52,458.92,448.4,348.46,514.73,582.0,484.24,422.06,296.86,263.04,605.2,389.65,349.39,1002.49,440.28,543.82,673.69,562.13,398.71,407.66,352.57,338.58,366.9,388.61,397.63,22.5,81.63313129,5.262055,118.7566424704218,0.16064663712418437,0.8990812639038559,0.11154856799722168,-4.933588429276181,0.006979584717559106,0.06431056376463573,2.4464389440841394,0.7087760023015477,-0.33649671700093364,-0.3672900315676131,1.6221742988335563,0.8707783770537603,-0.3889720039823352,0.9460349513343402,0.2153998359718301,1.2404801083373052,0.0,-5.93779609247882,-1.7394425878220154,0.5667839449785994,0.11853474227478955,-1.8673028265733471,0.08193561283533768,0.24968124350568388,-0.0056890911691809265,0.05401220807179641,0.25981431716024517,1.4369618841299392,-0.40711305705505296,5.719785379262632,1.0455659104338544,0.6488262826453095,-0.035316970171006545,2.1918277171028677,-0.5095394110112395,-6.899541669299225,-2.3208565817876448,0.22799694188622155,-1.13452494632158,0.9413997759605053,1.8433805416827376,0.30465921877551594,0.887888671478354,-4.125076856290644,3.0720678015190295,2.262041146436644,0.0,0.18645717839467224,0.9763302739257185,0.19009459074146307,-0.7300343256030573,-0.35349272320024383,0.9355885966110478,0.9310985426965068,2.2258995616665445,0.03202619058049194,-2.0192842643731446,1.474843410474147,4.402235200276741,-2.427392970256026,-1.4974445851980474,-1.6066729322738995
402.81,500.14,609.99,223.47,430.98,343.23,250.48,385.14,147.91,277.82,368.84,593.31,526.48,2019-03-01,509.94,376.84,932.07,588.44,211.72,261.13,489.21,438.76,358.12,416.25,370.31,350.36,279.21,405.65,408.0,334.27,196.59,277.22,410.01,307.04,421.34,401.07,561.28,39.71,171.48,87.27,466.61,456.57,352.51,504.77,593.72,495.66,432.07,296.86,263.15,609.2,392.35,348.81,1019.78,444.11,552.15,673.69,562.31,402.81,410.01,353.54,339.53,368.92,392.78,402.04,22.5,84.08054585,5.4419381,119.372708082525,1.0230651165029414,2.408097099326856,0.00819719164670829,0.4574819604243885,0.26486388941995287,0.30054149228693205,3.4193447707692393,0.74274216594441,-0.290295562513343,0.22341546534949686,1.4418600420371241,0.6628924248895274,0.5790933586379943,2.5622565983152157,0.10354578843356776,0.09338421841436073,0.0,0.094509032646517,1.5825558010939211,0.5411068973587341,-0.04329448290842919,-0.14788568064876273,0.26943171053881443,0.3733568538082821,-0.3362305489864603,0.5098754313627829,0.24435104900248916,-0.3278932147141589,0.2666069129547033,9.384627396480294,0.46642044242632963,0.4399801773942613,-1.4132339662789484,3.504470093036094,-0.05733016097302368,6.899541669299225,-1.87107865964391,0.134216458744163,-1.4221754007628817,1.6617888059824004,1.8056337716813253,1.1555544649503702,-1.953961135655824,1.9937380025125684,2.3309556219037297,2.3440128130397753,0.0,0.04180999319727263,0.6587639106806265,0.6905398283912234,-0.16614154494831723,1.710001267154837,0.8661391340377023,1.520143874378288,0.0,0.03201593709540873,3.361363093871117,0.5174221364510956,4.431775218579021,0.34374020408716177,-1.243237520772968,-1.4137878415112146
409.63,507.12,651.31,235.45,432.57,352.31,251.7,389.74,147.47,280.7,373.49,600.02,536.67,2019-04-01,517.38,378.55,932.36,632.26,223.56,273.27,492.19,441.17,359.51,416.66,391.89,359.1,285.32,402.95,413.48,334.62,196.62,279.24,412.99,310.25,427.63,404.72,561.28,39.14,171.49,87.78,471.61,460.02,351.66,507.28,624.71,506.6,439.2,296.86,265.47,615.0,401.32,354.36,1050.87,447.7,557.48,673.69,567.4,409.63,417.39,358.68,344.81,374.17,398.57,408.6,22.5,83.6112896,5.73577143,122.7740089151012,1.6789326477994138,1.3859602746403077,6.5543155751695,5.222139983326901,0.36824776718997754,2.611069346261985,0.48588251231196367,1.1872945584246786,-0.29792154204297816,1.0313061398593781,1.252828478179424,1.1245959991893706,1.9170036323369999,1.4484542453697458,0.4527470368848263,0.03110870371525465,7.182573457125496,5.44151874117107,4.544194981375327,0.6072975664936919,0.5477722150828868,0.38738674199594314,0.09845002055826058,5.6640695480671965,2.4639703937149093,2.1647170544108363,-0.6678234070553124,1.3341971296122246,0.10465099850289761,0.015259021926272709,0.7260212316993808,0.7241829948012146,1.0400391825326594,1.481822701866431,0.9059494320540651,0.0,-1.4458083175230119,0.0058314138279058625,0.5826923084867985,1.0658581858156602,0.752793788404027,-0.24141909278698748,0.49602394077954415,5.087971429852711,2.183152976510616,1.6367278040756439,0.0,0.8777628147581318,0.9475646785510605,2.2604815483929563,1.5785984195204605,3.0031474764152577,0.8051085751352716,0.9606879758169207,0.0,0.9011223133716051,5.258698837530051,2.8094740217503578,4.4261785540353635,-0.41542177958948656,-0.94048000351201,0.17299664868550682
413.52,501.16,709.14,245.08,434.32,346.74,251.77,398.25,147.56,285.93,378.42,609.71,544.63,2019-05-01,510.45,383.52,933.13,693.56,233.67,280.8,496.11,447.19,354.02,418.03,373.71,356.17,283.25,406.97,414.04,336.18,197.0,278.97,413.21,321.85,432.46,408.74,561.28,38.88,171.94,88.67,476.2,457.17,350.93,511.02,692.06,516.07,447.85,296.86,268.91,625.19,406.72,354.97,1093.05,451.36,561.94,673.69,567.73,413.52,424.56,364.31,349.37,379.52,400.9,411.34,22.5,84.30787227,6.04944545,119.6451712203985,0.9451567657063897,-1.1822250598559236,8.506724891014894,4.0086111167890515,0.40374266105303036,-1.5936250285840003,0.027807019465342364,2.1600098654169564,0.061010746562573104,1.8460542249806977,1.3113459450879716,1.6020446294269242,1.4723284553103788,-1.348492457726369,1.3043606136759145,0.08255204195446453,9.253705172320625,4.423002919846919,2.7182354726827285,0.7932855523982596,1.355327153733743,-1.5388584472904476,0.32826587840810717,-4.750109260047086,-0.8192756270372747,-0.7281457501721711,0.9926987881643257,0.13534418152660876,0.46511711757304397,0.1930796799210377,-0.09673779439856034,0.053255871508017805,3.6707174413908916,1.1231500828760232,0.9883787096709007,0.0,-0.6664982375691686,0.26206228782426066,1.0087929131827877,0.9685561203839121,-0.6214653828979344,-0.2078026338804051,0.7345608989267838,10.238511500621161,1.8520677627877902,1.9503464725883823,0.0,1.2874911181901538,1.6433335731246501,1.336587394367772,0.17199333184096943,3.9353561280070615,0.8141882006765577,0.7968454377124345,0.0,0.05814312180927317,5.324435250759096,-2.581488352490613,4.434475244633562,0.1962809835115209,-1.2409095078976777,-1.2590852773782522
413.63,492.9,709.43,241.24,435.43,348.73,253.21,400.11,148.12,285.82,384.11,625.87,554.76,2019-06-01,501.0,388.73,936.35,693.67,229.92,276.74,500.36,450.76,346.65,419.07,373.73,357.66,285.29,408.88,416.93,340.51,197.33,281.31,415.75,325.18,426.48,420.76,561.28,38.84,172.8,87.13,477.6,439.87,353.17,513.29,719.82,526.25,457.24,296.86,275.41,639.4,427.22,365.13,1107.57,455.84,564.18,673.69,567.92,413.63,427.7,368.63,352.59,382.82,401.01,411.53,22.5,80.69477281,5.81193529,114.85535179010992,0.0265973525112706,-1.6619097666019655,0.040886245168003654,-1.57923992746678,0.2552458988541062,0.572276426314211,0.5703211624985549,0.4659560512254579,0.3787883316936913,-0.03847835639954056,1.4924279996090917,2.6159247514334183,1.842892276379704,-1.8686588530159476,1.3493244538592464,0.344481158850396,0.0158589419534394,-1.6178441269252275,-1.4564234910417362,0.8530163016326142,0.7951486852848966,-2.1037783324510784,0.24847701232522112,0.0053516001297104765,0.4174669498225647,0.7176306873350136,0.46822418078598105,0.6955754484792465,1.279776292869439,0.16737254433456528,0.835301494142815,0.6128179765125807,1.0293276668783768,-1.3924364031243641,2.8983342790683153,0.0,-0.102933616911427,0.49892776236575287,-1.7520357148720578,0.2935628025630521,-3.8576084258320265,0.6362754032459783,0.4432259210909173,3.932852369358919,1.9533969801138085,2.075006223637299,0.0,2.388414532668648,2.247463308797659,4.917411502843905,2.8220175692334593,1.3196472555119243,0.9876623495912007,0.39782668886072514,0.0,0.03346101382870614,-4.005299489950742,-4.085692986562606,4.390673800067749,-4.422115582443542,-0.2808159829198335,-1.5168552509238407
419.24,487.44,714.76,233.52,448.94,363.5,253.84,417.97,149.35,290.4,387.55,634.74,558.23,2019-07-01,494.02,400.41,1015.36,694.34,222.15,269.44,506.03,453.17,344.48,447.38,412.72,359.99,292.72,411.77,418.3,342.97,197.62,282.11,417.21,358.13,426.13,425.23,561.28,39.67,173.65,87.48,479.04,457.67,355.54,517.66,745.75,532.53,462.5,296.86,279.97,648.52,433.04,367.18,1116.6,462.42,568.07,681.48,567.9,419.24,436.98,376.14,360.0,391.09,406.57,415.67,18.25,84.43419438,5.67217727,117.3838274565757,1.347169388907954,-1.1139107771093393,0.7484991306576205,-3.2524562036926774,3.0555199937662536,4.148131315268966,0.2484963314031141,4.367015031180177,0.8269788616707352,1.5897040896992287,0.8915902827815181,1.4072784424198126,0.6235476047635302,-1.403009888651141,2.9604006929503157,8.10091701883131,0.0965410987006976,-3.437859294879697,-2.6732706187276634,1.126811672097805,0.5332283938672688,-0.6279591772446302,6.5370374922396834,9.923578536898603,0.6493438826678855,2.5710313929485196,0.7043226581415318,0.3280536447810789,0.7198486049985853,0.1468540585482181,0.2839801702571698,0.3505574085592045,9.651717380971725,-0.08210084790460925,1.0567599140755668,0.0,2.1144591103114507,0.49069228201270576,0.40089395653719606,0.30105391528714165,3.966917168297357,0.6688233084490847,0.847766850563314,3.5389242639966234,1.1862849028231537,1.1438139794901936,0.0,1.6421558115943924,1.4162607056127818,1.3530999459193893,0.5598736477484323,0.8119927536740512,1.4331698268359006,0.6871301047374878,1.149683922299971,-0.0035216847743768653,-2.4340569517539157,2.177561586340371,4.435972466234619,-0.15261556365606666,-0.7402372958683201,1.5365050031358356
422.84,483.68,851.35,230.94,458.1,364.09,255.07,409.88,149.35,291.92,404.05,639.51,563.18,2019-08-01,489.45,405.66,1018.8,839.04,219.51,267.13,511.22,456.02,347.02,463.8,413.56,360.64,293.9,410.82,420.84,342.46,198.46,283.44,419.82,348.48,414.84,430.34,748.37,39.34,174.01,87.04,489.99,461.69,360.42,521.85,744.83,539.03,470.43,332.12,282.32,652.82,438.65,363.88,1156.65,468.96,573.21,714.95,568.0,422.84,441.73,376.73,360.22,392.11,406.41,414.07,18.25,82.08003668,5.62478889,112.0299265271324,0.8550308598485934,-0.7743674909090892,17.48765028561925,-1.110979002214929,2.019825236929762,0.1621792848496284,0.48338700164851645,-1.9545225682697343,0.0,0.5220509177551236,4.169375995193558,0.748679188647472,0.8828229013882805,-0.9293690490913775,1.3026348176471636,0.3382234710470833,18.92966270522667,-1.1955039817869384,-0.8610299761094176,1.0204069861170062,0.6269337178880896,0.7346381557471915,3.6045079491464627,0.20332097820983108,0.18039775648430734,0.40230527139204497,-0.23097786804129328,0.6053835491933945,-0.148811722310338,0.4241573719279579,0.47033947550012556,0.6236355827231144,-2.7315209232530613,-2.685156031392566,1.1945394913476015,28.767761833695804,-0.8353421565325814,0.20709896374047077,-0.5042412700934307,2.2600881501893433,0.8745269797862498,1.3632257595585173,0.8061534168474438,-0.12344189735857825,1.2131993962378296,1.7000613108570484,11.223570219721157,0.8358724795114014,0.66085967536198,1.2871726085670332,-0.9028048078199014,3.523954207081914,1.404390794462529,0.9007491155077929,4.794570650151453,0.017607183776480184,-0.8389625548014257,-4.668310525992947,4.407694828303451,-3.2643820277090896,-1.5348705193996857,-0.11994869373943585
427.04,480.79,866.61,235.87,467.95,366.9,256.37,416.46,149.25,290.38,407.32,649.38,574.97,2019-09-01,485.14,418.58,1019.54,855.18,224.25,272.63,515.8,457.97,348.49,482.99,414.53,361.12,298.83,414.89,422.12,344.64,198.53,284.8,425.97,345.8,422.36,458.61,748.37,39.34,173.86,86.47,506.82,464.85,367.47,527.19,691.99,542.21,472.69,333.4,293.45,659.45,459.62,372.34,1179.87,499.89,581.09,714.95,568.4,427.04,446.28,380.47,364.05,397.31,410.26,415.9,15.0,85.1543403,5.71279524,114.0693577033567,0.9883828755751445,-0.5992946695330126,1.7765723721759663,2.1122869272073963,2.1273951710568895,0.7688241539166363,0.5083696229321255,1.5925984648029967,-0.06697923894076752,-0.5289382072650284,0.8060484624007991,1.53158034218972,2.0718572673548152,-0.884480263036469,3.1352660231189766,0.07260810586169342,1.9053591959713678,2.136371137485682,2.0380133271657996,0.8919067518554868,0.4267011583714897,0.422712021077043,4.0542524683065295,0.2342741594871356,0.13300822178141658,1.663527640031237,0.9858262494033987,0.3036919862802634,0.6345531407198735,0.035265372289128294,0.4786718980604121,1.4542873268515777,-0.7720266495405248,1.7965127216780452,6.362458175574748,0.0,0.0,-0.0862391176569055,-0.6570250135293776,3.3770928234303277,0.6821102709472449,1.9371664577579217,1.018082460880354,-7.3584499775069645,0.5882152286114106,0.4792612447730882,0.3846620922863586,3.8666087637328594,1.010471383640521,4.6698232554367,2.2983272389890175,1.9876366952001234,6.387059725605937,1.365350847145308,0.0,0.0703977501793851,1.5525021316255883,1.8040627561994427,4.444465378211293,0.10352323289390952,0.8770917731746198,-0.33874846615948445
435.59,488.73,866.63,263.47,484.55,370.44,257.5,421.32,151.38,288.68,408.07,652.6,576.33,2019-10-01,493.61,420.46,1019.92,855.18,252.15,298.31,519.41,460.74,351.11,518.35,424.96,357.13,299.82,417.55,426.95,345.69,198.99,286.04,429.49,348.34,430.51,461.96,748.37,38.39,178.12,85.25,514.12,459.85,371.91,536.84,658.67,541.94,472.72,333.4,299.38,664.38,455.1,372.77,1184.83,502.47,582.21,734.13,568.57,435.59,451.0,386.49,370.53,405.39,418.96,423.63,12.5,84.03135176,5.78454091,112.6335639045523,1.9823748297940647,1.6379605410370424,0.002307816574820265,11.065870371159292,3.485917257729376,0.9602156940831996,0.4398006583044456,1.1602221388794298,1.4170479608309527,-0.5871601851469066,0.18396110119347497,0.4946322624109989,0.23625477852604604,1.7308222628172665,0.4481319475147849,0.03726476659480227,0.0,11.726264758382943,9.001764969297632,0.6974458580280007,0.6030212785089972,0.7490029298473644,7.065474026462493,2.4849698534650244,-1.111045191626303,0.3307444758984701,0.6390872744177933,1.1377276550725846,0.3042025726008646,0.2314349996587417,0.43444816423745536,0.8229537011805732,0.7318441054448677,1.9112521463403809,0.7278131565834123,0.0,-2.4444803948206584,2.420710280258298,-1.4209416808713016,1.4300790274470287,-1.0814423553160424,1.201020685046128,1.8139083654740595,-4.934885429055935,-0.0498086068499326,0.006346452863859042,0.0,2.000640248274621,0.7448120666178504,-0.9882886106163724,0.11541921266271515,0.41950414631806154,0.5147862439846662,0.19255572011669386,2.64735144698518,0.029904043425421634,1.2480560774535299,-1.2666912154536192,4.431189964446464,-1.5595992260268865,-1.3216866932354394,-1.0568806733096796
437.25,489.8,866.66,270.55,486.29,372.62,258.1,422.69,151.97,288.92,408.68,651.59,573.8,2019-11-01,494.72,421.06,1020.34,855.18,258.45,308.09,522.62,462.03,351.13,519.81,425.16,359.26,304.78,417.96,424.12,346.9,199.4,286.89,430.03,348.83,434.9,459.6,748.37,37.75,179.74,83.83,519.85,472.45,372.7,542.72,650.2,541.94,472.72,333.4,303.9,666.31,442.13,374.3,1163.88,503.54,578.58,734.13,568.66,437.25,452.68,388.78,372.41,407.57,420.64,425.51,12.5,84.56833504,5.73122857,116.43818709128132,0.38036799445571035,0.2186954771879357,0.003461625002465496,2.651741458136758,0.3584528579543722,0.5867645290138945,0.23273866207773608,0.3246409884296142,0.3889901064492385,0.08310249785736801,0.1493725407823554,-0.15488543876456262,-0.43995097611970735,0.22462142537555962,0.14259913054299744,0.04117122385700611,0.0,2.4678103119313732,3.225873382389821,0.6161070514226985,0.2795931467976409,0.005696058329185405,0.28126704217434906,0.047052181736706444,0.5946499187726495,1.6407910277545845,0.09814365666720448,-0.6650476296018226,0.349413428167189,0.20582853221631225,0.2967205849365939,0.12565154296515502,0.14056832069204717,1.0145567201874428,-0.512176127228603,0.0,-1.6811533317672822,0.9053881776726058,-1.6797177513860007,1.1083607182047928,2.703157187992833,0.21219169670469995,1.0893434633878485,-1.294264248583854,0.0,0.0,0.0,1.4985030435657798,0.2900752772336368,-2.8913218541955388,0.40960074400056,-1.7840053168809433,0.2127216237380658,-0.6254381641765505,0.0,0.015827932817025214,-0.9259080944068021,3.3220797143580505,4.4375599062407485,-1.2859089634182475,-2.145996873778326,-1.6938990958297346
440.5,504.14,866.65,265.38,487.44,373.05,259.18,425.08,152.41,288.59,409.15,654.18,576.22,2019-12-01,510.17,422.61,1020.27,855.18,253.09,303.8,525.49,463.24,350.19,520.47,425.78,358.81,304.29,417.96,426.77,348.68,199.68,288.43,432.68,352.18,436.45,460.07,748.37,37.63,180.54,83.86,522.13,468.55,373.93,542.01,646.86,542.41,473.29,333.4,305.45,669.67,441.01,373.72,1181.41,504.3,574.0,734.13,568.88,440.5,455.98,390.36,372.63,409.18,423.94,429.26,10.5,86.26999764,5.83762727,119.2927694289734,0.7405331477523092,2.88568627579755,-0.0011538616865536255,-1.9294162980454388,0.2362052180135521,0.11533253253155351,0.41756942826998156,0.5638336651856868,0.2891124952244972,-0.11428374778521544,0.11493832501683343,0.39670131747708837,0.4208628670859582,3.0752057549489287,0.36744265979162805,-0.006860693618815361,0.0,-2.0957094946582266,-1.402235791972739,0.5476538098473149,0.26154542776932743,-0.2680660933379819,0.1268889315481303,0.14572122822107403,-0.12533598643837962,-0.1609010805700528,0.0,0.6228792365297942,0.5118042167670644,0.14032276533253452,0.5353555162701085,0.6143451066255246,0.9557711022072368,0.3557701577766359,0.10221058443082853,0.0,-0.3183871089687429,0.444099763978123,0.03578030928501619,0.4376290598406385,-0.82891016588027,0.32948076362186995,-0.1309081709537807,-0.5150120090723576,0.08668788295898011,0.12050614031098306,0.0,0.5087399173028473,0.5030026024824608,-0.25364055539238706,-0.15507609856291182,1.4949389177463246,0.15081761868112054,-0.7947429430781305,0.0,0.0386799589892739,1.839450703243295,2.4220169670721603,4.457481885732512,0.31407905793283675,-2.0358979657401433,-1.6330279113217816
446.45,527.59,866.45,247.73,493.27,367.66,269.45,428.76,152.03,293.97,411.75,663.25,604.36,2020-01-01,535.37,426.48,1016.07,855.18,235.24,287.23,531.47,464.17,371.08,521.29,398.99,360.59,307.95,421.71,425.93,351.01,199.96,304.99,459.85,354.12,441.79,463.54,748.37,37.33,180.39,83.92,522.53,472.37,384.08,543.02,686.07,548.13,478.22,333.4,306.02,678.8,447.78,379.38,1238.21,509.43,593.34,756.55,682.86,446.45,461.37,391.7,373.01,411.49,430.04,434.93,9.75,86.03577803,5.91815909,118.8207228601473,1.3416966586991208,4.546545963464954,-0.023080030106559235,-6.882331769560501,1.1889485530224952,-1.4553860862797308,3.886004337223792,0.8619935318824545,-0.2496388105013736,1.8470725611043015,0.6334532084358635,1.3769450071503542,4.768051465351686,4.82140931352415,0.9115704574179873,-0.4125053729358896,0.0,-7.313888710371064,-5.608630161832551,1.1315591522413904,0.2005586119913083,5.794180845238905,0.15742592715213277,-6.498642702844393,0.4948578349870836,1.1956238077038606,0.8932139845874154,-0.19702129042382666,0.6660116945147898,0.14012613643066274,5.582656699240207,6.090192458661825,0.549343021021631,1.2160834872165793,0.7514029355505158,0.0,-0.8004311678853515,-0.0831186150421992,0.07152223454252038,0.07657994362721965,0.8119757233004954,2.6782250101253346,0.18617002142162775,5.884977555732096,1.0490312057278572,1.036256921392642,0.0,0.18643601978913793,1.3541479624838537,1.523448944463457,1.5031487373821761,4.695814792130637,1.0121124543639226,3.3138194190387438,3.0082500248871824,18.26203449465904,1.370101111071298,-0.396489239382003,4.454763233344333,-0.37999599710580867,-0.7972843293853337,1.0724261896123486
448.02,539.88,854.81,235.76,495.65,367.37,274.93,427.15,151.7,293.85,415.3,668.69,609.5,2020-02-01,548.59,428.25,1013.75,843.13,223.33,275.3,535.78,465.16,375.11,521.81,397.86,362.04,307.53,422.13,419.55,351.74,205.64,310.31,466.39,353.58,436.32,467.19,648.11,36.73,180.72,83.4,518.79,458.36,387.22,544.59,697.02,555.19,484.68,333.4,308.42,685.05,448.59,376.81,1279.86,512.03,586.35,778.35,683.29,448.02,463.23,391.7,372.32,411.45,432.02,436.86,9.25,88.27499866,6.04447,110.15475751368632,0.3510462312439344,2.302742573038863,-1.352518206673281,-4.952510498324614,0.4813341008443217,-0.07890834797148472,2.013367543032718,-0.3762082225691188,-0.21729834382577806,-0.04082882571774249,0.8584781578957923,0.816858154115252,0.8468902049685312,2.4393253476352683,0.41416646897243226,-0.22859179732668267,-1.419081583180315,-5.195577135937235,-4.242187639478523,0.807687689023151,0.2130567988753107,1.0801643504862568,0.09970281719420271,-0.28361693103171604,0.4013124132793422,-0.13647886696324107,0.0995449456489439,-1.509230520257887,0.20775532196948276,2.800972064193452,1.72928086276114,1.4121844634390257,-0.15260706649709022,-1.2458736956245886,0.784334600094283,-14.383707304845217,-1.6203433094916786,0.1827698440161285,-0.6215654723340513,-0.7183221452716992,-3.0107675244590126,0.8142142738334357,0.2887066302287522,1.583444141703616,1.279791241132422,1.3418001708866534,0.0,0.7812031135843611,0.9165294939045943,0.1807289892510333,-0.6797259670396905,3.3083908639559567,0.5090763446641944,-1.1850709602880372,2.8407669584278317,0.06295062975514298,2.1118368448523217,-7.5729563023349655,4.480456926634615,1.7360479388704775,-2.1503178234765388,-1.8991905674950595
450.58,550.42,855.12,237.29,496.96,369.64,282.56,419.0,151.63,296.48,418.17,674.5,617.08,2020-03-01,559.4,435.54,1020.15,843.13,224.46,278.25,538.69,467.08,374.64,522.36,401.76,362.86,308.38,427.62,424.28,353.02,216.81,313.94,476.94,359.25,408.32,467.88,748.37,36.54,180.86,84.57,518.33,475.89,386.29,547.55,698.82,562.11,489.83,333.4,308.81,692.56,446.1,379.04,1314.77,512.48,585.26,52.91,688.64,450.58,465.57,394.72,375.14,412.46,434.63,439.52,8.25,82.85737742,6.31443182,93.1753488705628,0.5697767473331616,1.9334730527174493,0.03625879461690573,0.6468683374227346,0.2639507481415393,0.616004444482865,2.737439760576166,-1.926431967549025,-0.04615435416388536,0.8910329478389656,0.6886897773196843,0.8651101088808844,1.2359726222412881,1.9513430647773333,1.6879503320574862,0.6293348860134884,0.0,0.5047019355727045,1.0658578007092245,0.5416637253597756,0.4119116782670851,-0.12537514146462314,0.1053468402397506,0.9754710800444322,0.22623819830469571,0.2760145279786741,1.292162727356061,1.1210906321191594,0.3632446243915233,5.289432677569561,1.1630087034784964,2.236850282997871,1.5908756881256814,-6.632473838090824,0.1475825607149872,14.383707304845217,-0.5186308881715007,0.07743791525864907,1.3931284429429702,-0.08870719495606139,3.75318335302266,-0.2404624240466724,0.5420563751318497,0.2579093589177184,1.2387162775523208,1.0569512768658917,0.0,0.12637106164676837,1.0903048608400745,-0.5566188129642491,0.5900658782295842,2.6911048439465013,0.0878468787886888,-0.18606879669507137,-268.8583937565818,0.7799271273905894,4.369397421674948,-16.7403073933877,4.4171207854121795,-5.083096453080582,-0.9667572700631524,-0.9280263860815436
454.43,564.32,855.31,246.98,495.39,373.66,284.06,411.33,149.76,294.49,419.61,675.32,645.84,2020-04-01,573.63,445.49,1024.12,843.13,237.15,276.96,540.94,469.88,368.52,518.26,415.44,364.96,306.38,426.09,426.92,356.02,218.67,314.59,480.45,371.05,374.66,468.11,748.37,35.32,179.71,84.88,513.88,479.73,386.41,520.34,698.82,565.21,492.75,333.4,308.81,693.71,445.34,384.89,1461.06,512.48,581.18,52.91,688.68,454.43,468.53,399.09,379.06,414.52,438.57,444.11,7.25,58.56760355,6.81895238,85.0533673788871,0.8508244605407,2.4939843319486954,0.022216635674254803,4.002433988600984,-0.3164208817315384,1.0816734011852347,0.5294566037386872,-1.8475107885464581,-1.2409330083565706,-0.6734715879306741,0.3437660049417701,0.12149769611822236,4.555311994302169,2.511980840511807,2.2588159445015243,0.38840319437767334,0.0,5.499533473548102,-0.46468987277554774,0.4168100659390106,0.5976793748171616,-1.6470580634555532,-0.78799585157725,3.3483304126788127,0.5770673594061471,-0.6506627158656464,-0.35843591806878905,0.6203027408494322,0.8462196497154295,0.8542350099231655,0.20683188764953897,0.7332467910201146,3.2318299457008592,-8.603223268345772,0.04914582519663924,0.0,-3.3958175214101605,-0.6378810768403298,0.36589005115965634,-0.8622329892970626,0.8036710550986648,0.031059920011600184,-5.097133765671469,0.0,0.549978322741218,0.5943553900848109,0.0,0.0,0.16591288332019616,-0.17051067579076928,1.5315838767492096,10.550045429800292,0.0,-0.6995673398371594,0.0,0.005808381496130721,7.6868071410810535,-9.120427861872127,4.070181703266657,-40.29594967270489,-1.6099793757878738,-2.2479536023281717
460.62,565.68,860.99,263.9,497.06,377.94,284.68,424.9,151.96,296.62,420.78,676.43,658.26,2020-05-01,574.56,451.48,1025.29,849.01,255.43,288.63,543.35,471.91,366.55,520.74,418.25,368.78,313.73,427.33,429.41,358.51,218.68,315.85,481.22,380.98,393.39,476.73,561.28,37.12,180.58,86.09,514.52,487.46,386.5,525.77,698.82,568.46,494.64,333.4,308.81,695.16,444.82,390.16,1512.95,512.48,579.32,52.91,688.77,460.62,474.27,405.15,385.43,421.41,444.73,451.2,6.75,69.49693898,6.95194706,91.72581274978236,1.3529521713458337,0.24070808082425899,0.6618913635992207,6.626288181960227,0.33654120131014764,1.1389159830200946,0.21802589780888226,3.245803508409306,1.4583315590142476,0.7206811656073953,0.27844233175517985,0.16423158860607856,1.9048194970694432,0.1619941304794814,1.3356275117605954,0.11417921519942809,0.6949807541804631,7.42555471800781,4.127249961338464,0.444531254300351,0.4310946482413591,-0.5360046571135868,0.4773830047773764,0.6741140330870365,1.0412501740939994,2.370658180972285,0.29059569089238124,0.5815531437017185,0.696964460414673,0.004572996456708722,0.39972136211536835,0.16013812733062238,2.6410055894409368,4.878253817853029,1.8246981858181854,-28.767761833695804,4.970653218224053,0.4829452335401996,1.415476636413615,0.12446520471049993,1.5984790149999206,0.023288610680882726,1.0381410688180104,0.0,0.5733606611158848,0.38282792174841873,0.0,0.0,0.20880291558125208,-0.11683294220130591,1.3599332223829919,3.4899187646409757,0.0,-0.32055176090954873,0.0,0.013067624977747272,1.9315922773821326,7.552491993437815,4.241282708147567,-23.739065790950153,-1.5255556907915917,-0.3111327949155627
465.84,556.61,868.44,266.95,500.54,382.69,287.51,443.98,155.29,303.89,428.92,695.55,664.62,2020-06-01,564.56,452.62,1025.51,856.79,256.58,298.47,546.49,476.69,372.95,522.88,418.36,376.75,321.54,437.11,433.85,361.33,219.15,321.11,484.68,395.43,411.18,503.64,648.11,39.57,182.26,87.74,516.22,504.75,387.82,555.56,720.2,586.99,510.06,333.4,309.64,716.86,448.96,400.01,1507.56,522.66,578.26,52.91,688.89,465.84,481.66,412.67,393.63,429.36,449.84,456.82,6.75,80.42113409,6.80883182,99.87482130830992,1.1268819461002444,-1.616373214208533,0.8615608707611244,1.1491131436916824,0.6976772485647764,1.2489809100328486,0.9891899810129168,4.392566925185548,2.1677008261672626,2.4213935506491424,1.9160289575070877,2.7873931010526043,0.9615458699441248,-1.755786378519808,0.25218462651741547,0.02145504201722659,0.9121882925231972,0.4492107317524585,3.352383422809435,0.57623296786522,1.0078094998632103,1.7309424731577039,0.4101115347375561,0.026296601913422535,2.138157722958667,2.4589209340541096,2.2628331197440232,1.0286678756717293,0.7835114543245147,0.21469528380198,1.6516326211950094,0.7164333366739051,3.722690008193208,4.422958861434445,5.491143424084477,14.384054528850587,6.391534747933347,0.9260346188647794,1.8984635068204803,0.3298603996051419,3.4855021403487285,0.3409446426995366,5.511275929478465,3.013575287215975,3.2076833790755543,3.0698140607008817,0.0,0.2684131290534353,3.073852861823312,0.9264090959797855,2.4932635393689395,-0.35689375113321375,1.9669471198007216,-0.18314074124896607,0.0,0.0174208440839152,-2.0801206325721466,8.511378400678549,4.387277003458727,-9.725183003495808,0.33475040363923214,1.3280435976184262
468.56,549.48,870.4,257.67,505.21,391.78,289.81,454.8,158.03,307.94,436.37,704.05,680.51,2020-07-01,556.86,451.85,1062.57,856.98,245.69,295.13,551.94,481.76,382.14,524.87,437.78,377.73,329.79,440.94,439.08,363.04,220.07,324.06,490.27,404.73,430.67,499.08,648.11,40.96,184.52,88.19,523.55,509.62,389.27,558.09,761.83,602.61,523.49,333.4,313.91,724.76,457.98,402.79,1589.18,532.71,569.73,52.91,689.03,468.56,487.78,415.6,396.89,434.01,452.57,459.74,6.75,89.23330303,6.85109524,102.8644936896104,0.5821934252661976,-1.2892438696895603,0.2254377435641608,-3.538167849995233,0.9286668779613372,2.347519579303281,0.7967893606290133,2.407824550375981,1.7490551839914659,1.323916498146449,1.7220085972664556,1.2146476857741284,2.3627068303802012,-1.3732804857218284,-0.17026550046352895,3.5500452175664776,0.02217333723644188,-4.336992816302931,-1.1253488033474035,0.9923335529608224,1.057968029669265,2.4342671210156652,0.3798620649762441,4.537419519894037,0.2597817175113981,2.533413552406749,0.8723932101324827,1.1982776579617216,0.47213528348528655,0.4189250696625457,0.9144940276194724,1.1467380393512805,2.3246397726350843,4.63110607567776,-0.9095323590678994,0.0,3.452472533391937,1.2323619621638748,0.5115682162021074,1.4099505526905531,0.9602092762701631,0.3731875800313311,0.45436256499877814,5.619448246914693,2.6262437406709083,2.598956207406733,0.0,1.369598828335139,1.0960002053140627,1.9891718124338098,0.6925787524260762,5.272571010852456,1.904602897999741,-1.486103012590334,0.0,0.020320483116886834,0.6187962010760772,2.949491189645581,4.491254322261576,0.058262005976672526,-1.2600658212047404,1.0768193632616547
472.61,549.04,872.12,252.23,510.03,396.51,292.52,461.9,158.87,311.23,438.38,715.0,715.18,2020-08-01,556.13,454.64,1090.03,857.4,239.94,290.93,556.85,490.32,392.4,526.18,444.38,380.36,334.24,445.5,442.44,366.27,220.76,327.04,500.29,410.3,441.41,501.09,648.11,41.3,185.33,88.8,526.87,506.05,394.44,564.66,782.44,607.31,526.68,333.4,315.4,735.34,467.96,405.94,1777.28,543.4,570.36,52.91,689.22,472.61,493.36,418.84,399.95,439.08,456.67,464.07,6.75,90.5869478,7.25219,108.6700781695264,0.8606362290374925,-0.08010778566251986,0.1974153018169389,-2.1338326778058914,0.9495363096378107,1.2000803682570726,0.9307504555260415,1.5490655560178368,0.5301369310919846,1.0627229884461187,0.4595606830596566,1.543316633068681,4.969174220178374,-0.13117819651213836,0.6155630640900966,2.551471679885431,0.0489973061284843,-2.36816865713827,-1.433324882933995,0.8856559121987573,1.761217444405272,2.6494694079879366,0.24927466406703402,1.4963551167284095,0.6938517989524939,1.3403209549373685,1.028843514202915,0.7623233214937741,0.8857745317341958,0.3130461009856589,0.9153803742430355,2.023167053036534,1.366842132930568,2.463201317148389,0.4019322127144953,0.0,0.8266519235734293,0.43801611195997125,0.6893072098034914,0.6321302060656286,-0.7029871320738401,1.3193847209342913,1.1703540400745283,2.6693808474236747,0.7769147779757013,0.6075225556752883,0.0,0.47353539090737584,1.4492411719470688,2.1557307140966486,0.7790031109732531,11.186594576552888,1.9868510953394924,0.11051760196556515,0.0,0.027571195531095327,5.689496367411917,5.4903959575954175,4.506310138653056,0.9250820172659324,-0.9638473242187449,0.521341617777891
477.21,552.66,872.47,252.16,514.76,408.5,295.06,470.38,159.31,313.97,438.08,720.26,719.71,2020-09-01,559.43,461.51,1092.51,857.65,240.7,287.89,560.79,506.63,396.72,528.24,458.22,384.85,353.49,452.75,450.18,368.96,221.61,330.86,505.04,426.84,445.56,498.14,748.37,41.01,186.4,90.93,532.66,508.26,402.77,572.06,755.22,586.6,507.93,354.87,322.29,741.44,468.51,408.83,1781.83,570.0,583.18,52.91,689.42,477.21,498.3,424.5,405.25,444.34,461.37,469.18,8.75,92.534226,7.50778182,108.3418015516437,0.9686121506477186,0.65716856278204,0.04012404114384083,-0.027756299866954492,0.9231225107717123,2.9790652862232925,0.8645685086670518,1.819246123718088,0.27657318528717667,0.8765251256375173,-0.0684572055122068,0.73297152422791,0.631409383308501,0.5916328347741029,1.49978251916556,0.22725824657117144,0.029153669195736143,0.3162452702244245,-1.0504225674419665,0.7050600053241318,3.2722714954962484,1.0949014489670006,0.3907366364299669,3.066936587605529,1.1735475309082588,5.599589858510345,1.6142849852658792,1.7342640751638605,0.7317470731820208,0.3842941637455688,1.1612837603585113,0.9449703772169471,3.952063630022362,0.9357769222940071,-0.5904563655407813,14.383707304845217,-0.7046560563019,0.5756882442271127,2.370332973969713,1.0929483141105756,0.4357649036604627,2.0898641957152186,1.302010088483474,-3.5408144626690508,-3.469621255097355,-3.6249510679892794,6.240855490906139,2.161008681762233,0.8261263956634401,0.11746239884633525,0.7094056286019779,0.2556820372923596,4.779066383634856,2.222814613968005,0.0,0.029014101056468178,3.4636566413880354,-0.30254276282315473,4.527578586892071,2.392951780394448,-0.23800396785641856,0.6228771701285825
487.38,569.4,872.4,269.32,525.13,418.52,297.67,479.98,159.67,313.69,438.1,725.37,734.26,2020-10-01,576.87,470.17,1091.01,857.65,259.44,298.99,565.45,523.54,397.63,545.31,478.05,391.6,359.42,460.28,458.71,373.88,222.61,334.1,511.98,439.53,455.34,498.43,748.37,40.94,187.03,93.21,535.7,499.92,404.71,573.61,726.6,584.99,505.79,354.31,331.38,747.19,469.87,412.07,1846.83,591.82,589.71,52.91,689.5,487.38,506.26,432.86,413.05,453.38,471.79,480.17,8.75,92.68082313,7.87388095,111.2409885972606,2.1087460712538864,2.9840190615737505,-0.00802352038116183,6.583645700756602,1.994507836124182,2.423276421278864,0.8806764864555561,2.020355769345006,0.22571957668064968,-0.08922028441320506,0.004565271976897378,0.7069611564342715,2.0014836229882427,3.069852961262942,1.8590609252797208,-0.13739285520264488,0.0,7.497411721003644,3.7831665283198923,0.827537042498605,3.2832482046160294,0.2291182471425124,3.180371440680041,4.236591140310786,1.7387262676028747,1.6636424710517517,1.6494903191734522,1.8770699321026818,1.3246653233688122,0.45022812534813994,0.9745024183840378,1.3647927717178376,2.9296738432966762,2.1712474666887083,0.05819962635547071,0.0,-0.17083591708244583,0.3374129543418647,2.4765032335244186,0.569098095168119,-1.6545042050688963,0.48050818167384435,0.27058419016015023,-3.8632977744367025,-0.2748403474692296,-0.42220794281666585,-0.1579289084276958,2.7813991794590542,0.7725262283419632,0.2898614531900989,0.7893816114783014,3.5829729764082607,3.756617376754967,1.1135004084218636,0.0,0.01160328374236741,4.7611014394671525,2.640785761694797,4.529161580944676,1.8762597742924214,0.47776346375801265,-0.2774589347645281
498.58,593.07,872.43,273.24,530.64,425.61,300.04,501.61,159.86,318.5,437.27,733.6,742.61,2020-11-01,602.24,474.72,1091.62,857.65,262.83,304.78,569.47,545.85,398.9,548.76,487.37,403.02,362.47,468.01,469.23,381.12,224.57,336.08,517.83,481.33,462.47,498.11,748.37,40.99,187.26,96.87,544.98,518.43,407.17,577.9,716.89,583.1,503.84,353.56,334.46,757.37,468.14,420.7,1858.25,595.34,594.11,52.91,689.91,498.58,516.83,442.13,421.79,462.12,483.26,493.22,13.5,93.88623598,8.00332381,115.210057200145,2.2719951679539108,4.07292610320189,0.003438730421034819,1.4450266186567973,1.043797423059445,1.6798755479157101,0.7930308747459591,4.407848895694411,0.11892468462626482,1.5217237913740966,-0.18963415441035636,1.128205144162564,1.1307818526700153,4.303909912635451,0.9630825109192998,0.05589587020082831,0.0,1.2981973347319986,1.9180076846371463,0.7084229394844321,4.173077654767976,0.31888342590571384,0.6306747164847692,1.9308258677901868,2.8745277850473094,0.8450091145479455,1.665466325547449,2.2674851247541206,1.9179395852552794,0.8766101128212078,0.5908877498415954,1.1361441290159036,9.08471313715955,1.5537297339922596,-0.06422221104989134,0.0,0.12205542831029703,0.12289937158342923,3.8514861365228192,1.7174793855263104,3.635692811318414,0.6060027413907321,0.7451120438545011,-1.345370797241685,-0.3236054840547453,-0.3862806027368215,-0.21190339487304755,0.9251537811826083,1.3532401966466878,-0.3688664218007176,2.072675276619229,0.6164528790016277,0.5930136317775947,0.743359676535249,0.0,0.0594457067983889,1.6305858616469937,3.5058130143155175,4.542083793787431,2.4815042017338307,0.8219977387249315,0.2567459408786761
504.81,608.06,872.31,264.54,534.18,440.35,302.38,514.86,161.14,318.72,437.14,737.25,738.27,2020-12-01,618.29,477.87,1089.14,857.65,253.91,297.0,573.13,556.66,401.69,550.33,502.88,409.07,384.09,472.34,474.01,390.75,226.78,337.81,523.49,499.86,474.05,499.89,700.04,40.91,189.34,97.73,555.38,510.99,407.63,580.94,713.87,583.1,503.84,353.56,333.44,762.51,464.81,422.96,1800.26,595.48,599.32,52.91,721.36,504.81,524.06,447.05,425.97,466.88,489.64,500.17,15.5,94.36351947,7.72106522,125.2383150282206,1.2418062886008663,2.496112543177098,-0.01375563123318102,-3.2358061265747473,0.664903559633423,3.4046431259465493,0.7768705450619251,2.6072093722950385,0.7975120151177073,0.06904993840155527,-0.029734335370790177,0.4963126753130709,-0.5861396501271265,2.630156609815426,0.6613572432144998,-0.22744374154877178,0.0,-3.452756182646599,-2.585806605901464,0.6406463360820958,1.9610427896794569,0.696988794435871,0.2856910840519866,3.1327984839900402,1.4900102035883656,5.793518787684171,0.920940203827314,1.013536516469049,2.4953683134651072,0.9792921953244438,0.513438038997549,1.087092486468233,3.7774953661946498,2.4731111380169146,0.35671380510278183,-6.676003181276524,-0.19536025749391506,1.1046315190001543,0.8838700912450648,1.8903467399320029,-1.4454993193414367,0.11291115583471623,0.5246637971690227,-0.4221538881501452,0.0,0.0,0.0,-0.3054351828029489,0.6763717655769774,-0.7138676545544342,0.5357621330719375,-3.1704085707795926,0.023513209493497556,0.8731191771773616,0.0,4.4577164890310605,-3.5904595260130012,8.346139588925716,4.547154552169471,2.293518346932366,-0.6029182397608633,-0.18697907272065037
513.3,623.16,878.17,252.97,550.29,453.13,315.24,520.65,161.64,322.63,437.0,748.72,752.59,2021-01-01,634.06,485.16,1203.82,857.65,242.31,286.21,580.19,566.53,430.42,568.38,533.14,416.86,390.48,477.94,482.11,397.92,228.49,356.27,561.78,500.92,482.72,511.64,748.37,41.27,189.57,98.29,558.81,532.73,411.24,584.61,714.12,582.65,503.21,353.56,334.78,774.67,469.72,436.57,1760.74,601.56,614.25,59.17,763.31,513.3,535.62,454.37,430.81,475.39,498.13,507.22,15.5,96.31723924,7.393975,136.9616003010032,1.6678348709792346,2.452974633650129,0.6695331441350483,-4.4721563976296785,2.9712551180733904,2.8609194779349423,4.1649748933394015,1.1183011928819653,0.3098087861222787,1.2193181391497276,-0.032031482645145104,1.5438034153615554,1.9210979449387544,2.5185984128267336,1.5140004466023704,10.011144005072392,0.0,-4.676197539760185,-3.7006331689779515,1.224306902971417,1.7575395194813659,6.9080829313719505,3.227211081701409,5.84324807914971,1.8864143470812778,1.6499851452694614,1.1786136351225274,1.6943885262027614,1.818301075350881,0.7512061156758953,5.3205263106825385,7.059238624746289,0.21183484809590425,1.8123974046782898,2.32331785125508,6.676003181276524,0.8761311823183515,0.12140087527283683,0.5713718227793763,0.6156958571523319,4.166470867291228,0.8817085464244201,0.6297476948730285,0.035014251157772236,-0.07720352088380622,-0.12511793499552226,0.0,0.4010660549526257,1.582150907075608,1.050805256066667,3.167111704724057,-2.2196923686198744,1.0158478054555609,2.4606332226344563,11.182229977256197,5.652592053573358,-4.328685699445067,8.948215434087015,4.567647318774322,3.643376760860395,0.6104195951485643,2.550283124331783
517.96,639.2,879.35,250.63,553.6,454.58,324.71,523.15,162.55,319.48,440.77,758.58,735.14,2021-02-01,651.2,488.65,1224.5,857.78,239.48,286.22,585.08,574.65,432.95,569.33,535.66,418.69,390.97,485.43,477.12,398.23,240.17,363.42,572.91,503.36,485.39,513.11,648.11,40.85,191.64,97.5,563.91,494.78,415.21,587.94,714.52,589.53,510.25,353.56,335.27,785.62,469.88,426.7,1689.42,603.82,597.84,60.49,763.8,517.96,539.93,457.98,432.69,478.48,502.84,512.07,15.5,96.56645763,7.072365,137.974647557282,0.9037549634381747,2.5414086807836966,0.13428014216696482,-0.9293156635083122,0.5996992309090565,0.3194855699194754,2.959822280849078,0.4790198851151395,0.5614006539642169,-0.9811481738542405,0.859000235083407,1.3083182702859908,-2.3459633535239277,2.6673227504948827,0.7167753344164751,1.7032763361072512,0.01515654969876934,-1.1747992065163082,0.0034938769809755854,0.8392953916171564,1.4231123996880868,0.5860771724371716,0.1670021746830841,0.47155776004856875,0.4380355277588954,0.12540791201463009,1.5549894479596205,-1.0404272204604936,0.07787477627747563,4.985456022521895,1.9870319862983266,1.961832213657999,0.4859212174080696,0.5515916103815854,0.28689944050999117,-14.383707304845217,-1.0229022458478898,1.086026256144823,-0.8069914574736714,0.9085141583592637,-7.390150988396815,0.9607430665547589,0.5679943631629492,0.055997313592293096,1.1738946248512683,1.3893223687194478,0.0,0.14625776803161017,1.4036082744248723,0.03405704588050895,-2.2867538780480423,-4.13489004655343,0.37498592115978724,-2.707885177925373,2.206340543022023,0.06417350640308683,-4.447054339445766,0.7369358160906003,4.570231451417245,3.2015842355560764,-1.6570978438405455,-1.967651214308928
523.53,646.41,879.67,254.93,557.45,457.03,336.72,523.13,163.78,325.91,452.99,778.33,749.69,2021-03-01,658.96,489.55,1228.37,857.91,243.61,291.06,588.44,589.09,433.88,572.34,543.0,422.75,389.49,489.05,471.9,400.93,261.13,368.15,579.01,505.77,481.71,514.5,748.37,40.45,194.17,97.86,568.91,541.84,419.75,590.95,716.63,614.25,530.67,353.56,340.57,806.62,477.75,436.71,1730.96,611.0,589.39,60.49,773.15,523.53,545.75,463.74,438.46,483.73,508.51,517.83,17.5,96.66786727,7.62823478,141.0155848340953,1.0696316058250055,1.1216582932186192,0.036383895979597014,1.7011249683270613,0.6930408910121422,0.5375118523842204,3.6319248168375395,-0.0038230683951034905,0.7538417092127325,1.9926595582550277,2.7346852737764493,2.5702334218610012,1.9598830486228458,1.1846019944663055,0.18401150152351775,0.3155489863848615,0.015154252836868665,1.7098679839144815,1.6768685602450262,0.572637736312398,2.4817813522114207,0.21457502782062932,0.5272989522842941,1.3609688492694616,0.9650198487576311,-0.3792639658766639,0.7429637656675148,-1.1000932844031475,0.6757120659679927,8.367136168540323,1.2931273593815185,1.0591112265585956,0.4776400625906341,-0.7610418284863307,0.27053081378118904,14.383707304845217,-0.9840177801510919,1.3115451991440708,0.3685507857175807,0.8827585087185064,9.085753557710863,1.0874879617584376,0.5106509582467389,0.2948679773357554,4.107640213350283,3.923955743357155,0.0,1.5684507135467207,2.6379462604833037,1.6610240164697032,2.318816905072474,2.429089313330035,1.1820818896585372,-1.4235055868886626,0.0,1.2167104130023532,7.566152998009401,2.1800460081550455,4.571281054269765,2.608867186408581,0.05813969936329067,0.1901625540686058
532.32,660.16,886.09,274.23,562.76,456.88,338.61,531.9,163.32,330.79,462.46,788.85,763.86,2021-04-01,673.24,497.24,1227.54,864.69,263.91,304.74,591.93,616.64,435.26,575.44,523.62,432.28,390.84,500.05,505.88,407.98,262.23,370.87,581.25,523.13,481.37,516.1,748.37,40.65,193.14,101.13,583.74,555.53,417.23,598.53,721.69,631.05,548.63,353.56,341.67,817.48,484.53,442.11,1820.12,613.38,581.26,60.49,773.52,532.32,551.52,471.38,446.42,490.85,517.3,527.68,17.5,96.77485392,8.15502381,145.2186361129708,1.6650477011276976,2.1048252498635733,0.7271688439439927,7.2978172664045715,0.9480436295431716,-0.03282598972482731,0.5597278173329556,1.6625502605166709,-0.2812597390667193,1.486246331479979,2.069001654163305,1.3425589932992033,1.8724738550353948,2.1439043624972065,1.558620512343456,-0.06759205602806517,0.7871862313800548,8.003955003639618,4.592952255602878,0.5913417267467302,4.570641188911928,0.3175555513903916,0.5401745173928774,-3.634308953065979,2.229253865627445,0.3460078035870673,2.2243359686022757,6.953238827943409,1.7431305117268536,0.4203613649431226,0.736113307410502,0.38612083205480374,3.374797864728585,-0.07060680610644354,0.3104989880577058,0.0,0.4932192489318865,-0.5318749467590145,3.286893205310193,2.573342883159313,2.4951858115336734,-0.6021667458472102,1.2745237596829107,0.7036015455264,2.698308730335164,3.3283902536667576,0.0,0.32246744641124536,1.337376007082991,1.409176579814897,1.2289360648601644,5.022626508404571,0.38876868253820973,-1.3889942698498636,0.0,0.04784472538528206,6.6777689775358695,2.9370027031923485,4.5723871869818185,2.027425244409997,1.539966510674412,-0.7870740164444135
537.05,662.08,885.96,279.07,567.03,460.3,339.62,545.51,164.23,326.42,465.25,796.33,776.23,2021-05-01,674.45,506.8,1225.05,864.69,270.28,302.49,596.17,630.41,436.71,578.68,532.82,436.03,388.89,504.71,503.98,412.74,262.64,372.4,582.84,530.18,496.57,542.13,748.37,40.32,195.07,100.37,584.91,529.86,417.53,583.55,731.85,637.72,552.6,353.56,343.49,826.01,482.95,443.79,1917.1,614.55,585.38,60.49,773.84,537.05,558.27,476.01,450.92,496.4,522.12,532.98,17.5,98.81538909,8.34225,155.1856379341278,0.8846387773889575,0.290416467429111,-0.014672272253424268,1.7495476075723992,0.7558962871962116,0.7457676466589014,0.2978342882510532,2.5265635162511124,0.5556417898094246,-1.3298837223988613,0.6014828796538474,0.943748409365508,1.6064341718829311,0.17956656577231556,1.9043641523469823,-0.20305072233961496,0.0,2.3850322751281183,-0.7410734967975507,0.7137476643459983,2.208501613601488,0.332580555875861,0.561468220228889,1.7417425655925634,0.8637521886402766,-0.5001741796081483,0.927591347814527,-0.37629022674625645,1.1599701171159715,0.15622919328306395,0.41169485140812867,0.2731749244087034,1.338657238585661,3.1088255287226474,4.920527992350099,0.0,-0.8151212230706584,0.9943153968069218,-0.7543460088370146,0.20023110270850353,-4.7309792313219745,0.071876949761851,-2.5346511196716826,1.3979891120651011,1.0514216834525136,0.721015082912313,0.0,0.5312640202755681,1.0380442344889218,-0.32662202932263185,0.37927576789735795,5.191119456278415,0.19056466640119396,0.7063047945782941,0.0,0.041360769899956296,2.269880840821914,6.638162234260037,4.593253352644733,3.4305212133592278,-0.7198172931480944,-1.8577136949894832
547.48,667.88,885.88,285.77,573.7,481.01,342.32,560.71,164.81,340.98,475.51,826.76,797.18,2021-06-01,679.72,518.18,1223.5,864.69,277.86,304.82,600.78,669.06,438.31,581.37,563.0,448.37,412.96,517.15,504.39,423.46,263.55,375.36,592.18,537.71,520.3,555.43,748.37,40.51,195.67,103.72,606.75,553.35,440.55,610.12,766.3,661.6,568.33,353.56,347.66,856.69,508.47,460.0,1964.17,620.81,596.46,60.48,774.79,547.48,571.6,487.62,462.38,508.36,532.76,544.94,17.5,99.94506501,8.59668182,160.7801755876585,1.9234731299009766,0.872212212357848,-0.00903016074298435,2.3724645067178862,1.1694399226851004,4.400960908724549,0.7918626590405431,2.7482700909100544,0.35254108966196185,4.363892881453513,2.1813016736163426,3.7500774546517235,2.663163219617193,0.7783404750216327,2.220622379920112,-0.12660555896681913,0.0,2.7658931036741663,0.7673219384470187,0.7702949654827762,5.950334084330855,0.3657063343042388,0.46377394448784415,5.509597208048955,2.79077360889195,6.005420869024292,2.434896092314265,0.08131936146336116,2.5641203861812123,0.3458830107878619,0.7917020062198965,1.5897936577339955,1.4102809844811937,4.668110784039214,2.423676345998782,0.0,0.47012334514859866,0.3071098283165874,3.2831602844754393,3.6658855364233744,4.337789200202913,5.366754831594278,4.452552127337039,4.599816304640214,3.676182817031659,2.8067823440352413,0.0,1.2066991536269,3.6469246219086315,5.149308807276753,3.587501191088638,2.4256136687282215,1.0134784325705581,1.8750972451677228,-0.016533024754483705,0.12268910187280824,3.0043329764199544,3.5415998615216715,4.6046206851401505,3.895040182667131,2.401156926239304,2.7390696306289732
557.36,686.41,886.1,279.67,602.77,480.72,343.74,566.77,165.0,345.42,482.69,849.27,798.23,2021-07-01,699.08,527.12,1227.82,864.69,271.83,298.76,606.68,698.29,441.97,644.76,540.02,456.5,420.77,529.93,527.98,425.45,263.45,377.29,597.85,539.91,532.62,556.12,748.37,40.54,195.92,104.55,616.33,549.52,451.32,617.88,792.2,676.29,579.57,353.56,352.82,878.87,531.38,464.42,1935.45,628.76,589.86,60.47,775.29,557.36,582.36,492.51,465.24,517.11,542.82,552.74,17.5,98.07892986,8.61294118,164.8299599347591,1.7885419378798062,2.736660015144121,0.02483098016119456,-2.157695479754196,4.942908615556174,-0.060307988476893115,0.4139585539980395,1.0749739873213926,0.11521786544914647,1.2937243378688734,1.498671339200186,2.686270961110182,0.1316276257012916,2.8084236232255755,1.7105554359378772,0.3524635275931942,0.0,-2.194051881863679,-2.008086296883782,0.977265823542961,4.2760747051500125,0.8315583883311994,10.349076732246232,-4.167345223018781,1.796991562473682,1.8735630136079706,2.4411954527923108,4.570862584201674,0.4688373667776524,-0.03795066459204577,0.5128557045776638,0.9529243642595553,0.4083077627447196,2.3402656012025957,0.12415097631723881,0.0,0.0740283809254727,0.12768458539049732,0.7970465204179433,1.5665689768852964,-0.6945542805168792,2.415267595750592,1.2638604714317658,3.3240147211458293,2.1960834424669784,1.958421334290339,0.0,1.4733021174865968,2.556086520766332,4.407117948730566,0.9562825735404346,-1.4729906647321656,1.2724548873341845,-1.1126960845221134,-0.016535758615621177,0.0645128015769103,0.18895666497495966,2.4876333675055484,4.585772561239307,1.3518533000642208,1.3915149681602763,-0.6581292192600345
563.6,708.25,887.73,271.06,608.49,487.34,344.82,562.42,166.48,349.33,485.51,868.59,807.87,2021-08-01,721.97,536.86,1259.64,864.69,263.09,291.25,613.76,716.74,445.45,646.97,543.89,460.11,426.86,536.72,523.22,435.89,263.61,378.8,601.15,525.08,539.5,558.25,748.37,40.66,198.06,104.73,632.42,562.93,456.5,626.28,800.42,682.05,584.5,353.56,353.34,898.18,548.97,477.62,1904.36,642.22,592.12,60.47,775.65,563.6,587.92,496.14,467.0,520.67,549.14,559.69,17.5,103.00162985,8.47571429,163.1886465234196,1.1133429302661924,3.1322021878428252,0.18378316510538895,-3.1270138091328725,0.9444780675418762,1.367705141293385,0.313698409916352,-0.7704675951283768,0.892970818479899,1.125596626684633,0.5825259191080789,2.2494050300526425,1.2004378014004224,3.2218401884851033,1.8309126278147403,2.5585726677048726,0.0,-3.2680691940007556,-2.5458570608955178,1.16025030718232,2.6078663543263936,0.784300069561894,0.34217710455255457,0.7140844617721243,0.7876891295774513,1.436972450903795,1.27316209028967,-0.9056378488886629,2.424248564410725,0.0607141520566401,0.39942388010354435,0.5504601055329239,-2.7851827066013968,1.2834560389905825,0.3822792418924692,0.0,0.29556671763466547,1.086360244924478,0.17201839104119543,2.577119601312372,2.4110116578561325,1.1412077764778594,1.3503291597271705,1.0322704715825637,0.8480990804978106,0.8470331639551354,0.0,0.14727543162740275,2.173350223802206,3.2566399022327275,2.802612202997068,-1.61938634569454,2.118129825656734,0.38240964384028686,0.0,0.04642346015515386,-1.6060928851175493,-1.0007524434310966,4.634744811890849,5.606806642120432,0.35743264056446905,-0.38403815823651916
570.66,711.76,888.14,270.62,622.72,503.56,346.61,565.44,167.26,353.05,510.5,887.83,819.88,2021-09-01,724.36,552.5,1267.63,864.69,262.17,292.98,621.66,735.41,468.55,660.08,585.35,465.96,435.8,545.59,533.51,441.8,263.99,381.08,607.06,526.75,538.81,573.9,748.37,40.93,198.86,105.43,666.85,565.21,464.03,642.0,765.5,686.65,588.12,419.73,363.83,916.37,574.76,485.52,1919.37,686.64,596.56,60.47,776.12,570.66,597.08,503.59,474.06,529.0,556.32,566.74,16.5,101.25480641,8.51188182,171.579878601008,1.244880569782314,0.49436372258861994,0.04617455188551389,-0.16245757523716264,2.3116501118779276,3.274083945945172,0.5177686819848759,0.5355287389518182,0.4674305868000772,1.0592655779736226,5.01907527631138,2.190907596821301,1.4756833598299934,0.330491959013024,2.871608050819585,0.6323049472857889,0.0,-0.3503030654508521,0.5922342421713189,1.2789347236696003,2.5715014016512328,5.05578124031798,2.00611142218321,7.346293839845774,1.2634202200778155,2.072733189509801,1.639123466090453,1.9475788996516918,1.346737304634349,0.14404854651566268,0.60009655266553,0.9783145541037541,0.31754207490912734,-0.12797805717754684,2.764827439404982,0.0,0.6618482304110884,0.40310444587703387,0.6661615803803755,5.301140267971682,0.4042057021756307,1.6360505273589787,2.4790748246639183,-4.460737480590371,0.672173203716131,0.6174227797332676,17.155844522055652,2.925595939130865,2.0049719597324156,4.590876715330072,1.6405044279083292,0.7851013068021828,6.687921329336,0.7470506190248472,0.0,0.060575989273203845,0.4258116853449234,5.014205036992614,4.617640175575999,3.272343159961899,1.7401528096967889,1.0799432519458079
584.32,725.45,941.17,291.07,636.97,514.9,348.85,579.17,168.11,354.85,511.38,908.36,834.22,2021-10-01,738.1,565.29,1267.68,920.39,282.21,314.13,628.6,762.78,470.66,683.9,590.66,476.42,454.07,553.67,560.53,447.69,265.54,382.76,614.49,527.76,572.72,572.98,1010.3,41.23,199.71,108.39,683.2,540.99,469.74,646.8,741.5,686.65,588.23,419.73,370.75,935.0,608.43,488.7,2011.68,689.13,617.32,60.47,776.25,584.32,609.7,512.92,482.54,541.22,568.73,580.6,14.5,102.14430079,9.139945,191.4984140885686,2.3655192244199874,1.905137602518181,5.79943939189036,7.284816523670212,2.2625579144156305,2.2269836154037215,0.6441801817691939,2.3991855018627106,0.5069039091587513,0.5085475008636209,0.17223161575410373,2.286049257299183,1.7339168455452025,1.87908104028649,2.288544041060092,0.003944290836699338,6.242643206582343,7.36583263444075,6.970256566585675,1.1101804871752385,3.6541487373484394,0.44931454089818246,3.545066830796273,0.9030596825824411,2.220002459649706,4.10679486675658,1.4701063481122212,4.9404950010889515,1.3243737625469265,0.5854264826737676,0.43988340724840924,1.2165022518717983,0.1915582230317625,6.10339369615156,-0.1604353022698568,30.010508735296515,0.7302856214497222,0.42652547287946874,2.768860823880015,2.4222509405956494,-4.379654911865316,1.2230144839264767,0.7448824012990407,-3.1854053519752235,0.0,0.018701917000996104,0.0,1.8841255442199056,2.012631604136672,5.692930647314398,0.6528322748510007,4.697318666783001,0.3619795051286623,3.420770479709123,0.0,0.016748584461634408,7.11913193681486,10.98306044558015,4.626386527147208,3.5430300802653747,1.2822000677164167,0.9279777062274913
604.84,753.88,941.45,296.01,656.84,532.59,351.91,615.69,169.08,362.97,511.79,945.62,878.92,2021-11-01,767.61,581.02,1273.25,920.39,286.17,323.11,636.01,832.49,474.74,710.05,621.33,503.04,462.3,570.12,592.67,460.33,267.09,385.61,624.8,556.01,628.18,576.48,1010.3,41.48,200.84,109.52,708.1,576.21,475.84,668.1,732.82,686.65,588.23,419.73,374.14,974.62,623.24,500.64,2268.75,690.49,651.79,60.47,809.42,604.84,633.48,529.44,496.11,561.76,589.65,604.11,13.5,105.23793745,10.52326364,183.1049665090508,3.451518227791972,3.8441052186732882,0.02974578003680506,1.682944946498477,3.071789892189525,3.3779190334720433,0.8733430702500655,6.1147545959167715,0.5753448653621263,2.262502125050414,0.08014308901653777,4.020002122391109,5.2196724487687085,3.9202474891230743,2.744630586484842,0.43842285477824205,0.0,1.393456517325653,2.8185909554251154,1.171916212348556,8.745155558035655,0.8631320773991646,3.752368198697109,5.062178600466272,5.43698716727139,1.7962659816094018,2.9278023590171287,5.575498696740322,2.7842594973862766,0.5820191785933737,0.741833509901646,1.6638943044802623,5.214464478573788,9.242980851522109,0.6089834908165059,0.0,0.6045236642517882,0.5642256885782793,1.0371347152534405,3.5797684183367373,6.307138319758021,1.2902313123912101,3.240073522847986,-1.1775056014082352,0.0,0.0,0.0,0.9102077902716665,4.150112214964352,2.4049808515004045,2.4138475644462254,12.02588251682899,0.1971558023994291,5.433489612365161,0.0,4.184330855027518,14.093402319426662,-4.48199511804237,4.6562238574433605,5.944418982298139,4.166338137209442,2.4056717597426576
686.95,874.42,1046.98,317.78,686.8,620.66,364.42,791.13,175.25,399.87,512.48,1038.39,999.42,2021-12-01,894.57,627.52,1287.44,1030.44,309.09,338.51,643.07,990.06,482.14,738.56,728.21,593.38,569.27,639.87,656.9,499.61,277.49,397.52,650.18,785.99,768.81,609.83,1010.3,47.53,201.27,129.59,775.84,650.96,484.52,747.19,736.58,686.65,588.27,419.73,379.69,1073.68,656.99,552.84,2799.74,693.54,821.79,60.47,852.01,686.95,723.44,603.02,561.77,637.09,670.34,695.94,12.5,105.19552348,13.52849565,186.6932890950453,12.729754912548863,14.832760527940447,10.624386854889778,7.096608192303577,4.460267139968366,15.303153058583963,3.4931587533986175,25.07187130801327,3.5841550216110463,9.681930806253991,0.13473012084217473,9.358591868276722,12.848122968800535,15.306136422863847,7.699036334062459,1.1083063745525479,11.294368121157916,7.704645679985944,4.656081149172753,1.1039296522069364,17.33443375823258,1.546724255502685,3.9366954348603045,15.87271263819483,16.516531340974527,20.814080728066386,11.541816573421038,10.289404821154058,8.1884170478566,3.819921624744982,3.041875128398619,3.981764910501173,34.615779000160884,20.201711525241706,5.623958280212005,0.0,13.614970726459141,0.21387190764015074,16.826843946712966,9.136098669931414,12.197601880353126,1.8077046876810776,11.18816405959997,0.511774630000339,0.0,0.00679983000688722,0.0,1.4725071388672184,9.679962765121974,5.273712031946776,9.918134881525464,21.02975366957862,0.44074260489859185,23.176246380818544,0.0,5.128032205167443,25.12098586115261,1.9407529159676251,4.655820746926745,5.344674363912283,16.535247735864093,13.879690562182509
763.23,969.71,1276.31,317.02,816.66,700.24,405.48,879.32,179.03,434.95,518.57,1126.11,1080.25,2022-01-01,993.94,675.7,1729.43,1247.78,306.05,348.0,660.79,1102.5,539.39,1003.84,816.96,645.43,661.22,696.19,702.59,560.77,289.83,457.2,737.18,796.83,923.13,712.76,1010.3,48.25,206.12,144.8,844.15,710.28,516.01,816.32,740.99,692.69,593.82,419.73,402.81,1165.48,706.83,611.72,2831.5,736.12,888.2,66.77,997.14,763.23,806.38,648.2,600.78,703.38,741.52,757.46,12.5,102.16139588,13.5192619,192.24525948025408,10.529791816767453,10.343624829727016,19.80632726150917,-0.2394456090474506,17.317972254871616,12.063970545152713,10.676450189246633,10.568657830265682,2.1339863648482726,8.409158766951297,1.1813337518003841,8.109777916642535,7.777266409497141,10.53336867657908,7.397364755014735,29.513612392241484,19.13800768661904,-0.9884009328007259,2.7648845761015117,2.7182505911325094,10.757005996823299,11.220434310840677,30.68855805626889,11.500066591500158,8.408175812840035,14.973177524844061,8.435758086454381,6.724170698259524,11.5483045218423,4.350964769638832,13.987568462659006,12.558284811729337,1.369728646206969,18.29262047999718,15.596452805731076,0.0,1.5034737159076883,2.381123321711698,11.097785950429362,8.438389056616025,8.721106210223262,6.296743499013591,8.848693142601505,0.5969278064464234,0.8757867684169973,0.9390216957119613,0.0,5.910985644329525,8.204101922186613,7.312138669789547,10.120603274409667,1.128005084491246,5.958423238276289,7.771205489353417,9.910650358465567,15.729291751784835,-0.06827738189865151,2.9304844937802166,4.626553875295777,1.8823578396991003,14.902321443866489,14.193344592041228
799.93,1051.29,1281.95,317.97,828.85,749.27,431.4,919.45,181.88,446.78,538.78,1177.29,1145.22,2022-02-01,1078.58,721.59,1842.65,1247.78,305.23,356.86,675.49,1161.97,555.02,1000.38,880.5,677.98,714.78,740.7,736.81,590.99,327.84,470.26,772.96,797.25,1001.07,753.62,1197.39,49.49,208.61,145.78,941.62,722.74,535.89,854.94,746.63,735.01,625.42,419.73,414.31,1223.38,713.62,662.14,2933.26,770.83,963.04,77.87,999.25,799.93,837.14,673.29,623.3,730.76,778.78,799.57,12.5,108.24340255,13.621125,203.4922703922215,4.696479630194705,8.077620277872288,0.44092540535451974,0.2992175337527492,1.4816346298838212,6.767626577635522,6.196418344085686,4.462678369494633,1.5793739393627604,2.6835221482228278,3.823230094354013,4.444597116678306,5.840426245781316,8.172379751438008,6.570792000113457,6.341287844331855,0.0,-0.2682896518318323,2.5141068228808017,2.200226452132714,5.253651220163835,2.85652777169485,-0.34527182018910807,7.489979388314172,4.920102764129908,7.788818951604082,6.197307343365921,4.755655017209914,5.248825750683395,12.323114029306215,2.81648013188045,4.739520505831507,0.05269497261348732,8.105463728461793,5.574350432891073,16.9896871594597,2.5374801178799977,1.200795659617171,0.6745156002450514,10.927159223909122,1.739028626721062,3.7802770990166046,4.622485608230598,0.7582617903952205,5.930153590199971,5.184718090885099,0.0,2.81494991380562,4.848450048047059,0.9560423412365182,7.9202352460803205,3.53078259318238,4.607470746780251,8.089800494145916,15.378689171911741,0.2113816223946685,0.7506420499900468,5.685607084902955,4.684382418604967,7.153909501917344,9.773438814414506,3.6361132554580124
843.64,1101.0,1332.12,323.64,844.12,773.57,454.39,1041.68,188.48,459.21,574.08,1248.45,1201.16,2022-03-01,1130.68,743.94,1839.49,1300.55,309.52,368.38,686.71,1216.25,572.69,1008.15,911.21,710.06,728.01,775.05,764.56,614.91,368.03,477.64,797.05,856.34,1199.0,825.01,1197.39,53.15,213.1,145.47,1061.1,763.88,548.78,891.47,766.57,804.62,687.02,419.73,423.0,1299.83,743.89,688.48,3191.99,788.96,1004.47,77.87,1001.23,843.64,887.06,701.82,650.64,770.88,821.9,849.05,12.5,103.83452028,14.5656087,239.8738771146949,5.320163947783563,4.620087621885549,3.8389301972584278,1.7674748232365367,1.8255466713236856,3.191676445546676,5.192012616747377,12.481440823361023,3.56447715064121,2.744131833594743,6.346143510798452,5.868759482385855,4.769099825156076,4.717386045093708,3.050327586054191,-0.17163936057738027,4.142127956231434,1.3957119613497326,3.1771466087674227,1.6473724478808904,4.565551397757517,3.134040896523249,0.77370402836614,3.4283458675561818,4.623168452686333,1.833998132675596,4.533185838205966,3.6970447904802306,3.9676818844974093,11.563877209475493,1.557157742572457,3.069011127355914,7.1499187651704155,18.041844808735696,9.050724528521581,0.0,7.134747582416212,2.1295059048376253,-0.2128756168696455,11.945958871725093,5.53611640093683,2.3768716470017104,4.184049455148298,2.6356270510657254,9.048601171613235,9.393997983460878,0.0,2.075769315549536,6.061596687592985,4.154256666103429,3.900925514956377,8.453011424702872,2.324776609101953,4.212037040476346,0.0,0.1979525560421358,6.704128507599272,16.448525235939115,4.64279848076212,2.5089315088605346,7.789861399383232,4.084701185514863
904.79,1248.33,1385.71,346.17,906.81,811.62,460.35,1094.98,193.88,473.95,590.69,1335.19,1212.39,2022-04-01,1284.8,813.13,1862.28,1355.54,331.57,391.79,699.54,1282.31,654.16,1102.57,1017.74,744.56,753.95,816.59,796.1,600.8,368.87,482.6,825.54,891.52,1246.34,918.68,1197.39,54.67,219.2,144.43,1100.2,841.78,565.11,922.24,777.19,836.6,712.82,419.73,436.69,1397.32,758.67,685.27,3256.99,802.21,1077.66,77.87,1020.53,904.79,944.64,741.01,680.19,816.41,882.72,908.62,12.5,106.38815545,14.68356667,228.2876864897503,6.997700925719652,12.558780032999639,3.9440985515317273,6.729819693504702,7.163828177848686,4.801608667315271,1.3031209611325423,4.990130382314195,2.8247510513953245,3.1594209127325357,2.852258567230681,6.71708219446856,0.9305861525279013,12.778384256551334,8.893061194412333,1.231318420133487,4.141264700855096,6.881623832986339,6.16109678676251,1.8510898252771746,5.2890784421540715,13.300741175530106,8.952685028487295,11.056637512731804,4.744396637036008,3.501126844572422,5.220958951156618,4.042430113660878,-2.321381518422161,0.22798218586812524,1.0330842525747563,3.5120305588124623,4.026037760951517,3.872338029098721,10.754234967487353,0.0,2.8197008118950873,2.8223015969289555,-0.7174918672294694,3.6185875561812963,9.710798867451942,2.932276986331761,3.3933707783867284,1.375883237654918,3.8975942729505775,3.6865530244248212,0.0,3.1851382167708664,7.232262963469349,1.9673725801653497,-0.4673347904999403,2.015890922870689,1.6654796501711644,7.033198462920076,0.0,1.9092856020189508,0.8065773342563531,-4.950665676481325,4.667094249752259,4.476537627273203,6.416135799669646,4.56433778052221
931.76,1268.74,1476.21,362.23,927.17,838.1,467.78,1132.57,196.77,503.09,593.12,1408.17,1249.45,2022-05-01,1302.24,864.7,1910.41,1447.92,349.02,400.65,715.5,1320.39,696.54,1110.93,1046.95,772.59,763.88,834.08,823.91,644.33,371.71,491.17,846.76,912.88,1292.17,965.86,1197.39,55.11,223.09,145.01,1190.5,894.48,581.85,967.66,1329.34,838.29,713.14,419.73,451.92,1469.36,822.45,711.98,3320.87,824.5,1138.36,77.87,1022.91,931.76,980.37,769.39,703.6,846.06,907.62,933.46,12.5,105.6888234,15.62392222,226.32953507682032,2.9372398219785545,1.6217623932960556,6.326534881497814,4.534938531195731,2.220398966063186,3.210517477570285,1.6011030188892938,3.3753288357931233,1.479612299657873,5.966724963661374,0.4105394299738663,5.3217385261129735,3.0109836421247316,1.3482794386233898,6.149162760245552,2.5516335218911834,6.592814489116616,5.129027842860356,2.2362246265497987,2.255862282324994,2.926400856601674,6.277325172427783,0.7553683985062953,2.8296692499185205,3.6955066962650385,1.3084655955408309,2.119218810692569,3.433649454866927,6.9948916771172875,0.7669701914023719,1.760214685828565,2.5379583821599105,2.3676565975037533,3.6111719315663926,5.008103902506189,0.0,0.8016074988236532,1.7590722410697701,0.4007744446727912,7.8881405485559775,6.072384639738004,2.919228009184849,4.807529253695275,53.67530067266486,0.20180436608292496,0.04488204513055649,0.0,3.4281611803020695,5.027081551776913,8.072079027659651,3.8236899944516622,1.9423340813256473,2.7406723022125767,5.479660629046279,0.0,0.23294063698298118,6.207426047563347,-0.8614559368452568,4.660499148401809,3.3793908766848624,5.4102700232088665,3.6737003825117793
977.9,1295.25,1514.77,362.89,1004.5,871.32,476.98,1252.47,203.94,513.25,607.51,1484.48,1304.72,2022-06-01,1320.75,976.14,2379.43,1463.83,349.03,404.22,737.75,1363.7,720.17,1269.72,1114.88,811.54,779.36,860.82,836.33,665.56,375.0,501.57,874.59,943.61,1528.2,1009.96,1197.39,57.78,230.15,144.94,1211.45,924.52,591.57,1003.05,1375.81,862.36,737.8,419.73,462.35,1542.22,901.74,737.36,3475.75,848.15,1361.38,77.87,1024.24,977.9,1042.45,801.74,727.12,900.64,953.56,974.59,12.5,107.74510071,16.96471818,231.61313450113968,4.8332144523833165,2.0679444709260864,2.578561977400895,0.18203888522174694,8.010824823175877,3.8871878075295463,1.9476461365385944,10.06282149748099,3.579029896232555,1.999397536337888,2.397189658215204,5.277355349734947,4.3285003880718875,1.4113898465693886,12.122339278274996,21.95430844930568,1.0928244759587535,0.0028651242749866412,0.8871055976543474,3.0623414826543183,3.2274446376016286,3.336207367337085,13.35989013500507,6.286560054570334,4.918517033537029,2.006236129101957,3.155610231855821,1.4961971395513807,3.241777432620907,0.8812045612360819,2.0952878868446767,3.2337903625766273,3.310850806183563,16.776759657930107,4.464710891737589,0.0,4.7311507142945075,3.1155992778692188,-0.048284187866798334,1.7444602326520453,3.303214006937516,1.656733705761848,3.5919851260041824,3.436007011764808,2.8308714220878883,3.3995030586907227,0.0,2.2817007006640466,4.839600498106833,9.203853965589115,3.5026418555601957,4.558348627497821,2.8280364942077973,17.89102610225406,0.0,0.1299367596049983,8.233257092691382,2.30763990423668,4.679768258901385,4.892409342375537,6.235359186759257,5.327913929979226
1001.03,1336.07,1618.58,369.42,1024.47,905.43,510.26,1241.84,207.56,536.34,612.13,1521.38,1331.59,2022-07-01,1359.64,1036.27,2386.76,1572.28,353.69,418.77,769.01,1384.45,753.99,1272.26,1151.07,837.82,816.01,877.85,850.12,698.22,428.01,522.16,893.36,984.48,1434.27,1060.61,1197.39,58.73,234.35,149.18,1225.88,971.7,617.82,1082.64,1388.17,864.27,741.31,419.73,485.3,1580.67,923.6,759.17,3464.16,883.17,1451.24,77.87,1025.4,1001.03,1066.31,829.69,752.23,919.44,974.15,994.29,12.5,100.05407777,17.38741667,229.4715884527396,2.337733357786842,3.1028742238692786,6.628560939105466,1.7834450112313327,1.9685500418355595,3.8400665798942413,6.744583844593599,-0.8523450858167969,1.7594621563459256,4.400523242877341,0.7576042270832417,2.455327512664063,2.038525856131823,2.9020201762533837,5.977698787600261,0.30758344837051865,7.147050661633703,1.3262944870928273,3.5362558992153126,4.149895949921589,1.5101354974476067,4.589181006916743,0.19984428243722263,3.194516876974074,3.1869603098360066,4.595353973274463,1.959031287686397,1.6354243951774095,4.790544780073347,13.222053382442223,4.023087540929726,2.1234430022390782,4.240063780392056,-6.343456325837771,4.893348819323506,0.0,1.6307974496339028,1.8084454105464332,2.883376684588157,1.1840964170010793,4.977243093690564,4.341713328500951,7.635714460015297,0.8943684389224771,0.22124030962942243,0.4746106224301272,0.0,4.8445076387523045,2.462587096851543,2.3952847306282443,2.9149491550318096,-0.3340104057580007,4.046020061289024,6.391947223039018,0.0,0.1131906211676359,2.461097846441973,-0.928923185365349,4.605710817520524,-2.904308162404412,4.503233361731677,2.9396716595592
1015.65,1347.48,1620.0,374.15,1045.5,935.78,546.03,1219.74,211.52,554.23,652.23,1571.7,1383.0,2022-08-01,1366.6,1095.11,2415.38,1572.28,358.1,424.64,802.85,1400.12,774.74,1283.09,1161.6,865.81,856.04,910.8,870.8,730.74,483.03,541.96,928.12,1009.22,1352.76,1062.3,1609.0,60.22,238.16,152.18,1275.43,992.43,647.46,1138.6,1391.16,877.65,753.18,521.48,496.43,1632.76,955.11,789.45,3639.36,903.85,1500.68,77.87,1027.62,1015.65,1085.75,855.99,775.58,938.37,989.01,1008.0,11.5,103.87163412,17.99495,241.9349789551012,1.449933170366613,0.8503712438857391,0.0876927598514321,1.2722578375193194,2.031983419534278,3.2970437136578212,6.775351955635589,-1.795642945716036,1.8899102163783432,3.281147471825374,6.345258220200289,3.2540018392264614,3.7881335754778256,0.5105944539718799,5.522708720104053,1.1919826937749178,0.0,1.2391453739984293,1.3919907951065902,4.306392367342937,1.1254998377539849,2.7148383874538773,0.8476384717344132,0.9106420516761915,3.2862204678893114,4.789049423096259,3.6847597974366764,2.403481336990243,4.552347997903361,12.093220373012414,3.7218143651268853,3.8171399633629477,2.481945125572338,-5.850905911064874,0.15921545020809447,29.546867996409976,2.505385351915912,1.6126992338805657,1.991040022135948,3.962442321338777,2.1109366261413243,4.685986270698361,5.039693474873186,0.2151598517258435,1.5362660916253823,1.5885351671295567,21.705927538127412,2.2675230226109733,3.2423026630497453,3.354743961338258,3.9110769232170384,4.933766300400677,2.314570986624176,3.3499975322304643,0.0,0.21626685227325027,3.4344398262823983,5.288978380599918,4.643155849473723,0.47097631944268414,4.353277968514573,2.5736955274944733
1046.89,1374.05,1620.68,379.63,1149.98,955.13,557.49,1230.73,218.71,566.04,697.79,1609.96,1427.08,2022-09-01,1393.47,1117.46,2424.11,1572.54,362.71,433.7,846.58,1424.56,828.62,1482.95,1159.64,887.8,876.93,932.35,911.78,761.8,487.11,553.41,967.89,1013.81,1340.48,1136.18,1609.0,62.79,245.4,152.44,1356.82,996.19,665.02,1190.64,1437.73,892.49,763.2,639.86,512.25,1676.13,959.8,824.69,3595.38,1010.98,1649.05,81.97,1029.34,1046.89,1120.61,879.43,796.84,971.51,1020.86,1030.83,10.5,101.35214796,18.28147727,220.02076267610076,3.029506266922599,1.9526401849635278,0.04196650147383352,1.4540307645138029,9.524931103302947,2.0467050755248017,2.0770646663243575,0.8969767991335864,3.3427094711139027,2.1084984038099996,6.752093743878085,2.4051497867092486,3.137534590851576,1.9471135818287522,2.0203437837474247,0.3607822092582147,0.01653512764425713,1.2791339899709264,2.1111299697477826,5.303680690468671,1.7305046877254426,6.723417725565017,14.47621158820942,-0.16887529646290034,2.508100744720565,2.411006760478873,2.338494648051803,4.59864035435924,4.162633471742971,0.8411206742175992,2.0906939323367624,4.195740968467376,0.4537755620174444,-0.9119191085769529,6.723538964736697,0.0,4.179130207243009,2.994681556929013,0.17070452572829353,6.186034985819866,0.37815213370429035,2.6760099787876968,4.469154014392096,3.2927549402560707,1.6767428206875934,1.3215877075904992,20.457847962986797,3.1370300481729174,2.6215730266067716,0.4898412330422097,4.367105767645807,-1.2158154062639426,11.201201901026447,9.428102580770403,5.131255707604421,0.1672371267188666,1.5797213240566155,-9.494709035179216,4.618601066161343,-2.3329289483316806,5.614468131621837,1.3700236314716099
1084.0,1443.99,1674.14,411.28,1179.49,997.0,567.45,1257.64,224.39,573.24,700.33,1652.46,1462.34,2022-10-01,1466.74,1149.24,2477.0,1625.82,395.97,456.33,887.82,1444.05,888.01,1488.99,1173.39,930.39,935.13,968.8,956.22,803.42,490.93,564.3,998.37,1027.64,1380.1,1158.57,1609.0,64.33,251.93,156.84,1436.03,921.67,683.92,1259.64,1400.57,892.96,763.45,641.26,526.8,1723.6,968.52,856.64,3606.94,1026.38,1698.73,81.97,1031.28,1084.0,1152.39,907.94,822.48,1001.04,1057.16,1070.08,9.0,104.87914449,18.56461429,191.3619727322798,3.483403873060187,4.9647531998952665,3.245378633040641,8.007715357574341,2.5337590741356664,4.2903313090914,1.7708073793478718,2.1629459532535478,2.56389580012506,1.2639730105700409,0.363345463110587,2.6055752734635895,2.4407493838531913,5.124521182331954,2.804260165787653,2.1583703791820064,3.3320157419941765,8.77348339048769,5.086318115044097,4.756431584211729,1.3588671799026564,6.922133773929673,0.4064690616853106,1.1787383106487859,4.685736068141111,6.425838543030515,3.834991156877976,4.758927919561273,5.319356177047396,0.7811581172416204,1.9486887673496156,3.100550463094809,1.3549400262071742,2.9128201535323583,1.9514727574427404,0.0,2.4230260296890904,2.626173886944194,2.8455101418471074,5.6738635259815595,-7.775076052553587,2.8023836326403817,5.633498817480387,-2.618618427254127,0.0526477930892888,0.03275144954431042,0.21855884808497095,2.8008182750116184,2.792756207525393,0.9044203700136144,3.8010202187631847,0.3210079509594621,1.5117891099782454,2.9681548526452772,0.0,0.1882928995327937,1.53689350033539,-13.955513797991514,4.6528086823855626,0.75920193151644,4.4952179378271415,1.7812449731705131
1115.26,1526.98,1727.47,405.43,1201.03,1027.0,573.25,1274.65,229.73,585.15,702.09,1704.95,1500.57,2022-11-01,1550.88,1216.9,2492.61,1680.91,387.73,461.56,917.36,1461.67,917.6,1500.0,1207.31,941.47,970.5,976.04,970.44,831.8,493.35,571.82,1011.47,1050.44,1396.96,1156.77,1609.0,64.98,259.39,156.97,1480.76,971.12,697.83,1286.3,1411.14,892.96,763.45,641.26,540.14,1783.05,975.15,883.79,3698.47,1033.82,1741.02,81.97,1032.35,1115.26,1184.74,932.76,837.97,1025.73,1087.49,1103.62,7.5,103.62885482,18.59089545,192.03820412986576,2.842965856800017,5.588181333487441,3.135830978342291,-1.4326015480607524,1.809738030894792,2.964643996671956,1.0169281990865642,1.3434682318993474,2.3519096928367844,2.0563747430904833,0.25099484091448687,3.1270698090406945,2.580714349678015,5.578026075601272,5.720578702122658,0.628220377002009,3.3323009542612247,-2.102922970864718,1.139582433470565,3.27309599875516,1.212795174519865,3.2778561625137925,0.736707034556705,2.849774903706326,1.1838630461458166,3.712584555203069,0.7445376940962589,1.4761564796133442,3.4714411493833808,0.49173098636261514,1.323823156620474,1.3036048158785007,2.1944212864534407,1.2142486768503602,-0.15548475495021918,0.0,1.0053444818045598,2.918144949184498,0.08285268629846243,3.0673107713879766,5.226280267123418,2.013456837194738,2.094391424896269,0.7518591741520808,0.0,0.0,0.0,2.500739534657992,3.3910254353060054,0.6822172194305587,3.1201717523540395,2.505945315547642,0.7222631145655356,2.4590235319701392,0.0,0.10370076960386498,0.14146577219285028,0.3527552357180497,4.640815812474061,-0.7497531822639125,2.1763893252630533,1.4256063351041548
1128.45,1555.31,1728.66,399.98,1235.1,1073.84,607.14,1221.87,232.35,599.62,703.46,1749.45,1536.72,2022-12-01,1581.46,1220.21,2516.63,1680.91,382.95,453.38,945.76,1476.77,1013.2,1511.9,1268.26,966.45,1036.82,999.72,988.02,849.05,561.55,577.8,1033.18,1033.59,1290.59,1150.72,1609.0,66.0,261.89,160.16,1500.88,996.67,717.33,1328.82,1410.12,892.96,763.45,641.26,550.47,1836.5,965.05,905.11,3810.45,1036.87,1808.02,81.97,1033.04,1128.45,1203.02,950.84,853.52,1038.1,1100.92,1113.64,7.5,104.91246962,18.63696818,194.3354800212596,1.1757448106748392,1.838295410165891,0.06886315312364388,-1.3533686408701229,2.7972416491946817,4.459907825082254,5.743748523171011,-4.228915901014574,1.1340149226907847,2.4427896621762812,0.19494154371724193,2.5765668030749644,2.380523897006981,1.9525959237664203,0.2716333719222419,0.9590350673020609,0.0,-1.2404788744723838,-1.7881430386087693,3.0488857346010256,1.0277652712118446,9.91073523123589,0.7902029895854312,4.925113804700132,2.6187080709957122,6.610221292635021,2.3971670594973737,1.7953363562231317,2.0526050083498504,12.948195610586932,1.0403531490835505,2.1236706452326892,-1.6170944935749887,-7.919896892488509,-0.5243805055114237,0.0,1.5575211785471055,0.9591847634188078,2.0118611279794862,1.3496133266625243,2.5969677603087327,2.7560465672694434,3.2521450275139863,-0.07230812080010196,0.0,0.0,0.0,1.8944093549266405,2.9536205164979457,-1.0411391850370322,2.3837005419490964,2.9828071783990495,0.2945880074478602,3.776117548486013,0.0,0.06681547075082506,0.24751757973509037,1.1891611965977766,4.653126379834259,0.18971175469379986,1.759246712770036,1.3784222318266868
1203.48,1658.23,1922.07,393.88,1275.95,1133.71,718.58,1298.68,246.83,651.77,734.81,1972.21,1694.5,2023-01-01,1690.88,1248.98,2929.56,1860.8,376.21,450.19,1037.93,1516.42,1116.84,1482.18,1365.84,992.76,1108.0,1023.55,1012.42,881.6,643.34,679.12,1316.93,1071.56,1383.78,1268.46,1892.69,67.73,283.18,167.41,1535.8,1131.88,824.33,1372.46,1443.0,940.08,802.81,641.26,624.07,2073.89,1071.82,940.91,3975.44,1168.15,1893.87,124.41,1762.51,1203.48,1290.0,1018.03,919.02,1101.78,1172.27,1188.03,7.5,106.32683098,18.75757273,182.6236898466865,6.437235021377674,6.407588576777989,10.605618837621922,-1.536825147833909,3.253906074003776,5.425443148093478,16.85176354270288,6.096589188831647,6.0454985028645325,8.339561771321335,4.360094602009923,11.985328855987287,9.77374371684494,6.690063247188949,2.330424312514623,15.193153615350852,10.167118934886332,-1.7756934236428101,-0.7060910064511816,9.299478699619623,2.6495023337957058,9.738962985809874,-1.98531610156083,7.412374166652302,2.6859378737330353,6.6398251771814465,2.3557016111811713,2.43958430554132,3.762036100633992,13.597253846238466,16.15700543975782,24.266184553182413,3.607735155388081,6.971940686702371,9.74157328319496,16.238622958103832,2.5874471200387106,7.815816958453947,4.4272577860783535,2.299981516108751,12.721552388420854,13.903494941085714,3.231341970118873,2.304947264002166,5.142319098556225,5.027043861767311,0.0,12.549008279998741,12.156448451472102,10.493350361623222,3.8791008803233495,4.238814140394176,11.921474104892216,4.639003074890979,41.72292362614609,53.42330178907968,0.6450405071873888,-6.215824800637826,4.66651766158865,1.2544902244574274,9.050762230364798,15.59633605266309
1241.33,1780.2,1913.86,386.93,1292.22,1154.73,733.72,1332.38,248.16,657.84,776.63,2052.51,1722.54,2023-02-01,1818.73,1302.84,3110.4,1840.82,367.92,449.02,1065.53,1537.71,1122.07,1491.81,1406.1,990.25,1119.87,1044.21,1028.39,902.68,650.74,697.21,1348.35,1113.87,1409.43,1283.22,2226.41,67.23,286.48,167.2,1552.63,1114.95,841.3,1398.3,1474.44,1030.3,867.55,641.26,651.83,2166.74,1077.3,959.45,3982.27,1244.13,1934.47,135.14,1767.08,1241.33,1325.87,1044.68,938.59,1127.0,1210.75,1232.13,7.0,99.1890292,18.82331,174.5804018005406,3.0966025552484844,7.097494909948221,-0.42805851703562325,-1.780249626328878,1.2670670300550135,1.8371109734228064,2.0850442049397344,2.5618452717448115,0.5373858868596315,0.9270001706888742,5.535208408305348,3.990869305685951,1.6412233632038031,7.28893518419147,4.221927884463739,5.989909418021178,-1.0795378260892718,-2.2281974887505385,-0.26022856957981233,2.6243982865450377,1.3942003032235029,0.4671924742735811,0.6476170839484041,2.9050290633792386,-0.2531506488065105,1.0656018816529667,1.9983641753408499,1.56509679882193,2.3629677905059765,1.1436821000809338,2.628881419992446,2.357835245779416,3.872490747596835,1.8366482315219201,1.1568977790606283,16.23913251840472,-0.7409636745866699,1.1585987833352185,-0.12551927770925175,1.089884931535856,-1.5070406237431833,2.0377379383289984,1.865246298580736,2.1553976893609494,9.16403229253362,7.755507380048687,0.0,4.352125016778263,4.379766302225363,0.5099772815698067,1.9512711537498895,0.17165746620886324,6.301518964696307,2.1211032550393583,8.272871519762859,0.2589537342158721,0.3498445607011291,-4.504230520526065,4.597027415433064,-5.952489407999373,3.085516036850404,0.4380811970033738
1269.75,1848.51,1914.9,379.52,1317.8,1186.24,748.28,1340.79,249.61,676.66,825.57,2131.51,1768.7,2023-03-01,1889.31,1344.27,3128.21,1840.82,359.07,447.88,1117.68,1561.11,1144.21,1495.58,1468.59,1001.16,1137.84,1056.12,1045.22,934.47,678.54,706.14,1346.86,1128.48,1404.25,1296.24,2226.41,67.0,289.46,167.0,1562.6,1169.23,855.49,1441.87,1634.9,1130.69,949.13,641.26,674.77,2259.58,1075.96,983.91,4044.7,1277.96,1945.46,135.14,1866.87,1269.75,1363.13,1067.55,958.81,1148.49,1239.49,1263.09,7.0,104.95558679,18.9693087,168.2944285172827,2.2636645240752706,3.7654191628945455,0.05432568380250302,-1.933650174700663,1.9602009995162817,2.692209056782424,1.964975503455424,0.6292175766604124,0.5826000367062711,2.820719043980091,6.1110010381017155,3.776721430414387,2.6444867761604485,3.8073227735146986,3.130461773220894,0.5709620695464324,0.0,-2.4348167678279964,-0.25420907880731036,4.778278040452566,1.510280996205271,1.953924879869895,0.2523943644005655,4.348284219151033,1.0957170199956678,1.5919121138213477,1.1341196533681597,1.6232917055551077,3.4611407347872714,4.18332542390516,1.2726861487989183,-0.1105665348372753,1.303115637108565,-0.3682014907313125,1.0095221927043596,0.0,-0.3426957089979865,1.0348392519280658,-0.11968882338457831,0.6400833350842738,4.753585163846541,1.6726089636444286,3.0683669168221073,10.330338371388592,9.297804387217923,8.987262848185118,0.0,3.4588100333730054,4.1955221491146055,-0.12446245906039266,2.517422583883455,1.5555373657063498,2.682856609619133,0.5665065808813985,0.0,5.493476492292171,0.7726346113152704,-3.6670394654986893,4.653537277722619,-0.5439980291506608,2.922691203728546,0.6210349229200475
1300.04,1921.46,1915.13,394.01,1298.41,1204.43,767.02,1374.88,264.41,693.78,851.01,2221.87,1793.74,2023-04-01,1967.33,1359.44,3132.1,1840.82,372.87,464.55,1166.53,1583.73,1164.1,1392.96,1489.12,1019.78,1167.28,1085.28,1057.99,932.9,706.48,713.34,1391.29,1175.67,1408.59,1336.17,2226.41,68.08,312.7,169.74,1569.15,1176.3,878.95,1455.89,1799.62,1175.77,990.64,641.26,698.52,2361.51,1093.72,992.96,4220.59,1293.64,1977.99,135.14,1868.92,1300.04,1393.8,1096.85,989.57,1168.48,1270.13,1304.18,7.0,105.73352139,19.30225263,170.7543283388153,2.3575002525679345,3.8705404564446155,0.012010349802782372,3.7468993317203214,-1.4823240522181536,1.521778500321247,2.4735637165885116,2.510746209879766,5.760122894962727,2.4985976266484577,3.0349822527865555,4.151853491141111,1.4058012138750797,4.046561046152508,1.1221735461880655,0.12427501196103918,0.0,3.7712477872140937,3.6543855695325256,4.277842174826052,1.4385717618242033,1.7233813727141722,-7.1083112090104095,1.3882584649119956,1.8427590038194275,2.554452769379445,2.723620302404939,1.214349202058962,-0.16815096846665156,4.035146204925688,1.0144646980881689,3.245541696039478,4.096660337482216,0.30858516260883206,3.033954655780491,0.0,1.5990864874153132,7.722714625433724,1.627404212477579,0.41829708952354494,0.6028506488518381,2.705360905268872,0.967651523705193,9.599389110469136,3.9095186276162153,4.280542337731141,0.0,3.4591919005172223,4.412228963601805,1.6371443414682219,0.915595180542983,4.256754657843409,1.2194893701210852,1.658272461218946,0.0,0.1097492206878492,1.73994641475268,1.4510850936111375,4.660921979684948,-0.033083670899092255,1.6362463999979524,1.691627194364614
1300.6,1935.1,1920.5,432.83,1119.36,1216.35,780.86,1400.79,268.96,718.88,894.78,2379.55,1825.27,2023-05-01,1980.42,1378.71,3223.77,1840.82,420.02,467.46,1226.59,1614.49,1172.02,892.07,1501.59,1038.31,1181.3,1079.16,1073.45,942.86,711.5,724.42,1450.92,1248.13,1370.85,1345.79,2226.41,67.38,322.02,172.85,1577.74,1208.13,912.6,1522.54,1926.83,1246.85,1058.72,641.26,757.44,2526.6,1182.68,1003.8,4339.57,1333.71,2137.41,135.14,1870.65,1300.6,1389.71,1136.39,1031.64,1168.43,1270.57,1340.71,7.0,106.63510916,19.68404762,157.1430210819627,0.0430663228017103,0.707369099687849,0.2800063357810245,9.39687515248453,-14.83833455673551,0.9848145093095617,1.7882999762219853,1.8669908603406782,1.7061740915386814,3.553953795292397,5.015399861709735,6.856221052076172,1.7425095699759474,0.66316499137411,1.4075429134973838,2.8847776050136886,0.0,11.907249576575207,0.6244588483500735,5.020443145116804,1.923629301118801,0.6780499583576294,-44.564165352662855,0.8339205249590975,1.8007473650657246,1.1939270998706952,-0.5655057483345161,1.4506879037838871,1.0619795290726763,0.7080524369359686,1.5413169585397846,4.196646367461554,5.980823333637808,-2.7158218652310495,0.7173888691466068,0.0,-1.033524628671234,2.9369390952997065,1.8156311826102112,0.545937184662737,2.6699790632229714,3.7569655247401634,4.476259536485205,6.83006340055563,5.869711865254512,6.646471135690657,0.0,8.098051525397487,6.757328047207611,7.8198319930743665,1.0857695960817537,2.780033616082278,3.050458229397446,7.751363810315759,0.0,0.09252401337143112,1.9586736544239702,-8.30694941329746,4.669412811727937,0.6028993305187136,1.4540218674692413,2.1698268095726543
1351.59,1993.6,2134.25,439.11,1152.79,1248.05,790.29,1512.3,279.47,734.15,915.55,2482.39,1872.13,2023-06-01,2035.39,1473.78,3238.41,2067.12,427.57,468.27,1297.74,1666.59,1184.88,896.76,1525.04,1073.52,1221.49,1097.15,1081.95,969.52,714.52,736.67,1471.41,1374.11,1487.6,1376.04,2226.41,71.75,330.98,178.5,1590.28,1201.69,935.64,1564.65,1962.41,1285.5,1075.04,641.26,823.93,2621.5,1298.68,1027.11,4529.18,1418.32,2190.91,135.14,1874.58,1351.59,1444.0,1175.58,1071.29,1209.99,1317.11,1393.28,13.5,109.31152674,23.06448947,154.0560294835923,3.84559807390632,2.978304487803296,10.552972810445649,1.44049099526109,2.942799772593041,2.5727762170716595,1.2004090299314818,7.6595307588375405,3.8332282648146254,2.1018922087097103,2.294709958497698,4.231041160818627,2.534889879156932,2.7378503300377055,6.668224951766799,0.45309864616562834,11.594520964552046,1.781568847122017,0.17312690676094533,5.63863284916053,3.176050537901798,1.0912747780945864,0.5243662892894463,1.5496092518729299,3.3348577401867807,3.3455898054059574,1.653294776745451,0.7887208002217427,2.788329440258952,0.4235571050776876,1.6768696036423947,1.4023286749385022,9.615981763089998,8.173309766459447,2.2228607636196607,0.0,6.283961666132409,2.744429517400526,3.2164434852059998,0.7916658034805124,-0.534481026047473,2.4933118616206507,2.728216397315908,1.829714424074158,3.052737695403618,1.5297238908090094,0.0,8.414124851896254,3.6872147616650253,9.356531432709403,2.2956235053855245,4.2765642794414305,6.150854005181827,2.472216695674234,0.0,0.2098670277898229,15.848564013749922,-1.9839988919585494,4.694201849274347,2.882677437831127,4.024659696620519,3.6980839682257796
1479.84,2147.27,2372.57,453.1,1222.27,1359.26,897.81,1780.8,296.86,779.22,940.04,2778.32,2034.78,2023-07-01,2189.08,1622.33,3644.66,2295.17,442.06,479.57,1397.23,1829.26,1256.32,920.25,1659.67,1196.0,1316.95,1168.86,1180.03,1071.36,808.55,831.5,1707.08,1593.81,1851.66,1514.09,2226.41,80.13,343.37,192.13,1631.59,1264.63,993.86,1656.09,2067.04,1310.64,1096.75,641.26,922.24,2924.58,1496.26,1111.89,5089.15,1605.51,2335.61,135.14,1976.24,1479.84,1581.05,1280.4,1174.19,1323.87,1441.25,1529.81,16.0,108.67471423,26.4227381,157.8898409447821,9.065229663183594,7.425521824896553,10.585845890024359,3.136290050912738,5.852469447323649,8.535810076791961,12.755849791583707,16.343103076458565,6.036569488816657,5.958005194110694,2.639744996245419,11.262462269867335,8.3310884853657,7.2793917516709605,9.603285863095046,11.818061403541513,10.465058067634292,3.3327601808793794,2.3844816431689786,7.386741518335871,9.313189078043571,5.854530902932353,2.585710452893153,8.459814820176437,10.803968671787434,7.524703194192206,6.331300633928905,8.677489324755516,9.988304476076948,12.363153144326944,12.109126791265279,14.85631838192445,14.832112745495785,21.89184509881885,9.560478957072238,0.0,11.046246115024871,3.675063237897991,7.3583625023916355,2.5644898132134664,5.105068992131567,6.036556455704467,5.6797245504412786,5.194432247963565,1.9367819806063835,1.9993390874483374,0.0,11.271991852652086,10.940420759978586,14.162029724289038,7.931223677953891,11.65699148541428,12.396839050927078,6.395611633722886,0.0,5.2811415109563775,13.593074875806765,2.4581216593482225,4.688359147287778,2.1127331998412657,15.02869437639892,12.760516400757476
1614.31,2329.27,2462.06,490.5,1306.51,1486.5,969.45,2076.51,309.57,840.61,969.31,2975.44,2188.36,2023-08-01,2372.97,1777.94,3865.02,2376.58,476.8,526.37,1507.6,1945.74,1349.65,970.49,1755.09,1282.56,1440.57,1255.29,1281.24,1224.44,902.87,877.77,1833.82,1733.03,2241.87,1932.31,3348.97,82.16,360.86,203.11,1767.26,1346.31,1098.96,1796.39,2172.16,1333.52,1118.89,641.26,1059.99,3139.52,1568.66,1226.82,5292.25,1758.16,2367.31,135.14,2015.42,1614.31,1725.26,1399.74,1278.52,1454.5,1575.18,1670.24,23.5,107.97244994,26.95057727,161.27673608943687,8.697364697379228,8.135764590643824,3.7024642087328807,7.93124273323258,6.6649674379529955,8.948392944084027,7.677043575305298,15.36258983337424,4.192359059911421,7.583439941477543,3.066205061857641,6.854549873831406,7.27646999040239,8.066097090755253,9.159200321322825,5.870377402397331,3.485556461182515,7.565149627984447,9.311451843548557,7.602727717635549,6.173085394936084,7.165848691168275,5.315572632982057,5.590135022888365,6.987542506575917,8.972041163157751,7.1337706748050955,8.228849711286479,13.355472717903183,11.033605846657046,5.415330168716093,7.161691432829809,8.374394533019558,19.12278049689604,24.39015799784654,40.82624130987335,2.5018249830323747,4.9681488510374905,5.557547795978479,7.987532507259054,6.258792746312203,10.052320535039616,8.131969321465338,4.96044319537603,1.7306495122824117,1.9985861378231995,0.0,13.920925972824616,7.091904136265281,4.725309049146098,9.836418562879068,3.9132663744279483,9.08263445185602,1.3481190452586667,0.0,1.963156096310481,1.977978604259878,2.1224166484173246,4.6818761014342805,1.2914830496642438,16.090037128216686,9.231304793771029
1691.04,2406.5,2709.08,503.18,1381.78,1564.03,1002.32,2166.85,320.61,879.82,1262.74,3098.92,2274.48,2023-09-01,2448.59,1870.22,3854.36,2639.83,488.05,544.43,1651.08,2002.54,1409.25,994.9,1865.28,1306.94,1545.02,1291.38,1303.12,1265.66,917.52,907.03,1952.62,1738.81,2313.97,2226.61,3348.97,81.95,380.34,207.51,1828.41,1402.41,1152.61,1878.72,2390.98,1353.36,1143.38,1460.3,1158.0,3269.45,1635.35,1265.19,5396.1,2159.23,2309.73,135.14,2145.32,1691.04,1813.73,1470.57,1346.08,1525.5,1646.99,1746.86,28.5,107.63802188,26.94091905,168.6187963076835,4.643610348129457,3.2618495994626073,9.561069596339156,2.55226799629531,5.601306310641085,5.0841460068817845,3.334369156028316,4.258590016553132,3.5041193409182547,4.558952233060332,26.445476392413525,4.066173647218818,3.859905000154029,3.137001353430957,5.060068026491216,-0.27618815957222154,10.505204169039306,2.332074386983418,3.3734988292703605,9.091063683474587,2.877400735433522,4.32123484019602,2.484113100636254,6.089103822081565,1.8830446337678275,6.999798664984613,2.8344792434923605,1.6933030071138333,3.3110128633484948,1.6095799565743363,3.279092532296435,6.277083762128299,0.3329649603684537,3.165432509799171,14.176407104955047,0.0,-0.2559260430464505,5.257551804397753,2.1431827077208254,3.4016412161339105,4.082466849221333,4.766465798476638,4.481159836666571,9.598125955662695,1.4768326532204057,2.165166556088849,82.29621821411301,8.843490503359153,4.0551853051132625,4.163509698409662,3.079685282852651,1.9432984164344802,20.548386902414606,-2.4623654840271847,0.0,6.246111499901996,-0.03584320630496407,4.45187768407358,4.678773948506639,0.8201808155052781,6.873684914282107,5.526018045529128
1749.11,2483.58,2711.63,572.29,1485.92,1604.74,1028.8,2162.97,329.18,899.73,1266.39,3207.76,2344.59,2023-10-01,2523.75,1965.88,3897.81,2639.83,556.48,613.41,1781.61,2059.57,1520.89,1080.4,1884.97,1340.68,1573.78,1323.29,1368.69,1328.56,929.18,933.24,2036.7,1732.51,2293.56,2257.17,3348.97,81.58,395.89,213.31,1886.47,1356.54,1215.88,1918.34,2369.62,1354.59,1144.4,1460.3,1182.2,3404.65,1600.43,1296.87,5552.8,2293.18,2304.39,135.14,2280.01,1749.11,1867.81,1521.79,1396.22,1578.77,1705.68,1805.43,33.5,106.99081832,27.79603182,167.8999280784902,3.3763362861638946,3.152765788860723,0.09408362329281772,12.869789694088851,7.266158595240757,2.5695926165267835,2.607576154605784,-0.1792222789199549,2.6379282411006955,2.2377377219876315,0.28863700434946793,3.4519210544614154,3.035909167873374,3.023354196191974,4.988391121677882,1.1209881877775274,0.0,13.121337154494395,11.929417832476208,7.608783063187552,2.8080848356542454,7.623804184077887,8.244439232314704,1.0500729778915918,2.548842100186466,1.8443513693198632,2.440964588089578,4.909268893821395,4.850192366497907,1.2628098716825242,2.8486876851744114,4.215879048334514,-0.36297471376345314,-0.8859468521547953,1.3631566766945546,0.0,-0.45251713004264005,4.007080536517993,2.7566975423123807,3.1260621107660924,-3.325484489852215,5.343915844426306,2.08695348449357,-0.8973719001383884,0.09084363334537215,0.08916941905114939,0.0,2.068273025732914,4.052036925951441,-2.158450557945013,2.4731360478400077,2.862583462333923,6.018782391680144,-0.23146352431684392,0.0,6.089110351932714,3.1246985120800375,-0.4272388254061177,4.672743020686552,0.0669001781384182,4.445828472345019,1.3857062466024526
1806.5,2552.51,2960.04,570.51,1651.9,1641.76,1044.07,2167.41,340.46,918.23,1274.22,3288.15,2397.55,2023-11-01,2594.35,2014.3,3889.43,2904.41,555.37,608.95,1888.02,2095.5,1565.01,1370.0,1920.27,1367.85,1573.05,1331.51,1413.71,1411.23,935.4,951.09,2074.43,1745.49,2285.33,2260.34,3348.97,81.02,416.52,214.57,1932.49,1419.99,1239.42,1938.79,2447.39,1354.59,1144.4,1466.3,1228.26,3504.2,1576.0,1334.6,5679.83,2320.61,2330.58,135.14,2283.5,1806.5,1938.9,1560.26,1423.59,1633.42,1757.89,1843.52,38.5,104.88914015,28.58558636,165.1092152732787,3.2284184465019017,2.7376121127093533,8.765285166600467,-0.3115158276965069,10.58920315333971,2.2807087441661267,1.4733462519920693,0.20506290699096041,3.369293077050184,2.03531855864183,0.6163893545878985,2.4752222353251696,2.2336836088697964,2.7590112901593855,2.4331758280016658,-0.21522396214255224,9.551575042449656,-0.19966728763236574,-0.7297391589952795,5.801121101007567,1.729496523435703,2.8596523927733486,23.747939690371034,1.8553895498958362,2.006321613190565,-0.04639589765540464,0.619257666744577,3.236337649696175,6.036601563147226,0.6671768518693888,1.8946292796693243,1.8355566157281622,0.7464094458033976,-0.35947615524944965,0.14034282249761887,0.0,-0.688809611486807,5.079808477238501,0.5889518753263268,2.4101968990907885,4.571248900070923,1.9175433792237406,1.0603838407576838,3.2292545853442434,0.0,0.0,0.4100326936607779,3.822142429031583,2.8820104767314447,-1.5382351703236097,2.8677952479561952,2.2618997664459073,1.1890581575628723,1.130116429675443,0.0,0.15295247212732122,2.8009347141485286,-1.6760970042778212,4.652903984304293,-2.0573087238058285,3.120060144198785,0.8438316216423817
1859.38,2675.31,2960.44,562.93,1733.98,1701.63,1090.39,2164.4,350.9,966.93,1280.69,3380.6,2442.95,2023-12-01,2723.09,2068.36,3896.28,2904.41,546.8,605.8,1972.63,2155.2,1621.74,1463.12,1962.13,1398.81,1670.81,1383.28,1466.09,1440.96,1034.07,962.33,2113.56,1768.2,2271.21,2214.5,3348.97,83.56,429.2,226.74,1920.23,1501.22,1304.6,1977.84,2697.38,1354.59,1144.4,1466.3,1279.11,3615.4,1562.8,1360.8,5879.22,2337.21,2364.42,135.14,2286.97,1859.38,1993.15,1597.62,1456.41,1673.42,1811.37,1894.52,41.0,107.25097832,29.0225619,159.5326223936751,2.8851827218314696,4.698807270723115,0.013512417932570742,-1.3375411148107474,4.849320368749943,3.581777808215758,4.3408893390552095,-0.138971953268463,3.0203638202745076,5.167820009993207,0.5064768489404514,2.7728111942630917,1.8758942811436974,4.843126138004372,2.6484282231471923,0.17596344501615846,0.0,-1.5551453439800689,-0.5186263939982894,4.383901688902636,2.809133829097288,3.5607433165446345,6.576040207414913,2.156481671469468,2.2381711100726065,6.029212881339685,3.814385404404952,3.638153861929716,2.0847893583237465,10.02835057443523,1.1748731894025255,1.8687312399211287,1.2926761460497538,-0.6197704924155722,-2.04886000656197,0.0,3.086889891382061,2.9988531094848447,5.516796113246247,-0.6364356289900286,5.562828153032395,5.125295212377967,1.9941272994904224,9.725878093349039,0.0,0.0,0.0,4.056598989123117,3.124025048776602,-0.8410907236909182,1.9441140612145524,3.4502797342419456,0.7127828160591321,1.4415585098877415,0.0,0.1518443690352811,1.517090669381549,-3.435873525580213,4.675171679631324,0.03801699657541846,2.923585837047155,2.4213721503568286
1984.02,2814.14,3106.06,553.89,1862.79,1826.36,1283.18,2305.71,361.37,1054.67,1321.25,3792.03,2693.38,2024-01-01,2868.26,2133.84,4809.4,3005.68,534.96,608.36,2198.76,2255.75,1701.12,1542.73,2164.5,1494.59,1789.24,1449.16,1550.19,1525.17,1154.69,1152.18,2592.58,1818.15,2494.19,2468.73,3877.85,87.05,439.3,244.69,1992.36,1611.42,1471.69,2167.67,2800.05,1401.62,1197.2,1466.3,1379.48,4074.01,1676.1,1444.79,6104.46,2684.82,2747.0,223.11,3148.2,1984.02,2138.38,1707.03,1566.75,1786.2,1934.05,2022.02,43.5,107.96756405,29.9997,159.3276072666515,6.488199063316014,5.059144721446707,4.801713605251123,-1.618917540842535,7.16560195823881,7.073829977225188,16.280594156204664,6.324546826225941,2.940108160873045,8.685709676903919,3.117926301278029,11.484828721994589,9.759058502068108,5.193830921092957,3.1167150765142537,21.05500844312047,3.4273560335082998,-2.1891127104070485,0.42169134110308093,10.852588732138102,4.559898521851036,4.778721074912795,5.298243235759337,9.815877003228213,6.6230046571917,6.848240990725696,4.652658760818706,5.577851094223707,5.679632112521915,11.032943762609548,18.00536518645064,20.42797893403092,2.785742061292673,9.365129806917327,10.867720398754077,14.662804046649391,4.091772952583295,2.325954022519028,7.618811665714098,3.687489519364995,7.083766698634086,12.051491992190222,9.164751782842817,3.73563426387884,3.412988498622216,4.510501480258888,0.0,7.5542092973903685,11.94252728330678,6.999058195229679,5.9891220183915905,3.7595551511984127,13.865577629447579,14.9976658375218,50.135364525929035,31.960306360531465,3.3113857556397175,-0.12859249050478638,4.681830849144901,0.5804733154258557,12.037368543884439,13.491549389024836
2073.88,3046.31,3121.3,555.0,1926.26,1881.27,1329.88,2371.38,376.94,1088.33,1489.88,3997.92,2788.08,2024-02-01,3110.59,2248.09,5088.88,3005.68,533.65,619.19,2354.09,2336.2,1720.17,1552.73,2240.58,1561.3,1845.4,1504.25,1609.16,1550.67,1181.98,1201.77,2694.9,1832.17,2653.2,2524.28,4490.24,87.56,466.81,246.66,2103.08,1594.78,1522.18,2357.78,2974.76,1688.56,1457.95,1466.3,1469.68,4312.1,1697.26,1505.51,6202.32,2913.33,2898.59,223.11,3163.89,2073.88,2231.86,1779.22,1622.71,1858.42,2024.65,2126.6,43.5,111.03873501,30.70415238,158.6359144955662,4.42961594671365,7.927431341285107,0.48945397165951476,0.20020026706726313,3.350493522400111,2.9622165701602476,3.5747340625444934,2.8083409121014036,4.218365939058177,3.1416489479896725,12.01173215990341,5.287273011911786,3.4556276443730383,8.110684467181528,5.215779331837478,5.648543084527091,0.0,-0.2451784385749889,1.7645360270138077,6.826067580452566,3.5043165846985858,1.1136265487954766,0.6461097729014931,3.454537302226157,4.366688582704725,3.0905107475278193,3.731035689574025,3.7334799648793826,1.658121634277876,2.3359088686883744,4.213966998201535,3.8707579030757167,0.7681556104103038,6.180243147437103,2.225202518124725,14.662527610090237,0.5841606440464275,6.073977165193778,0.801876689124903,5.408307116542943,-1.0379982162551649,3.373211758513772,8.406764038671355,6.05260893099242,18.624738420564935,19.70458424492101,0.0,6.333807345496201,5.679725204072206,1.2545519915116543,4.116772894568488,1.5903764044388424,8.168307022645838,5.371500474584057,0.0,0.49714222436314515,2.3210520512161104,-0.4350774946466629,4.709879104492594,3.268940485851868,8.093871071721793,3.0673801820752877
2139.47,3149.99,3120.83,569.66,1992.11,1942.12,1348.8,2412.34,398.23,1128.98,1684.75,4155.88,2878.32,2024-03-01,3220.4,2281.78,5080.27,3005.68,550.13,625.92,2503.01,2414.72,1746.43,1570.27,2353.26,1615.55,1893.78,1548.22,1632.56,1588.85,1197.25,1219.23,2736.49,1878.2,2696.34,2519.98,4490.24,90.79,497.79,253.38,2237.27,1719.91,1568.02,2442.84,3044.33,2044.47,1768.48,1466.3,1493.23,4492.9,1721.27,1551.59,6612.6,2943.05,3017.27,223.11,3173.51,2139.47,2306.42,1835.02,1679.9,1913.16,2091.04,2203.33,47.0,109.50893023,31.92921905,163.0699638041388,3.1136885884507137,3.3468256118050377,-0.015058962273784005,2.607157788242276,3.3614079448477163,3.1833079239358852,1.4126595666271946,1.7125166618413346,5.494370422938832,3.667015895030712,12.2921605042845,3.8749973029890583,3.185360371824597,3.4693156634395095,1.4874873314409065,-0.1693357273204299,0.0,3.0414420573423584,1.08103951320917,6.133976674493624,3.305766061429516,1.5150581150609632,1.1232907095795497,4.906683995626437,3.4156648408357526,2.587877557190499,2.881144881433162,1.4437031225976504,2.432338850656812,1.2836261873601096,1.4424041896772266,1.5314979371083837,2.481281468177965,1.6128839188894517,-0.17049085660030272,0.0,3.622487472900371,6.425597870913435,2.6879468036065113,6.185343569620372,7.553616818597053,2.9670159062012758,3.544079852857518,2.311748063585828,19.12624924903712,19.30890811348913,0.0,1.589686891748432,4.107334856395006,1.4047204389630252,3.0148500373749165,6.405350433692725,1.0149701739626593,4.01280371874142,0.0,0.30359476722132683,3.912364611347785,2.756760393387747,4.696006100543031,1.7714627724186194,4.785269738379627,2.8665721421704893
2207.5,3237.61,3419.12,595.75,2019.68,2021.99,1362.75,2480.11,410.9,1158.56,1734.87,4350.91,2979.73,2024-04-01,3313.2,2310.18,5060.54,3322.1,573.78,660.79,2618.5,2485.91,1766.51,1532.26,2507.51,1653.19,1948.31,1600.85,1662.46,1655.03,1210.33,1234.65,2746.52,1903.23,2777.73,2682.32,4490.24,91.31,519.97,256.38,2280.74,1776.83,1644.35,2482.18,3038.02,2133.69,1840.16,1466.3,1533.62,4708.07,1784.14,1600.26,6835.88,2965.23,3171.54,223.11,3363.52,2207.5,2380.47,1894.45,1739.74,1967.08,2152.78,2277.97,47.0,104.7804761,32.27132778,170.3973436175326,3.1302518687301273,2.7436125053105442,9.128421593923974,4.478142434999466,1.3744704501090332,4.030201506050002,1.0289408696799285,2.7705683243824275,3.1320148071494636,2.586328443960806,2.931529779350317,4.586081972169076,3.4625901776236923,2.840891429828396,1.2369603444216892,-0.3891212811442557,10.009328118098892,4.2091433656109345,5.421352151395009,4.510762708999572,2.9055451344112804,1.1432144411248402,-2.450380938404084,6.348862800346922,2.3031298788541044,2.838749840208088,3.3428854249756057,1.814909816935284,4.08086514473176,1.086578945747263,1.2568017157898126,0.36585784770739593,1.3238571419599943,2.9738749525900943,6.243112670306061,0.0,0.5711163244582984,4.359281626070999,1.1770380710081518,1.9243579124008647,3.255891386696419,4.75314924032002,1.5975909427541346,-0.20748566799770884,4.271428802264765,3.973210378162584,0.0,2.6689394938457234,4.677968460040205,3.5874115959290798,3.088590444117578,3.3208291030634385,0.7508142537092866,4.986482529444025,0.0,5.814981379842443,1.065760293560114,4.395369066673194,4.65186745777582,-2.747546008966495,3.6313737057949558,2.7007805811559824
2281.85,3292.35,3581.35,652.93,2162.66,2059.75,1387.35,2508.8,415.03,1178.88,1832.52,4591.01,3028.08,2024-05-01,3364.58,2399.62,5228.8,3483.87,631.73,712.67,2761.59,2552.95,1762.49,1727.97,2551.74,1688.3,1973.1,1622.57,1717.4,1699.71,1215.58,1257.32,2851.81,1961.85,2752.32,2679.5,4490.24,89.76,531.78,248.69,2351.88,1792.94,1728.45,2568.73,3066.27,2304.99,1983.64,1466.3,1603.15,4968.9,1878.4,1636.69,6809.88,3046.81,3295.58,223.11,3368.65,2281.85,2458.67,1965.82,1805.16,2043.5,2224.17,2343.71,47.0,106.44525227,32.18989545,168.6761040298751,3.3125863969277525,1.676619222850384,4.635661627912668,9.164881000174052,6.839986250377983,1.8502441225929367,1.7890735723987916,1.1501637141997811,1.0000930885225578,1.7386980546322484,5.475958613326082,5.371502481481727,1.6096062919783272,1.5388651300282774,3.7984947908664246,3.2708609270635236,4.75466317752371,9.621604008506868,7.558239125406985,5.320496607378722,2.661076356750236,-0.2278266783120486,12.020353940750095,1.748525053269745,2.101535073877425,1.264357985697373,1.3476573780431877,3.2513086148201253,2.6638512722095165,0.4328279446577987,1.8194942488377386,3.7619224647704286,3.0335462813157577,-0.9189855003081782,-0.10518817341935716,0.0,-1.7120868853861992,2.2458752374845403,-3.04535779702908,3.071505661543217,0.9025852852135863,4.987988379388408,3.4274407031660736,0.9255851764262246,7.722346282116366,7.5081016423308,0.0,4.433948992282755,5.392043004732194,5.148384423652708,2.2509793611798834,-0.3810712113256898,2.7140540532543334,3.8364902402394208,0.0,0.1524025980607746,-0.25265537710281727,-1.0152693374362975,4.667630789781209,-1.2725957495802298,3.992414441590603,1.1244259625507236
2319.29,3350.79,3583.98,649.16,2244.67,2093.22,1410.77,2505.46,425.56,1181.99,1896.16,4733.07,3075.26,2024-06-01,3423.68,2448.95,5276.96,3483.87,629.04,704.7,2902.27,2582.05,1986.17,1736.65,2584.38,1702.35,1997.67,1659.51,1745.6,1742.19,1224.55,1275.16,2959.39,1943.18,2710.57,2800.76,6548.27,88.72,553.91,236.81,2374.02,1849.32,1758.82,2612.67,3080.99,2406.28,2066.98,1466.3,1705.61,5114.28,1971.16,1673.33,6893.67,3117.62,3230.83,223.11,3373.63,2319.29,2497.86,2003.18,1836.34,2080.96,2262.0,2379.52,47.0,104.1444904,32.46274706,166.7472616252755,1.6274586892095932,1.7594543420184294,0.0734090437735091,-0.5790706532911472,3.7219571544961028,1.611893400541753,1.674020193666248,-0.13322007610190312,2.505514187357516,0.26346235065357604,3.413871968704818,3.0473997149268683,1.5460695224161825,1.741285492584943,2.0348969780561,0.9168368086879042,0.0,-0.42672399913143977,-1.1246299841440432,4.968658860617126,1.1334103805048734,11.948057922461341,0.501066100208547,1.2710154517204586,0.8287543932110175,1.2375591426650345,2.2511066108312328,1.6286816840421992,2.4685294242002165,0.7352100424867558,1.408918934022907,3.7029285600268302,-0.9562099269633251,-1.5285247502743182,4.426059896974799,37.72947401818989,-1.1654098732274853,4.077234869805402,-4.8949009065768045,0.9369712425189469,3.0961273359113584,1.741807650345173,1.6961073600168852,0.47891347151693964,4.300564846429822,4.115506400864533,0.0,6.195237421428601,2.88381393882009,4.82018512917417,2.213974334583213,1.2229100377131985,2.297474856977466,-1.9843106574482405,0.0,0.14772453548754783,0.8440590185186725,-1.1501069176792278,4.6457792656835935,-3.5564499854785936,2.1979916854126587,1.4565004052934964
2394.1,3412.26,3793.2,632.39,2425.99,2128.29,1463.58,2601.15,439.23,1206.4,1922.36,4890.87,3165.67,2024-07-01,3481.51,2547.88,6186.77,3652.55,613.44,683.87,3106.51,2669.5,2055.54,1947.35,2543.79,1719.97,2040.19,1685.84,1827.3,1817.31,1237.14,1320.38,3200.26,1959.28,2920.0,2936.21,6548.27,86.9,584.18,243.07,2381.87,1849.37,1805.9,2707.16,3070.49,2445.44,2097.75,1466.3,1765.49,5276.55,2070.9,1728.75,7034.55,3264.54,3446.02,223.11,3383.45,2394.1,2588.76,2052.66,1881.4,2152.17,2332.72,2440.33,47.0,104.89944868,32.83532727,166.1229822196752,3.1746273000444525,1.817868943638068,5.673607528746416,-2.617292701411067,7.768117143066622,1.6615290170877373,3.674983451086966,3.7481304517598346,3.161724522533582,2.044125956032339,1.3722809441467199,3.2796161183700434,2.897527302662617,1.6750111753381702,3.9602279574413757,15.906296680629417,4.728180894169931,-2.511238782598113,-3.0004339253360435,6.800672015588383,3.3307531887686537,3.433042599791847,11.451150385145148,-1.5830539030936563,1.0297199379665223,2.1061439354093103,1.5741577835664877,4.574113143174241,4.2214443241682,1.0228834478041904,3.484791302377932,7.824889048781447,0.8251252463734815,7.4424671401955855,4.722882515745752,0.0,-2.0727310770765506,5.320693584012126,2.6091335853241304,0.3301172705397981,0.002703659944636172,2.641595282671272,3.5527427962708913,-0.3413815926370134,1.6143079327638254,1.4776736973954208,0.0,3.450545424084961,3.123584803022439,4.9361093452020555,3.258295099515962,2.0230123397661615,4.60489743814918,6.448087175068018,0.0,0.2906582995453988,1.1411799113979715,-0.3750891820876845,4.653002259716372,-2.931163367112344,4.230952302597214,3.5790717018376395
2453.34,3374.74,3962.5,634.61,2632.54,2151.64,1488.04,2677.78,441.96,1237.44,2140.36,4989.92,3231.36,2024-08-01,3425.67,2710.57,6255.02,3827.57,613.47,694.86,3335.71,2726.16,2109.02,2205.54,2585.83,1736.76,2045.73,1725.71,1890.53,1836.94,1246.7,1344.26,3282.27,2000.42,2935.24,3206.23,6548.27,87.46,587.75,242.24,2444.96,1887.04,1887.76,2835.55,3056.1,2502.15,2137.66,2099.73,1824.82,5377.31,2138.05,1759.2,7292.98,3364.52,3566.73,223.11,3395.09,2453.34,2672.96,2111.82,1937.7,2225.73,2388.65,2475.57,47.0,103.22008209,33.56078095,164.1539680256127,2.444298410249157,-1.1056544047550076,4.366514917596298,0.3504344549138061,8.17094710905959,1.091150167042354,1.657432863625008,2.9034438105033367,0.6196186371473011,2.540401116524027,10.74204412852362,2.004967579841299,2.053837769211242,-1.6169034700524776,6.1897304038739165,1.0971200219143995,4.680458327970527,0.004890334255325257,1.5942545344724834,7.118564068894706,2.100283665103486,2.5684797467192766,12.450290290179922,1.639144469550935,0.9714459642590434,0.27117532379072884,2.3374604097742946,3.4017745512303854,1.0743757992012881,0.7697796321250117,1.7924101815400384,2.5303199689505007,2.078009969779604,0.5205605377357259,8.797615802074965,0.0,0.6423513713428086,0.6092532903642756,-0.3420497452087723,2.6142869417590475,2.0164423277406307,4.43318585228214,4.633580698390372,-0.4697564701451995,2.29252964496931,1.8846431060500102,35.90665440338947,3.305307978074712,1.8915774069505176,3.1910903276370917,1.746055626158327,3.607851900706649,3.0166443453794045,3.442926773201904,0.0,0.34343712483977384,2.1853164888940846,-1.1923553978729018,4.636863428011875,-4.641115379346061,3.570382157511537,1.614139141140045
2526.16,3458.59,4127.41,657.67,2734.12,2194.21,1510.48,2743.25,438.07,1266.56,2444.56,5125.8,3336.37,2024-09-01,3513.74,2745.8,6197.95,4005.15,635.61,720.68,3589.99,2775.58,2145.04,2231.59,2586.18,1762.32,2128.33,1728.69,1925.14,1872.7,1255.28,1370.75,3332.12,2049.95,2923.65,3427.09,6548.27,84.02,589.71,244.43,2479.53,1938.63,1960.37,2893.6,3065.1,2539.16,2161.26,3050.38,1921.93,5478.55,2383.09,1799.36,7452.61,4167.42,3662.16,223.11,3406.28,2526.16,2750.89,2179.86,2006.94,2288.97,2458.42,2551.92,47.0,104.86651766,33.96927143,161.3002163549875,2.925000171302905,2.454270724223484,4.07749524043286,3.5692648782672975,3.786046947984989,1.959173080028087,1.4967663338116388,2.4155255853207436,-0.8840665286362182,2.3259834555213743,13.28911084473443,2.6866732832706575,3.1980288368924192,2.538392425130276,1.291352660313283,-0.9165749141217816,4.5350895919828105,3.5453804504475883,3.6484824323157916,7.346386671879301,1.7965708758928223,1.6934815605705644,1.1741959014011982,0.013534389938740787,1.460981437395148,3.9582940632524988,0.17253362316083098,1.8141479327259624,1.9280096033580385,0.6858594899884274,1.9514359529608782,1.507348186727242,2.4458244095935555,-0.39563859769256027,6.661571248367437,0.0,-4.0126680243538715,0.3329203217638188,0.8999999106077183,1.4040263212597992,2.697207421174408,3.7742289937793494,2.0265479764949745,0.2940602001356041,1.4682955386822627,1.0979612128112493,37.345740798775395,5.184853745624363,1.8652218275397203,10.850376625158997,2.257188586328507,2.1652064966108497,21.401183124955203,2.640392761800925,0.0,0.3290516497894913,1.2098182898383048,-1.7537490373249476,4.65268828103961,-3.1542965203149365,3.5413673021051935,1.8378049504016223
2598.91,3608.18,4125.76,751.82,2814.23,2234.07,1553.97,2728.32,453.51,1274.41,2452.54,5199.55,3403.92,2024-10-01,3662.54,2899.01,6167.58,4005.15,736.54,783.89,3787.55,2805.25,2173.51,2255.9,2687.06,1807.87,2157.46,1758.99,1936.42,1879.32,1350.23,1387.07,3354.24,2019.22,2978.49,3357.13,6548.27,91.46,598.56,250.48,2502.46,1835.84,1989.14,2947.61,3075.41,2541.32,2163.08,3050.38,1986.58,5576.97,2336.37,1817.01,7615.44,4275.01,3767.75,223.11,3613.57,2598.91,2789.07,2238.55,2062.95,2346.42,2532.09,2632.62,47.0,104.07950707,34.17101818,166.5217121909413,2.839176318310166,4.234249852902394,-0.03998463673919872,13.379364783074621,2.887906046608535,1.8002961225720426,2.838546563166666,-0.5457313734117619,3.463860507011418,0.6178762420787187,0.3259074580196142,1.4285472977684677,2.0044319055042337,4.147589851298861,5.429682791753443,-0.4912051657237626,0.0,14.737837765366546,8.407349363663474,5.356995508749485,1.0632927194771824,1.3185172085535157,1.0834670522846146,3.8265775624058307,2.551823390066943,1.3593969182299048,1.7375884454766677,0.5842215106625304,0.35287694998800134,7.291629304064884,1.1835573394521681,0.6616479129753827,-1.5104104380426975,1.8583625005685,-2.0625062284166162,0.0,8.484685248867319,1.489587996201891,2.4450107662989495,0.9205221976101186,-5.447939561037707,1.4569153587213002,1.8493270839782916,0.335803042036531,0.0850313407451786,0.08417469983683645,0.0,3.308467780707325,1.7805150749392595,-1.9799522088860044,0.9761246854514738,2.1613458765118665,2.5489302269479097,2.84248690481963,0.0,5.907541662337934,0.5921528677579335,3.1858378017185274,4.645155098124626,-4.003098102920699,1.6585451762019734,0.00496379641345116
2657.23,3792.33,4124.01,749.91,2881.78,2296.82,1595.74,2736.21,462.05,1311.1,2452.77,5240.77,3447.8,2024-11-01,3861.92,2911.83,6135.59,4005.15,738.63,765.98,3945.87,2844.61,2189.92,2281.32,2704.05,1820.26,2246.6,1786.83,2023.35,1953.88,1446.2,1398.85,3380.86,2024.89,2986.61,3368.3,6548.27,93.18,609.85,258.53,2505.37,1945.77,2017.17,2983.1,3286.05,2541.32,2163.08,3050.38,1988.77,5644.37,2259.06,1859.18,7495.63,4298.88,3887.77,223.11,3618.48,2657.23,2833.41,2273.05,2094.59,2380.04,2591.17,2698.36,47.0,106.81812507,34.36471429,166.2229822209629,2.2192100468581444,4.977711583153699,-0.04242542583003939,-0.2543734266347464,2.3719469247383884,2.7700523467851568,2.6524631748809924,0.28877160461480145,1.8655790305323272,2.838315311042283,0.009377592860371209,0.7896350721072309,1.280863780641539,5.300757335090012,0.4412450110531374,-0.5200297499319717,0.0,0.28335736198652484,-2.3112644644980307,4.095009023506968,1.3933314017722687,0.7521641170527893,1.1205216397157436,0.6302990014204646,0.6829991298453741,4.048635839857884,1.5703319455747433,4.391364612706106,3.890712996335477,6.86644784493895,0.845686179592775,0.7904897809314804,0.2804079866869813,0.2722504238143131,0.3321723747232497,0.0,1.8631388158741657,1.8686254689410653,3.1632664355178086,0.11621801568884038,5.815564318596245,1.3993154485913983,1.196835577387656,6.6248009863766555,0.0,0.0,0.0,0.11017898909750912,1.2012970028063563,-3.3649645276391915,2.294323732640624,-1.5857581314470792,0.55680820890327,3.135772215213528,0.0,0.13578448031736912,0.5652427390321346,-0.17955510952036846,4.671127622520173,-1.5011459988752307,1.4691294104378667,0.0846014203137571
2684.55,3841.32,4123.21,744.87,2931.02,2360.58,1609.74,2724.64,470.47,1330.19,2454.37,5311.78,3500.78,2024-12-01,3909.87,2970.47,6120.97,4005.15,740.37,733.84,4059.98,2890.91,2201.38,2297.45,2762.73,1834.93,2370.02,1803.89,2060.76,1972.02,1464.31,1406.77,3416.21,2025.5,3005.09,3266.5,6548.27,95.74,618.66,264.33,2517.04,1981.27,2030.34,3048.97,3316.54,2541.32,2163.08,3050.38,2003.87,5730.56,2249.48,1892.28,7597.24,4315.02,4040.0,223.11,3626.9,2684.55,2870.84,2299.63,2116.73,2406.16,2618.84,2729.25,46.0,112.39872766,34.90382273,166.6951644308947,1.02288893243907,1.283545160839239,-0.019400476827513558,-0.6743492820826091,1.6942326529427731,2.738179400054186,0.8735096783500929,-0.4237441904645145,1.8059084703138772,1.4455309650190706,0.06521110287049936,1.3458561551582093,1.5249454330520607,1.2339656226551199,1.993843994334643,-0.238566236105342,0.0,0.23529422620267582,-4.286503853775336,2.8508585189582547,1.6145355872557943,0.5219422957418729,0.7045589415857201,2.14686721626558,0.8026985611497395,5.34804317046671,0.9502344024901355,1.832029319997286,0.9241258869282731,1.2444714998707695,0.5645825904948332,1.0401634445699415,0.03012055651980816,0.6168552697420893,-3.0689090748795778,0.0,2.7103077575712398,1.4342823468660448,2.2186581173419206,0.46471797413492055,1.8080267612395673,0.6507727704026856,2.184080039672942,0.9235835250843039,0.0,0.0,0.0,0.7563953671482437,1.5154669005490007,-0.4249719163182064,1.764692092073794,1.3464839380342042,0.3747435862548443,3.840896350327583,0.0,0.23242407687291688,1.5566066464121953,0.2836628350221915,4.722052617644632,3.4965139295463743,-0.2402016036722439,0.2954619264137934
2819.65,3989.45,4165.35,706.36,3146.2,2471.41,1989.18,2839.19,480.56,1403.22,2641.58,5656.88,3769.02,2025-01-01,4059.18,3101.77,6902.51,4005.15,699.92,704.48,4411.61,3022.77,2648.19,2325.18,2965.46,1877.34,2448.43,1862.95,2074.49,2077.61,1514.86,1950.22,3964.34,2057.27,3184.0,3524.21,6548.27,96.38,636.14,271.2,2543.67,2078.36,2256.16,3105.16,3390.14,2841.81,2448.7,3050.38,2116.24,6110.51,2366.43,1986.6,7713.56,4636.79,4366.13,321.98,4732.65,2819.65,3041.3,2425.31,2234.95,2539.15,2754.46,2842.51,43.5,109.83127408,35.45595909,172.8839269309394,4.909964762274033,3.783731925766176,1.0168319487865674,-5.308468396403043,7.084489009110406,4.588148641464418,21.16498182426012,4.1182490928883375,2.121989550471781,5.344780649648673,7.350711381652264,6.294550782531161,7.382921990899227,3.747685740881046,4.325272684019499,12.016453287459505,0.0,-5.618401844185694,-4.083107919395701,8.306165470544258,4.460229808881522,18.47919513283136,1.1997643172178662,7.081284245848529,2.2849547677741278,3.2548608889565678,3.2215808655071676,0.664049353887286,5.215979648402769,3.393888369298903,32.66458903273026,14.880763529044216,1.5563277511704499,5.783075036026553,7.593722237320932,0.0,0.6662527247823569,2.7862816144252456,2.565823351949259,1.0524312121021673,4.784106794575482,10.54609863928535,1.8261415182347918,2.1949147656400214,11.175754203180954,12.402413953221991,0.0,5.456061825543834,6.419698223151471,5.068341198389792,4.864218357576,1.519479556989367,7.192035696327892,7.76323412496609,36.682450843082925,26.610701039475515,1.569498027881444,3.6453644996430334,4.698945316206428,1.0917869953236625,7.233155162448429,11.15447269883506
2883.75,4115.94,4164.84,670.64,3290.27,2513.4,1901.96,2925.79,492.02,1406.77,2903.73,5833.16,3879.47,2025-02-01,4192.96,3142.19,6892.93,4005.15,656.3,701.33,4642.57,3121.82,2726.68,2436.52,2990.68,1937.04,2480.63,1889.96,2119.44,2135.06,1517.46,1780.8,4052.14,2090.96,3264.66,3781.65,6548.27,95.95,659.42,273.09,2574.37,1951.11,2320.65,3127.83,3364.77,3318.81,2834.64,3050.38,2204.83,6315.35,2384.99,2047.32,8017.35,4850.14,4528.41,321.98,4743.58,2883.75,3132.43,2481.46,2275.17,2602.16,2819.3,2911.56,43.5,107.653462,36.09402,172.2798117105831,2.2478766733695643,3.1213863817276533,-0.012244618685564035,-5.189254221532114,4.477425287301173,1.684758022958821,-4.4837560106880225,3.00457294623504,2.356727553070126,0.25267007275218134,9.461889444739846,3.06863740550245,2.8883525648435437,3.2425945662568623,1.294709274971062,-0.13888649495701344,0.0,-6.4348041318332605,-0.448140968095867,5.10283900154036,3.224253554003731,2.920836414358874,4.6773336366093154,0.8468622539511195,3.1305153384399986,1.3065557354660307,1.4394411999766987,2.1436562506012002,2.727655472932966,0.1714859010369274,-9.08794851855772,2.190575189159638,1.6243429488150163,2.5017354561223115,7.050412465425282,0.0,-0.4471488758477804,3.5941995879086086,0.694485511906695,1.1996923904568746,-6.318067978097464,2.81830657442681,0.7274229531592624,-0.751160838269449,15.51651118286106,14.635767350232154,0.0,4.100947930656584,3.2972938439371546,0.7812441080569776,3.010698599356232,3.8628124326610447,4.498525403002418,3.649385128214533,0.0,0.23068255723952547,1.7835863347974712,-0.3500459460757277,4.678917383070313,-1.0040210863988541,4.4927480107672375,-1.0800283283356562
2954.69,4319.13,4579.45,654.04,3359.26,2571.63,1915.43,2933.18,493.84,1437.88,3039.63,5958.51,3948.4,2025-03-01,4407.12,3215.72,6949.38,4439.72,635.08,703.66,4800.06,3162.02,2787.41,2445.32,3064.59,2013.33,2543.08,1925.0,2213.14,2165.37,1537.31,1788.78,4077.54,2121.42,3228.66,3770.86,6548.27,95.9,663.06,271.5,2608.39,2127.21,2359.42,3174.93,3443.02,3549.32,3040.88,3050.38,2263.38,6465.67,2380.4,2096.38,8177.61,4920.28,4495.27,321.98,4747.73,2954.69,3197.21,2513.76,2308.5,2631.97,2881.41,2981.16,41.0,111.5716225,36.970675,167.6454679700185,2.4302207911723883,4.818675247958737,9.490104406401834,-2.5063968663216585,2.0751083344624277,2.290352090738157,0.705720709968638,0.25226290351207936,0.36922120130338243,2.187351018430661,4.5739680051011256,2.1261572287883723,1.7611887194906473,4.98144864628145,2.313127380706881,0.8156198342273768,10.301027839002153,-3.286702627036586,0.33167526259942903,3.3360325621741183,1.2794898795993603,2.20280973593443,0.36052019449570594,2.441300579335426,3.8629032946014163,2.4863384677739298,1.837030291332109,4.326041876094244,1.4096498215232955,1.2996251365687606,0.44711216972093126,0.624872876880822,1.4462385120729948,-1.108843206841037,-0.28573301699967857,0.0,-0.05212405643160167,0.5504823047499663,-0.5839271811317381,1.312832877439707,8.641282055653576,1.65685072699997,1.4946111477435409,2.298938313508181,6.714975090290842,7.023200222335291,0.0,2.620886282566115,2.3523463950311907,-0.1926390670837108,2.3680426943594846,1.9791988547545714,1.4357868941818452,-0.7345151644393866,0.0,0.08744841891079602,2.399783018126067,-2.726852739877117,4.714666738939072,2.478945164785795,2.336466449613025,0.8144545689390411
3043.23,4405.98,4576.59,696.54,3515.72,2639.44,1935.01,3044.61,498.46,1457.55,3108.85,6172.43,4053.22,2025-04-01,4498.74,3246.25,6884.39,4440.4,680.89,731.39,4953.88,3270.09,2833.76,2658.13,3198.05,2051.69,2565.15,1971.98,2252.88,2243.23,1557.23,1800.11,4145.92,2217.96,3277.12,3987.63,6548.27,98.04,665.58,273.67,2634.43,2077.3,2438.54,3216.47,3505.95,3646.7,3150.62,3050.38,2318.89,6688.87,2500.02,2155.24,8531.63,4989.48,4641.74,321.98,4755.3,3043.23,3294.39,2591.8,2385.6,2718.1,2971.0,3069.31,44.5,107.38694581,38.021785,162.7502203304408,2.952571294695794,1.9908716019545025,-0.06247242460766245,6.295670991161373,4.552362907797303,2.6026834338928495,1.017035391952259,3.7285655418822117,0.9311767374626356,1.3587137389695414,2.2517085403437775,3.527215172710818,2.6201193391097277,2.0575942672058645,0.9449201145066866,-0.9395917111055141,0.015315108384328369,6.964979072735122,3.865154826025474,3.154269008784638,3.36064435882264,1.6491602456700782,8.3446874340666,4.26274569732481,1.887377612311969,0.864101159307129,2.411214640143644,1.7797076107247456,3.5325543975055496,1.2874466090181613,0.6313950909669686,1.6630852723247713,4.450217871925943,1.4897797429986426,5.58939773042777,0.0,2.206957677051946,0.37933571498776075,0.7960861604115799,0.9933667045729955,-2.3742288392541333,3.2983673439141548,1.2998900059775664,1.8112531903836881,2.706661320813275,3.5452311653873636,0.0,2.4229351662822474,3.393830924275143,4.90301910535953,2.769003852789176,4.238050163400331,1.3966256462541793,3.2063563082765256,0.0,0.15931764081962285,2.8034254103508793,-2.9634804975178675,4.676438627294358,-1.434656769142073,2.7588921781961635,0.7566344061371679
3089.74,4374.64,4579.52,745.1,3621.0,2671.36,1944.02,3125.64,494.92,1485.88,3145.81,6285.48,4117.55,2025-05-01,4456.22,3342.95,6921.97,4441.35,736.66,749.63,5107.42,3345.0,3035.95,2690.44,3220.95,2100.12,2610.55,1977.12,2293.6,2263.57,1567.14,1806.69,4166.93,2318.94,3308.14,4027.02,7483.74,96.06,664.57,274.45,2659.64,2176.8,2497.22,3272.46,3520.82,3705.31,3195.05,3050.38,2390.22,6797.2,2600.0,2195.1,8682.88,5056.41,4738.82,321.98,4758.6,3089.74,3344.68,2650.03,2443.64,2778.89,3017.96,3114.89,44.5,110.9812859,38.685355,161.1931325584958,1.516749361015357,-0.7138478395573244,0.0640009807662878,6.739321598168235,2.950589008162652,1.2020932581371824,0.46454996241216406,2.626624807837352,-0.7127212114491854,1.9250245362179896,1.1818525773058752,1.814960989187142,1.5746699334068026,-0.949648452895957,2.935316670550314,0.5443881343023094,0.021392180676649275,7.872569009232144,2.4632918255362846,3.0523276423069845,2.264918611400013,6.891993863337387,1.2081880961917868,0.7135098037840848,2.333064218270575,1.7543970658895347,0.2603126232559205,1.7913237872313914,0.9026421452966282,0.6343700159457732,0.36486676831746223,0.5054835522392054,4.452233021700902,0.9421110005471078,0.982957887285707,13.35317744046769,-2.0402562423234016,-0.15186260107613592,0.28460940177925664,0.9523935481218437,4.6786934928397805,2.3778613583234964,1.7257510738877713,0.4232391894813503,1.5944276911328714,1.400347829252624,0.0,3.029678900680466,1.6065811623509063,3.9212713185281522,1.8325517311789774,1.7572837356947701,1.3325049412429735,2.069886362408191,0.0,0.06937218453728633,1.7301819710342947,-0.961340771403929,4.70936159160302,1.76798844334769,0.6785547343767209,0.9522389653461536
3132.17,4362.88,4586.04,743.1,3715.79,2725.06,1956.76,3199.95,504.0,1507.35,3286.64,6417.44,4188.78,2025-06-01,4439.44,3388.55,6956.94,4446.25,733.17,753.6,5310.35,3392.15,3186.89,2686.92,3222.78,2111.84,2687.2,2008.04,2373.18,2335.79,1577.87,1818.73,4191.53,2340.62,3424.92,4188.46,7483.74,98.62,674.42,277.3,2688.49,2200.13,2559.92,3304.36,3515.9,3956.3,3394.55,3050.38,2480.61,6920.61,2728.35,2234.07,8937.68,5149.57,4798.94,321.98,4762.11,3132.17,3400.32,2696.71,2490.86,2829.93,3060.71,3161.02,44.5,111.53337297,39.33922632,166.1831251904608,1.3639110097223295,-0.2691840957409042,0.14227174552932098,-0.2687812396258593,2.5841076192302026,1.9902740194841506,0.6532050153467139,2.349612246390187,1.8180134725593433,1.4345952847340193,4.379435766227147,2.0777072843284117,1.7151195798156493,-0.37726306765577533,1.3548450576488236,0.5039311300993887,0.11026599974055529,-0.47488574308163223,0.5281971794056872,3.896336210601703,1.3997245069827358,4.852112926190344,-0.13091928019584032,0.056799401874307875,0.5565119444578492,2.8938832212014987,1.5517881576058379,3.410819234007345,3.140695069124977,0.6823534190937508,0.6642013484431608,0.5886268769291547,0.930566682212941,3.4692015866752968,3.9306476274639124,0.0,2.6301084559301913,1.4712847270563323,1.0330857625834078,1.078892242578,1.0660541040662608,2.4797894859752923,0.9700812904751999,-0.13983790179903366,6.5542319098033985,6.056846720159115,0.0,3.7119085757456816,1.7993153355774893,4.818558584438559,1.7597430510324585,2.8922776802710715,1.8256470715151352,1.260690062592218,0.0,0.07373400006969177,1.6761041627539885,3.048711694585915,4.714323855264109,2.175763755947724,1.7988048047982963,1.004008244174277
3196.66,4366.15,4847.18,699.84,3930.4,2769.53,2012.26,3292.32,525.4,1538.36,3374.43,6561.51,4270.37,2025-07-01,4432.92,3503.14,7776.23,4675.34,683.65,736.7,5558.99,3472.21,3242.48,2969.45,3262.52,2145.35,2721.89,2048.61,2375.22,2394.91,1595.73,1860.06,4460.88,2385.22,3609.92,4242.24,7483.74,99.57,712.7,279.03,2693.99,2276.53,2606.33,3439.46,3563.94,4103.44,3523.31,3050.38,2540.07,7064.9,2831.91,2288.79,9045.13,5260.47,4944.2,321.98,4766.98,3196.66,3500.39,2745.79,2534.29,2900.65,3119.87,3206.87,41.5,109.60470964,40.10610455,165.7599445617401,2.038045964744306,0.0749224175645935,5.538018595104788,-5.99788876750198,5.614989489649602,1.6187184491117002,2.796842433615776,2.8457298753375326,4.158360918007098,2.036377173341819,2.636065484901451,2.2201475110488644,1.9290952455493837,-0.1469733233021131,3.3257607883577123,11.133192241277001,5.024084308834986,-6.993150784307645,-2.268096957338539,4.575869063236837,2.3327340189975843,1.729294948779092,9.998119427141905,1.2255561780364133,1.574310383383981,1.282673263460321,2.000239244098978,0.0859236848415712,2.4995488203991556,1.1255475516886548,2.247028995571654,6.22802335736683,1.8875511733155825,5.26074976572577,1.2758307020440895,0.0,0.9586833604013023,5.520751226939957,0.6219350300752602,0.20436683143332246,3.413590430262037,1.7967093534344336,4.00716737580602,1.3571136442244836,3.651640125516309,3.722968431464402,0.0,2.3687142032098762,2.063494572105995,3.7254364793650296,2.4198259556224677,1.1950443648048648,2.130716032588964,2.9820112218379435,0.0,0.10221333671953658,1.9306409622991794,-0.254971949435312,4.696880344758564,0.34409965356454464,1.7835607210563509,3.0989745137824287
3261.72,4497.92,5139.92,694.85,4035.02,2791.57,2032.55,3343.43,533.05,1561.12,3444.14,6684.69,4298.77,2025-08-01,4560.67,3677.58,7978.5,4972.92,676.34,741.11,5815.3,3543.78,3284.26,2987.48,3244.05,2173.84,2760.65,2060.84,2363.87,2427.48,1607.82,1878.96,4518.38,2406.73,3658.86,4384.98,7483.74,100.55,724.49,278.23,2693.9,2278.1,2682.68,3532.29,3596.97,4200.64,3598.63,3105.32,2578.41,7198.75,2880.41,2302.45,9098.55,5415.79,4969.79,321.98,4773.33,3261.72,3577.16,2802.62,2577.15,2955.04,3178.87,3272.37,41.5,110.10023532,40.72830952,163.347890678846,2.014814888542382,2.9733453768557183,5.864042259690017,-0.7155742555812417,2.6270056466819014,0.7926530865277392,1.0032693842456197,1.5404742710989794,1.4455351145044482,1.468659846314413,2.0447814973513445,1.8599077608175918,0.6628460728371977,2.8411033427309107,4.859521800535838,2.567877895833348,6.1705305365236995,-1.0750182573517009,0.5968308633183206,4.50759382685213,2.0402675226561584,1.2802891088789181,0.6053472194022191,-0.5677353693551268,1.3192479702156312,1.4139667297407676,0.5952152286623935,-0.47899582835135845,1.3508030351766287,0.7547912408552904,1.010968701628645,1.280746653525533,0.8977616407098488,1.3466012050480813,3.3093633181975335,0.0,0.9794201818667858,1.6407384535156666,-0.2871193157890417,-0.0033408254440203677,0.06894083875899071,2.887319331832483,2.663190350744671,0.9225149945120137,2.341124831660757,2.115232880131579,1.7850596633943283,1.4981290179936657,1.876853808409784,1.698124946111168,0.5950479742431014,0.5888568841880826,2.909838448529811,0.5162413283084533,0.0,0.13311938370392795,1.5394860363564522,-1.4658399551898071,4.70139118105605,0.7087949752715872,0.8107599238237112,0.34883674017551186
3367.22,4705.79,5138.41,722.1,4138.33,2837.62,2042.39,3437.3,539.72,1581.3,4060.48,6863.98,4390.66,2025-09-01,4772.77,3832.38,7950.54,4972.92,704.62,763.21,6070.7,3610.89,3336.32,2999.87,3263.06,2197.83,2838.39,2076.89,2433.21,2462.13,1611.19,1885.83,4568.14,2461.3,3708.67,4660.45,7483.74,102.9,730.31,283.36,2740.35,2227.01,2747.73,3587.75,3625.58,4343.38,3689.48,5020.37,2642.14,7339.22,3158.79,2346.24,9362.59,6001.27,4871.41,321.98,4777.39,3367.22,3689.27,2896.19,2660.03,3046.23,3285.57,3382.09,39.0,108.00990905,41.21921364,167.4644910251405,3.183281450495734,4.517859772866117,-0.02938220529724589,3.8467638524545045,2.5281066475329794,1.6361511084365787,0.4829528349351797,2.76890533339067,1.2435258166102692,1.2843781169631363,16.462695708063002,2.6467611425523785,2.1150622203768066,4.545730658236025,4.123109295328042,-0.35105729805682273,0.0,4.096274222195362,2.9384160451652264,4.2981544320937815,1.8760325289004953,1.572704295950622,0.41387317213086305,0.5842856223971182,1.097532101667209,2.777083076734854,0.7757915812632632,2.8911266778205658,1.4173146747302745,0.2093812216294566,0.3649610005072468,1.0952597348733661,2.2420685965658826,1.3521698295303253,6.092694518858899,0.0,2.310252662134271,0.8001142492210178,1.8270064269929165,1.7095691694195558,-2.2681883606866293,2.395882140197525,1.5578879242475807,0.7922451112865048,3.341595221393412,2.4932309236000094,48.038686651033835,2.441626496941929,1.9325170110965573,9.22563977505444,1.8840273404156171,2.8606901446831756,10.265235264120598,-1.999416278452948,0.0,0.08501977326442756,1.1981081876448307,2.4889109841281787,4.682222973378367,-1.2937265104534745,2.5263794796300814,1.2774313434063032
3453.09,4866.31,5262.63,811.8,4248.26,2879.75,2052.14,3474.04,541.26,1597.14,4063.68,6955.87,4429.52,2025-10-01,4937.25,3944.09,7935.83,5104.92,799.27,829.89,6297.96,3662.53,3415.56,3042.76,3319.98,2232.68,2873.0,2099.57,2421.16,2507.56,1621.77,1897.85,4562.5,2483.66,3738.64,4744.59,7483.74,102.2,735.36,285.64,2753.22,2160.95,2811.6,3641.71,3694.11,4343.38,3689.48,5020.37,2674.76,7463.11,3103.06,2346.89,9742.75,6095.08,4918.81,321.98,4780.29,3453.09,3756.13,2966.56,2724.21,3116.41,3369.52,3473.24,38.0,107.02406637,41.73025,167.812160391536,2.5182004250398293,3.35422842641826,2.388720870062677,11.709037094766117,2.621716252529005,1.4737812162287867,0.47624603694833567,1.0631902375523694,0.28492683340157754,0.9967236214140307,0.07877737921191397,1.329845898722759,0.8811668569506992,3.3881646893870965,2.873223583361728,-0.1851902505613623,2.6197587848853843,12.604016068283475,8.375993911366564,3.6751851761570364,1.419988608035716,2.3473058852008677,1.419604387196749,1.729335338522553,1.5732147666815521,1.2119789981847262,1.08609793679868,-0.49646091047987895,1.8283339815265975,0.6545108983227799,0.6353624215470255,-0.12354009614501393,0.9043613050911503,0.8048587150867093,1.7893011585758956,0.0,-0.6825965070399675,0.6891073685144633,0.8014102646385801,0.46854863214349507,-3.0111938790203574,2.2978600061788867,1.4928086487344672,1.872538384409772,0.0,0.0,0.0,1.2270461841580094,1.6739647471862185,-1.7800321471495906,0.02770006388725932,3.980145705196314,1.5510774863317423,0.9683208420096179,0.0,0.060684184634673954,1.232178734603151,0.20739260520636904,4.673053728517137,-2.2959505000238245,0.09272740086647449,-0.7558862893498788
3482.96,4832.88,5389.93,817.35,4320.35,2904.7,2065.89,3535.97,544.21,1650.27,4075.8,7017.75,4479.94,2025-11-01,4900.19,3952.78,7903.36,5241.18,802.22,845.49,6455.01,3700.85,3472.29,3061.53,3351.93,2219.33,2893.98,2089.76,2490.76,2545.87,1643.24,1906.05,4584.12,2511.79,3843.03,4824.68,7483.74,100.35,746.49,293.18,2758.87,2306.51,2847.05,3681.9,4166.51,4343.38,3689.48,5020.37,2798.67,7563.99,2998.84,2367.42,9857.19,6097.2,4950.43,321.98,4932.3,3482.96,3802.16,3004.25,2757.43,3158.45,3396.77,3500.26,38.0,109.69553421,42.17916,168.644273833077,0.8613024605240938,-0.689338643315196,2.390149603231606,0.6813395292419422,1.6826930152973318,0.8626629922906304,0.667797519629687,1.7669478719104958,0.5435446880921013,3.272438112788212,0.29780794246416775,0.8856746426266326,1.1318427438007816,-0.753451615892331,0.2200872879443594,-0.4099962874898111,2.634188323802711,0.3684073377351105,1.8623179060310413,2.463080204802992,1.0408357560155679,1.6472856646121414,0.6149792738112225,0.9577540533022955,-0.5997309086934521,0.7275937338224736,-0.4683335010960299,2.83411206243267,1.5162269561512787,1.3151757249731943,0.4311371330341096,0.47274381716615466,1.1262367688853914,2.753920902241802,1.6739389763403167,0.0,-1.8267602527257232,1.502204582189659,2.605447818097595,0.20500398138469933,6.5187619759016435,1.2529654168401017,1.0975571733187195,12.033909558114786,0.0,0.0,0.0,4.5284647636166575,1.3426611321939674,-3.4163174179020928,0.870970716051378,1.1677719473018655,0.0347761045738082,0.6407810164329675,0.0,3.1304196583688437,1.0699974721478434,0.49463470063981774,4.697708657336776,0.08444755954508665,-0.599376802394538,0.10149100893684743
3513.87,4928.95,5393.02,793.28,4380.32,2949.95,2106.63,3499.42,560.04,1662.67,4080.93,7123.56,4539.96,2025-12-01,4996.36,4045.37,7960.73,5241.18,780.3,813.87,6561.39,3777.07,3497.61,3094.35,3406.31,2225.32,2938.55,2099.78,2534.98,2599.72,1752.0,1911.88,4605.1,2513.07,3785.64,4696.16,7483.74,101.45,773.62,296.19,2756.69,2335.83,2856.71,3703.98,4219.29,4343.38,3689.48,5020.37,2851.08,7697.23,2970.68,2402.01,10171.92,6102.52,4861.65,321.98,4936.27,3513.87,3847.35,3027.65,2774.68,3180.65,3427.95,3532.74,36.5,110.99383243,42.58609565,170.7768992919449,0.8835487237597306,1.9683420370220972,0.0573127035659482,-2.9891150850390957,1.378536358766702,1.5458106308162023,1.952838797751344,-1.0390420098985942,2.867300797220107,0.7485833070061787,0.1257857174724819,1.4964946623539532,1.3308547961690564,1.9435667438386872,2.3153888446945103,0.7232718686768891,0.0,-2.7704423340997764,-3.811569285897143,1.6345897270250376,2.03860537899363,0.7265559443700553,1.0663076919049885,1.6093294606289277,0.26953769707285247,1.52835450745199,0.4783350489629967,1.7597862675940767,2.093130857596659,6.40880898724614,0.30540133168317496,0.4566227917822019,0.05094669414420494,-1.5046156850660353,-2.6999257852446945,0.0,1.0901991029476754,3.5698575916749853,1.0214385429582862,-0.07904909432649987,1.2631728765504668,0.33872425333791867,0.5978993911885055,1.2588112514153593,0.0,0.0,0.0,1.8553565533638405,1.7461695134334931,-0.943466438952445,1.4505132257981224,3.142984466303922,0.08721512194078684,-1.8096555028538575,0.0,0.08045745663594062,0.9601546604149025,1.2566414190250619,4.709474636074921,1.1761181995669112,-0.19272886395012961,-0.5273939820795173
3683.83,,,,,,,,,,,,,2026-01-01,,,,,,,,,,,,,,,,,,,,,,,,,,,,,,,,,,,,,,,,,,,,,,,,,,,35.5,107.83631868,43.11246667,180.3914356863336,4.723497763134965,,,,,,,,,,,,,,,,,,,,,,,,,,,,,,,,,,,,,,,,,,,,,,,,,,,,,,,,1.2284398364025506,5.477111031885862,4.6806145097118845,-1.7946970387908046,,
